,v,vw,o,c,h,l,t,n,name,cierre_anterior,pct_change_1d,pct_change_5d,pct_change_10d
0,3419955.0,189.7916,189.59,190.66,190.97,188.47,2022-11-07,63681,VTI,,,,
1,4847493.0,191.5279,191.25,191.66,193.31,189.42,2022-11-08,56959,VTI,190.66,0.5244938634217933,,
2,13958461.0,187.9277,190.46,187.53,191.04,187.21,2022-11-09,70496,VTI,191.66,-2.1548575602629683,,
3,3981594.0,196.1325,194.35,198.14,198.31,193.65,2022-11-10,63249,VTI,187.53,5.657761424838692,,
4,4550171.0,199.141,198.58,200.16,200.7,197.82,2022-11-11,55987,VTI,198.14,1.0194811749268284,,
5,4248218.0,199.7847,199.26,198.35,200.92,198.21,2022-11-14,72199,VTI,200.16,-0.9042765787370066,4.033357809713634,
6,4605700.0,200.6384,201.5,200.36,202.14,198.34,2022-11-15,74446,VTI,198.35,1.0133602218301174,4.53928832307211,
7,2904962.0,198.6937,199.45,198.32,199.72,198.03,2022-11-16,58235,VTI,200.36,-1.0181672988620605,5.753746067295884,
8,3705403.0,196.8776,195.67,197.49,197.895,195.45,2022-11-17,62114,VTI,198.32,-0.4185155304558208,-0.3280508731200005,
9,3039298.0,197.9824,199.08,198.42,199.41,196.9,2022-11-18,53567,VTI,197.49,0.4709099194895927,-0.8693045563549218,
10,2962114.0,197.4872,197.72,197.58,198.21,196.65,2022-11-21,59141,VTI,198.42,-0.4233444209252979,-0.38820267204435766,3.629497534878845
11,3390268.0,199.3657,198.13,200.17,200.2864,197.79,2022-11-22,44856,VTI,197.58,1.3108614232209659,-0.09482930724696859,4.440154440154442
12,2685706.0,200.95,200.0,201.39,201.755,199.8258,2022-11-23,44499,VTI,200.17,0.609481940350709,1.5480032271077082,7.390817469204913
13,1289076.0,201.4901,201.22,201.54,201.83,201.03,2022-11-25,26675,VTI,201.39,0.07448234768359097,2.050736746164361,1.7159584132431682
14,3366776.0,199.3292,199.93,198.27,200.755,197.8037,2022-11-28,62767,VTI,201.54,-1.6225066984221437,-0.07559721802236075,-0.9442446043165353
15,2640711.0,198.0051,198.49,197.96,199.06,197.1,2022-11-29,55272,VTI,198.27,-0.15635244868109632,0.19232715861929872,-0.19662213259389327
16,4201324.0,200.0442,198.14,204.06,204.1,197.04,2022-11-30,75756,VTI,197.96,3.081430592038803,1.9433481540690467,1.8466759832301838
17,4354537.0,204.1175,204.83,204.18,205.47,202.79,2022-12-01,59049,VTI,204.06,0.05880623346075087,1.3853716669149474,2.954820492133936
18,2917063.0,202.99,201.55,203.99,204.48,201.1974,2022-12-02,70783,VTI,204.18,-0.09305514741894116,1.2156395752704219,3.29130588890576
19,3840516.0,200.7725,202.51,199.98,202.96,199.25,2022-12-05,74161,VTI,203.99,-1.9657826364037567,0.8624602814343962,0.7862110674327294
20,3901011.0,197.4189,199.91,196.98,200.05,195.84,2022-12-06,85101,VTI,199.98,-1.5001500150015001,-0.4950495049505066,-0.303674460977843
21,3438113.0,196.74,196.45,196.66,197.97,196.02,2022-12-07,65685,VTI,196.98,-0.16245304091785373,-3.626384396746063,-1.753509516910623
22,3982559.0,198.1671,197.55,198.36,198.918,196.822,2022-12-08,51695,VTI,196.66,0.8644360825790898,-2.8504260946223936,-1.5045434232086818
23,3784948.0,197.963,197.53,196.7,198.83,196.623,2022-12-09,77400,VTI,198.36,-0.8368622706190876,-3.5737045933624256,-2.4015083854321717
24,3931575.0,198.0656,197.0,199.53,199.53,196.7,2022-12-12,68058,VTI,196.7,1.4387391967463303,-0.22502250225021614,0.6354970494779844
25,4191885.0,202.0467,205.628,201.02,205.628,199.62,2022-12-13,74478,VTI,199.53,0.7467548739537921,2.0509696415879963,1.545766821580119
26,3331221.0,201.0358,200.92,199.9,202.72,198.27,2022-12-14,53002,VTI,201.02,-0.5571584916923666,1.6475134750330467,-2.0386160933058894
27,5544545.0,195.153,197.21,194.92,197.71,194.07,2022-12-15,121130,VTI,199.9,-2.491245622811411,-1.734220608993764,-4.535214026839074
28,4755411.0,192.4299,193.51,192.69,194.22,191.42,2022-12-16,118928,VTI,194.92,-1.1440591011697032,-2.0386375190645567,-5.539487229766172
29,6433831.0,191.4058,192.8,190.75,192.92,189.95,2022-12-19,88304,VTI,192.69,-1.0067984846125921,-4.400340800882074,-4.615461546154609
30,5637787.0,191.205,190.42,191.15,191.97,189.73,2022-12-20,100232,VTI,190.75,0.20969855832242423,-4.909959208039005,-2.959691339222248
31,4973432.0,193.8105,192.47,194.04,194.6516,192.2,2022-12-21,60050,VTI,191.15,1.5119016479204772,-2.931465732866445,-1.3322485507983317
32,5153889.0,189.2979,191.61,190.37,191.68,187.38,2022-12-22,93415,VTI,194.04,-1.8913626056483168,-2.334290991175858,-4.028029844726766
33,4214440.0,190.5826,190.0,191.42,191.44,189.01,2022-12-23,78877,VTI,190.37,0.5515574933025125,-0.6590897296175235,-2.684290798169797
34,6037700.0,190.8363,191.39,190.62,191.52,189.75,2022-12-27,71399,VTI,191.42,-0.41792916100720223,-0.06815203145478232,-4.465493910690121
35,5711907.0,189.5569,190.65,188.22,191.5,188.06,2022-12-28,71362,VTI,190.62,-1.2590494176896505,-1.5328276222861703,-6.367525619341363
36,5425657.0,191.5345,189.49,191.68,192.16,189.366,2022-12-29,83715,VTI,188.22,1.8382743597917361,-1.2162440733869184,-4.112056028014011
37,5979830.0,190.3539,190.18,191.19,191.27,189.28,2022-12-30,67220,VTI,191.68,-0.25563439065109383,0.43074013762671726,-1.9136055817771336
38,4092466.0,190.3996,192.38,190.41,193.36,188.93,2023-01-03,96002,VTI,191.19,-0.40797112819708214,-0.5276355657716003,-1.1832477035653155
39,3852482.0,191.7975,191.51,192.1,193.06,190.14,2023-01-04,75365,VTI,190.41,0.8875584265532366,0.7764138075752713,0.7077326343381429
40,4149991.0,190.2798,191.22,189.85,191.27,189.46,2023-01-05,66699,VTI,192.1,-1.1712649661634544,0.8660078631388846,-0.6800941668846483
41,3184261.0,192.8493,191.12,194.04,194.64,189.85,2023-01-06,60241,VTI,189.85,2.2070055306821157,1.2312186978297168,0.0
42,3888341.0,195.6597,195.457,194.12,196.8882,194.008,2023-01-09,60835,VTI,194.04,0.041228612657184804,1.5325069302787764,1.9698481903661191
43,2963520.0,194.8175,193.65,195.65,195.65,193.29,2023-01-10,46243,VTI,194.12,0.7881722645786127,2.751956304815928,2.2098004388256376
44,3435333.0,197.1282,196.55,198.23,198.25,196.1539,2023-01-11,51203,VTI,195.65,1.318681318681314,3.19104633003644,3.9922358619242315
45,3552746.0,198.7566,198.79,199.19,199.8,196.63,2023-01-12,66849,VTI,198.23,0.48428593048479573,4.919673426389259,5.828286048241416
46,2798612.0,199.0066,197.62,200.04,200.269,197.3001,2023-01-13,51980,VTI,199.19,0.4267282494101021,3.092145949288816,4.36143572621035
47,5426661.0,199.9803,200.04,199.77,200.88,199.34,2023-01-17,69217,VTI,200.04,-0.13497300539890844,2.910570780960242,4.487682410167904
48,3890198.0,198.5056,200.4,196.62,201.09,196.56,2023-01-18,81238,VTI,199.77,-1.5768133353356362,0.49578328648096637,3.2613833307074236
49,2282524.0,195.2309,195.41,195.02,196.24,194.32,2023-01-19,56274,VTI,196.62,-0.8137524158274845,-1.619331080058506,1.5200416449765886
50,2429314.0,197.1293,195.85,198.76,198.81,194.93,2023-01-20,48813,VTI,195.02,1.9177520254332725,-0.21587429087805976,4.6931788253884665
51,3438142.0,200.8577,199.2,201.28,202.16,198.7,2023-01-23,60502,VTI,198.76,1.2678607365667283,0.6198760247950519,3.7311894454751693
52,2679390.0,200.8368,200.4,200.95,201.455,199.74,2023-01-24,45138,VTI,201.28,-0.16395071542131268,0.5906792811733341,3.518442200700589
53,2801970.0,199.3525,198.95,201.05,201.2,197.59,2023-01-25,47630,VTI,200.95,0.04976362279174307,2.2530770013223567,2.760030667007407
54,2806240.0,202.3218,202.35,203.12,203.28,200.85,2023-01-26,39206,VTI,201.05,1.0295946282019353,4.15342016203466,2.466831458406915
55,4521882.0,203.9383,202.6,203.94,205.05,202.575,2023-01-27,67003,VTI,203.12,0.4037022449783434,2.606158180720475,2.3846578643506255
56,2992250.0,202.3009,202.28,201.21,203.61,201.09,2023-01-30,56937,VTI,203.94,-1.3386290085319108,-0.03477742448330101,0.5848830233953217
57,4827629.0,202.9536,201.65,204.43,204.49,201.45,2023-01-31,57516,VTI,201.21,1.6003180756423596,1.7317740731525255,2.332682584972723
58,4385573.0,205.249,203.91,206.92,208.32,202.51,2023-02-01,66469,VTI,204.43,1.2180208384287905,2.9196717234518665,5.238531176889416
59,3730807.0,209.539,209.0,210.01,210.88,208.1,2023-02-02,69745,VTI,206.92,1.4933307558476772,3.392083497439935,7.686391139370308
60,2854159.0,208.5791,207.51,207.84,210.18,207.04,2023-02-03,58458,VTI,210.01,-1.0332841293271722,1.9123271550456122,4.568323606359437
61,2841716.0,206.4066,206.41,206.28,207.07,205.5,2023-02-06,56037,VTI,207.84,-0.7505773672055405,2.5197554793499277,2.484101748807621
62,3028103.0,207.0036,206.0,208.88,209.563,205.03,2023-02-07,49856,VTI,206.28,1.2604227263913081,2.1767842293205497,3.9462552873849255
63,2945397.0,207.152,207.91,206.65,208.71,206.26,2023-02-08,47428,VTI,208.88,-1.0675986212179245,-0.13048521167600136,2.785376771947279
64,2705943.0,206.2544,208.46,204.64,208.61,204.1,2023-02-09,43118,VTI,206.65,-0.9726590854101214,-2.5570210942336136,0.748326112642772
65,2159772.0,204.4749,204.02,205.01,205.1796,203.47,2023-02-10,44194,VTI,204.64,0.18080531665363164,-1.361624326404931,0.5246641168971333
66,3467200.0,206.7271,205.41,207.45,207.5,204.99,2023-02-13,50505,VTI,205.01,1.1901858445929392,0.5671902268760798,3.101237513046051
67,2743414.0,207.1248,206.65,207.53,208.6593,205.31,2023-02-14,45982,VTI,207.45,0.03856350927935459,-0.6463040980467238,1.5164114855940936
68,2003152.0,207.3727,206.46,208.46,208.4978,206.04,2023-02-15,42204,VTI,207.53,0.4481279814966488,0.8758770868618537,0.7442489851150258
69,2458759.0,207.0011,205.97,205.68,208.02,205.54,2023-02-16,49580,VTI,208.46,-1.3335891777799147,0.5082095387021202,-2.061806580639014
70,2324041.0,204.3494,204.77,205.08,205.2327,203.531,2023-02-17,54485,VTI,205.68,-0.29171528588097795,0.03414467586948522,-1.327944572748263
71,3110758.0,201.8426,203.15,200.83,203.5,200.65,2023-02-21,87601,VTI,205.08,-2.0723620050711933,-3.1911303928657375,-2.642039945704866
72,3011715.0,200.8336,201.0,200.66,201.96,199.9296,2023-02-22,64923,VTI,200.83,-0.0846487078623781,-3.310364766539775,-3.9352738414400568
73,3440076.0,201.0204,202.09,201.73,202.458,199.38,2023-02-23,57388,VTI,200.66,0.5332403069869374,-3.2284371102369813,-2.3808371642874526
74,3020598.0,198.9666,199.29,199.48,199.93,198.16,2023-02-24,73367,VTI,201.73,-1.1153522034402452,-3.0143912874368017,-2.5215011727912406
75,2850485.0,200.7212,201.31,200.19,202.03,199.72,2023-02-27,48587,VTI,199.48,0.35592540605575707,-2.3844353423054465,-2.351104824154915
76,2299124.0,200.209,200.25,199.52,201.08,199.52,2023-02-28,50438,VTI,200.19,-0.33468205205055,-0.6522929841159208,-3.822607857315008
77,4176017.0,199.2147,199.38,200.0,200.0,198.2,2023-03-01,75573,VTI,199.52,0.2405773857257376,-0.32891458187979117,-3.6283910759890126
78,3366143.0,198.9319,197.99,200.31,200.8,197.495,2023-03-02,73236,VTI,200.0,0.15499999999999403,-0.7039111683933896,-3.9096229492468604
79,2484710.0,202.5117,201.08,203.57,203.7,200.91,2023-03-03,49202,VTI,200.31,1.6274774100144773,2.0503308602366266,-1.0258654220147823
80,3812890.0,203.9472,203.86,203.3,204.98,203.03,2023-03-06,60860,VTI,203.57,-0.13263250970181328,1.5535241520555632,-0.8679539691827554
81,3346744.0,201.1231,203.1,200.27,203.47,199.9501,2023-03-07,63063,VTI,203.3,-1.4904082636497784,0.37590216519647335,-0.27884280237016057
82,1985879.0,200.1569,200.4,200.53,201.0,199.4,2023-03-08,44737,VTI,200.27,0.12982473660558824,0.2650000000000041,-0.06478620552177183
83,2974271.0,198.8478,200.8,196.57,201.75,196.12,2023-03-09,64600,VTI,200.53,-1.9747668678003372,-1.8671059857221395,-2.5578743865562914
84,6310531.0,194.3723,196.25,193.26,197.0,192.26,2023-03-10,148423,VTI,196.57,-1.6838785165589898,-5.064596944539968,-3.1181070784038534
85,6253729.0,193.0308,190.9,192.46,195.16,190.18,2023-03-13,132612,VTI,193.26,-0.41395011901065315,-5.332021642892282,-3.8613317348518805
86,4473782.0,195.512,195.5,195.89,196.95,193.57,2023-03-14,76035,VTI,192.46,1.7821885067026866,-2.187047485894056,-1.8193664795509323
87,3855377.0,192.9922,192.63,194.38,194.4,191.53,2023-03-15,93146,VTI,195.89,-0.7708407779876469,-3.06687278711415,-2.8100000000000014
88,3225494.0,196.0567,193.33,197.74,197.91,192.8,2023-03-16,56346,VTI,194.38,1.7285728984463455,0.595207814010279,-1.2830113324347248
89,2902376.0,195.4882,197.25,195.19,197.43,194.38,2023-03-17,58743,VTI,197.74,-1.28957216546981,0.9986546621132186,-4.1165201159306335
90,2898137.0,196.533,195.75,196.89,197.38,195.29,2023-03-20,55233,VTI,195.19,0.8709462574926885,2.30177699262184,-3.1529758976881594
91,2421657.0,199.0208,198.76,199.7,200.0499,198.23,2023-03-21,42915,VTI,196.89,1.4271928487988195,1.9449691153198279,-0.2846157687122486
92,2187887.0,199.2393,199.85,196.13,201.405,196.12,2023-03-22,41631,VTI,199.7,-1.7876815222834241,0.9002983846074786,-2.1941854086670376
93,2629691.0,196.8984,196.85,195.7,198.95,194.25,2023-03-23,49897,VTI,196.13,-0.2192423392647802,-1.031657732375857,-0.44259042580251373
94,2324909.0,195.336,194.88,196.93,196.97,193.65,2023-03-24,54103,VTI,195.7,0.6285130301481923,0.8914391106101816,1.898996170961409
95,2425422.0,197.7713,198.27,197.43,198.6,196.92,2023-03-27,46414,VTI,196.93,0.2538973239222031,0.27426481791863466,2.582354775018181
96,3678717.0,196.9804,197.2,197.15,197.65,196.14,2023-03-28,46227,VTI,197.43,-0.14182241807222384,-1.276915373059584,0.6432181326254671
97,3486491.0,199.2974,199.09,199.99,200.09,198.61,2023-03-29,52982,VTI,197.15,1.4405275171189391,1.968082394330306,2.8860993929416656
98,2259151.0,200.9061,201.27,201.07,201.59,200.12,2023-03-30,41458,VTI,199.99,0.5400270013500519,2.7439959121103863,1.6840295337311462
99,2986275.0,203.127,201.57,204.1,204.19,201.57,2023-03-31,50762,VTI,201.07,1.5069378823295398,3.64088762504442,4.5647830319176075
100,3068203.0,204.1486,203.72,204.64,204.99,203.33,2023-04-03,63644,VTI,204.1,0.26457618814306194,3.6519272653598556,3.936208034943367
101,2881821.0,203.5507,205.0,203.27,205.06,202.53,2023-04-04,62319,VTI,204.64,-0.669468334636425,3.10423535379154,1.7876815222834352
102,3119362.0,202.4155,202.69,202.53,203.16,201.58,2023-04-05,52587,VTI,203.27,-0.36404781817287457,1.2700635031751561,3.2631417937082574
103,1989792.0,202.5456,202.24,203.2,203.3376,201.45,2023-04-06,38610,VTI,202.53,0.33081518787339004,1.0593325707465073,3.832396525293813
104,2545287.0,202.6754,202.0,203.66,203.68,201.65,2023-04-10,59263,VTI,203.2,0.22637795275590733,-0.21558059774620109,3.4174579799928884
105,3389481.0,204.0657,203.87,203.87,204.64,203.4,2023-04-11,58479,VTI,203.66,0.10311303152312767,-0.37627052384674453,3.2619156156612483
106,2431429.0,204.0174,205.0,203.01,205.26,202.71,2023-04-12,44626,VTI,203.87,-0.42183744543091706,-0.12790869287155893,2.9723560740552823
107,2197609.0,204.7366,203.53,205.65,205.8,203.34,2023-04-13,39274,VTI,203.01,1.3004285503177337,1.5405125166642053,2.8301415070753455
108,4142040.0,204.771,205.33,205.08,206.5,203.81,2023-04-14,62979,VTI,205.65,-0.27716994894237956,0.9251968503937169,1.9943303327199624
109,2780375.0,205.0696,205.03,205.9,205.91,204.45,2023-04-17,59095,VTI,205.08,0.39984396333136996,1.0998723362466878,0.881920627143562
110,2784451.0,205.9808,206.68,206.0,206.83,205.3,2023-04-18,52726,VTI,205.9,0.048567265662935455,1.0447834404277323,0.6645817044566238
111,2531413.0,205.7339,205.03,206.1,206.478,204.97,2023-04-19,40466,VTI,206.0,0.04854368932039055,1.5220925077582326,1.3922369262557188
112,2563130.0,204.9304,204.46,204.82,205.77,204.07,2023-04-20,44321,VTI,206.1,-0.6210577389616723,-0.40359834670556927,1.1306966869105706
113,2341577.0,204.7574,204.96,205.0,205.24,203.92,2023-04-21,42866,VTI,204.82,0.0878820427692606,-0.03900916715429137,0.8858267716535417
114,3704562.0,204.7092,204.9,205.08,205.44,204.1,2023-04-24,50383,VTI,205.0,0.039024390243902474,-0.39825157843612624,0.6972404988706771
115,2606411.0,202.8687,204.02,201.66,204.23,201.615,2023-04-25,54006,VTI,205.08,-1.6676418958455286,-2.106796116504861,-1.0840241330259515
116,2762335.0,201.4658,202.16,200.75,202.5094,200.41,2023-04-26,55559,VTI,201.66,-0.4512545869284956,-2.595827268316353,-1.1132456529235002
117,2254594.0,203.1208,201.86,204.52,204.69,201.83,2023-04-27,41519,VTI,200.75,1.8779576587795832,-0.1464700712820899,-0.5494772672015591
118,2309056.0,205.5858,204.0,206.3,206.3,204.0,2023-04-28,43934,VTI,204.52,0.8703305300215236,0.6341463414634152,0.5948897991027824
119,2838492.0,206.5505,206.0,206.2,207.18,205.99,2023-05-01,53984,VTI,206.3,-0.04847309743093442,0.5461283401599237,0.14570179698882857
120,2700634.0,203.4925,205.62,203.68,205.9,202.07,2023-05-02,77022,VTI,206.2,-1.2221144519883542,1.0016860061489608,-1.1262135922330052
121,2153981.0,203.9781,203.85,202.49,205.49,202.35,2023-05-03,44575,VTI,203.68,-0.5842498036135124,0.8667496886675119,-1.7515769044153306
122,2577646.0,201.0592,201.84,200.98,202.02,200.2,2023-05-04,72876,VTI,202.49,-0.7457158378191608,-1.7308820653236912,-1.8748169124109038
123,1942273.0,204.1629,202.85,204.69,205.27,202.7864,2023-05-05,45871,VTI,200.98,1.845954821375262,-0.780416868637912,-0.15121951219512209
124,2632608.0,204.7152,204.93,204.91,205.1,204.12,2023-05-08,51620,VTI,204.69,0.10747960330255157,-0.6256062075654656,-0.08289448020285528
125,1802529.0,204.2053,204.03,204.07,204.63,203.8,2023-05-09,38422,VTI,204.91,-0.40993606949392136,0.19147682639433228,1.1950808291183224
126,2677618.0,204.5601,205.62,204.97,205.9395,203.05,2023-05-10,47070,VTI,204.07,0.44102513843289337,1.2247518395970047,2.1021170610211692
127,2108256.0,204.2031,204.47,204.7,204.7,203.49,2023-05-11,35689,VTI,204.97,-0.13172659413572818,1.850930440839882,0.08801095247408242
128,2252503.0,203.7574,205.04,204.22,205.28,202.93,2023-05-12,41522,VTI,204.7,-0.23448949682461917,-0.22961551614636422,-1.0082404265632672
129,3240021.0,204.522,204.17,205.09,205.38,203.71,2023-05-15,54106,VTI,204.22,0.42601116443052867,0.08784344346297601,-0.5383123181377236
130,1884873.0,204.1284,204.41,203.5,204.81,203.47,2023-05-16,47409,VTI,205.09,-0.7752693939246158,-0.2793159210074947,-0.08837391987431831
131,2650070.0,205.1466,204.46,206.14,206.45,203.65,2023-05-17,41882,VTI,203.5,1.297297297297284,0.5708152412548184,1.8025581510197952
132,2370198.0,206.9611,206.0,208.19,208.37,205.82,2023-05-18,41839,VTI,206.14,0.9944697778208944,1.7049340498290322,3.5874216339934373
133,2683854.0,208.0191,208.64,207.69,208.84,207.07,2023-05-19,43991,VTI,208.19,-0.24016523368076692,1.699147977671145,1.4656309541257517
134,2229402.0,208.1544,207.68,208.05,208.81,207.2,2023-05-22,43460,VTI,207.69,0.1733352592806714,1.4432688088156453,1.5323800692987222
135,2386678.0,206.8177,207.3,205.85,207.99,205.64,2023-05-23,42357,VTI,208.05,-1.05743811583755,1.1547911547911571,0.8722497182339417
136,2083662.0,204.2182,205.0,204.26,205.13,203.69,2023-05-24,42833,VTI,205.85,-0.7724070925431148,-0.9120015523430669,-0.34639215494950415
137,2230416.0,205.3567,205.87,205.65,206.325,204.53,2023-05-25,40754,VTI,204.26,0.6805052384216248,-1.220039387098315,0.4640937957987479
138,2347048.0,207.8941,206.0,208.36,208.72,205.9702,2023-05-26,42397,VTI,205.65,1.3177729151470974,0.32259617699457177,2.027225541083144
139,2772306.0,208.6908,209.63,208.43,209.68,207.69,2023-05-30,51047,VTI,208.36,0.03359569975043275,0.18264840182649067,1.6285533180554923
140,2325393.0,207.0685,207.49,207.18,207.975,206.3031,2023-05-31,45170,VTI,208.43,-0.599721729117686,0.6461015302404727,1.808353808353802
141,2696735.0,208.6014,207.3,209.25,209.8,206.65,2023-06-01,48852,VTI,207.18,0.9991311902693312,2.4429648487222178,1.5086834190356058
142,3018681.0,212.1524,210.68,212.71,213.085,210.5,2023-06-02,56487,VTI,209.25,1.6535244922341708,3.4330172623389332,2.1710937124741925
143,2583259.0,212.6263,212.74,212.15,213.364,207.465,2023-06-05,53750,VTI,212.71,-0.2632692398100711,1.8189671722019574,2.147431267754829
144,2227748.0,212.8105,212.0,213.12,213.37,211.6367,2023-06-06,41297,VTI,212.15,0.4572236625029369,2.2501559276495664,2.436914203316509
145,2272783.0,213.0999,213.34,212.7,214.12,212.39,2023-06-07,44171,VTI,213.12,-0.19707207207207977,2.6643498407182165,3.3276657760505257
146,1943444.0,213.2174,212.63,213.7,213.97,212.085,2023-06-08,35058,VTI,212.7,0.4701457451810054,2.126642771804055,4.6215607558993455
147,2086509.0,214.203,214.1,213.93,215.08,213.41,2023-06-09,42090,VTI,213.7,0.10762751520825287,0.5735508438719394,4.02625820568927
148,2481229.0,214.8607,214.5,215.85,215.86,214.05,2023-06-12,48344,VTI,213.93,0.8974898331229886,1.744049021918448,3.5947398732962155
149,4295664.0,217.1657,216.78,217.44,217.77,216.46,2023-06-13,60205,VTI,215.85,0.7366226546212662,2.0270270270270174,4.322794223480297
150,4131038.0,217.5593,217.55,217.44,218.5293,215.7,2023-06-14,53419,VTI,217.44,0.0,2.22849083215797,4.952215464813192
151,2895122.0,219.0418,216.99,220.09,220.71,216.91,2023-06-15,52746,VTI,217.44,1.2187270051508436,2.990173139915786,5.180406212664268
152,4763693.0,219.8805,221.42,219.26,221.42,219.13,2023-06-16,57849,VTI,220.09,-0.3771184515425574,2.4914691721591,3.0793098584927847
153,3157722.0,218.0626,218.38,218.18,218.67,217.07,2023-06-20,68560,VTI,219.26,-0.4925659034935581,1.0794533240676474,2.8423285411265597
154,2713394.0,217.2923,217.82,216.98,218.0786,216.7,2023-06-21,52809,VTI,218.18,-0.5500045833715328,-0.21155261221487143,1.8111861861861867
155,2669590.0,216.9997,216.51,217.56,217.59,216.17,2023-06-22,45986,VTI,216.98,0.2673057424647407,0.055187637969100756,2.284908321579704
156,3338434.0,215.2419,215.13,214.94,215.89,214.58,2023-06-23,74097,VTI,217.56,-1.2042654899797722,-2.339951837884502,0.580252690687888
157,2846758.0,214.8389,214.8,214.19,215.82,214.14,2023-06-26,56802,VTI,214.94,-0.348934586396199,-2.3123232691781404,0.12153508156873549
158,2652712.0,215.8963,214.75,216.8,217.11,214.55,2023-06-27,50778,VTI,214.19,1.218544283113121,-0.6325052708772594,0.4401204540189996
159,4362128.0,216.5804,216.48,216.98,217.51,215.96,2023-06-28,48644,VTI,216.8,0.08302583025829868,0.0,-0.21155261221487143
160,2857869.0,217.5435,216.9,218.02,218.1,216.66,2023-06-29,53339,VTI,216.98,0.4793068485574814,0.21143592572163694,0.2667402501839611
161,3444112.0,220.3524,219.61,220.28,220.86,219.48,2023-06-30,58772,VTI,218.02,1.0366021465920472,2.4844142551409654,0.08632832023263148
162,2423617.0,220.5885,220.28,220.94,220.94,220.05,2023-07-03,50706,VTI,220.28,0.2996186671508916,3.1514076287408432,0.7662136276566756
163,3341767.0,220.301,220.08,220.27,220.6099,219.63,2023-07-05,73905,VTI,220.94,-0.30324975106362784,1.6005535055350517,0.9579246493720772
164,3404304.0,217.7337,218.54,218.31,218.54,216.8319,2023-07-06,71326,VTI,220.27,-0.8898170427202978,0.6129597197898518,0.6129597197898518
165,2771947.0,218.9498,217.91,218.04,220.08,217.81,2023-07-07,55694,VTI,218.31,-0.12367733956301086,0.009173470323808885,0.22062879205735353
166,2080530.0,218.5519,217.9,218.99,219.03,217.8004,2023-07-10,51767,VTI,218.04,0.4356998715832061,-0.5856183039767537,1.8842467665395102
167,2158194.0,219.8472,219.38,220.71,220.93,219.01,2023-07-11,47000,VTI,218.99,0.7854239919631079,-0.10410066081288916,3.044026331761529
168,3030200.0,222.5528,222.57,222.4,223.1,221.86,2023-07-12,53694,VTI,220.71,0.7657106610484243,0.9669950515276637,2.58302583025829
169,4113258.0,223.8827,223.46,224.28,224.64,223.13,2023-07-13,50820,VTI,222.4,0.8453237410071868,2.734643397004266,3.364365379297629
170,2914073.0,224.2025,224.85,223.95,224.86,223.5,2023-07-14,59165,VTI,224.28,-0.14713750668807757,2.7105118326912425,2.7199339510136644
171,2688802.0,224.6242,223.95,224.8,225.36,223.76,2023-07-17,61899,VTI,223.95,0.3795490064746776,2.6530891821544333,2.051933902306158
172,2949451.0,225.9778,224.7,226.59,226.92,224.53,2023-07-18,63041,VTI,224.8,0.7962633451957357,2.6641294005708804,2.5572553634470863
173,3106669.0,227.3176,227.08,227.18,227.76,226.68,2023-07-19,59304,VTI,226.59,0.2603821880930335,2.1492805755395583,3.1370590638761575
174,2651745.0,226.1033,226.61,225.54,227.01,225.14,2023-07-20,53590,VTI,227.18,-0.7218945329694582,0.561797752808979,3.311804314964961
175,2296817.0,225.9207,226.42,225.52,226.536,225.46,2023-07-21,48502,VTI,225.54,-0.00886760663295627,0.7010493413708518,3.4305631994129504
176,2291430.0,226.2637,226.05,226.32,226.71,225.64,2023-07-24,47777,VTI,225.52,0.3547357218871783,0.6761565836298944,3.3471848029590356
177,2084431.0,226.9272,226.02,226.89,227.5999,226.02,2023-07-25,44079,VTI,226.32,0.2518557794273457,0.13239772275916994,2.800054369987759
178,1985589.0,226.6713,226.43,227.06,227.77,226.05,2023-07-26,42568,VTI,226.89,0.07492617567985693,-0.05282155119289422,2.0953237410071823
179,4730599.0,227.1234,228.81,225.31,228.965,224.83,2023-07-27,76519,VTI,227.06,-0.7707213952259262,-0.101977476279147,0.45924736935973876
180,2260779.0,227.5521,227.17,227.66,228.03,226.7701,2023-07-28,47615,VTI,225.31,1.0430074120101107,0.9489180560482424,1.656619781201174
181,2659508.0,228.0576,228.12,228.35,228.56,227.56,2023-07-31,60063,VTI,227.66,0.3030835456382386,0.8969600565570834,1.5791814946619187
182,3062774.0,227.5951,227.65,227.73,228.0,227.07,2023-08-01,63144,VTI,228.35,-0.27151302824611756,0.3702234563004003,0.5031113464848413
183,4243193.0,224.9718,225.99,224.5,226.14,224.07,2023-08-02,87322,VTI,227.73,-1.4183462872700114,-1.1274552981590746,-1.1796813099744674
184,2927252.0,223.8848,223.48,223.85,224.7699,222.99,2023-08-03,62983,VTI,224.5,-0.2895322939866385,-0.6479960942701202,-0.7493127604859429
185,3024603.0,224.2801,224.74,222.9,225.84,222.61,2023-08-04,63812,VTI,223.85,-0.42439133348223246,-2.0908372133883857,-1.1617594891805583
186,2376584.0,224.0555,223.72,224.61,224.71,223.2194,2023-08-07,54163,VTI,222.9,0.7671601615073964,-1.6378366542588063,-0.7555673382820705
187,2796353.0,222.5869,223.2,223.57,223.768,221.7,2023-08-08,71328,VTI,224.61,-0.4630247985397018,-1.8267246300443518,-1.4632641368063748
188,2203402.0,222.7181,223.66,221.97,223.69,221.56,2023-08-09,47815,VTI,223.57,-0.7156595249809827,-1.1269487750556806,-2.2416982295428545
189,3033313.0,222.901,223.24,222.01,224.878,221.34,2023-08-10,56502,VTI,221.97,0.018020453214395715,-0.8219790037971908,-1.4646487062269786
190,2220365.0,221.6532,221.1,221.8,222.41,220.77,2023-08-11,54165,VTI,222.01,-0.09459033376874038,-0.4934948407357531,-2.5740138803478807
191,2435097.0,222.2469,221.32,222.9,222.92,221.05,2023-08-14,50436,VTI,221.8,0.4959422903516586,-0.7613196206758377,-2.3866871031311576
192,2997270.0,220.9259,222.0,220.37,222.24,220.04,2023-08-15,64711,VTI,222.9,-1.1350381336922344,-1.4313190499619766,-3.231897422386154
193,2933529.0,219.7084,220.13,218.55,220.96,218.55,2023-08-16,62198,VTI,220.37,-0.8258837409810704,-1.5407487498310557,-2.650334075723826
194,3135922.0,218.1168,219.28,216.76,219.5,216.55,2023-08-17,67503,VTI,218.55,-0.8190345458705228,-2.3647583442187314,-3.1672995309358964
195,2933259.0,216.456,215.23,217.01,217.56,215.03,2023-08-18,74075,VTI,216.76,0.11533493264439532,-2.1596032461677295,-2.6424405563032827
196,2755426.0,217.5392,217.41,218.26,218.68,216.36,2023-08-21,58770,VTI,217.01,0.5760103221049695,-2.0816509645581016,-2.827122568006779
197,2892264.0,218.0199,219.22,217.68,219.22,217.38,2023-08-22,53788,VTI,218.26,-0.265738110510394,-1.220674320461046,-2.6345216263362614
198,2560157.0,219.6478,218.08,220.06,220.4,218.08,2023-08-23,44829,VTI,217.68,1.0933480338110924,0.6909174102036175,-0.8604766409875175
199,3099433.0,218.8366,220.7,217.11,221.14,217.08,2023-08-24,58678,VTI,220.06,-1.3405434881395895,0.16146890570216677,-2.207107787937468
200,3631038.0,217.9386,217.98,218.59,219.24,216.05,2023-08-25,59949,VTI,217.11,0.6816820966330406,0.728077047140685,-1.4472497745716906
201,2364716.0,219.7173,219.57,219.99,220.32,219.1,2023-08-28,50042,VTI,218.59,0.6404684569284891,0.7926326399706918,-1.3055181695827756
202,3160291.0,222.0151,219.94,223.19,223.32,219.8,2023-08-29,51968,VTI,219.99,1.4546115732533282,2.5312385152517436,1.2796660162454065
203,2420846.0,223.9713,223.25,224.18,224.5,223.046,2023-08-30,43289,VTI,223.19,0.44356826022671214,1.8722166681814034,2.5760695493022068
204,3043967.0,224.5623,224.5,223.94,225.1785,223.88,2023-08-31,49074,VTI,224.18,-0.10705682933357386,3.145870756759228,3.3124192655471507
205,3047624.0,224.6318,225.34,224.68,225.78,223.96,2023-09-01,56237,VTI,223.94,0.33044565508619783,2.786037787638951,3.5343993364361115
206,2531516.0,223.7497,224.26,223.34,224.64,223.28,2023-09-05,59938,VTI,224.68,-0.5964037742567263,1.5227964907495783,2.327499312746273
207,2473650.0,221.8338,222.99,221.94,223.18,220.75,2023-09-06,54770,VTI,223.34,-0.6268469597922488,-0.5600609346296914,1.957001102535827
208,2964686.0,220.8434,220.38,221.18,221.5,220.08,2023-09-07,52424,VTI,221.94,-0.342434892313237,-1.3382103666696454,0.5089521039716383
209,2244708.0,221.6536,221.21,221.42,222.176,220.98,2023-09-08,41869,VTI,221.18,0.10850890677276404,-1.125301420023228,1.9851688084381092
210,2087940.0,222.5446,222.66,222.81,223.04,221.95,2023-09-11,46698,VTI,221.42,0.6277662361123815,-0.8322948192985624,1.93055492017018
211,2448512.0,222.1715,222.14,221.73,222.97,221.4499,2023-09-12,42510,VTI,222.81,-0.4847179210986985,-0.720874003761085,0.7909450429564924
212,1989996.0,221.7932,221.79,221.76,222.3,221.0992,2023-09-13,37076,VTI,221.73,0.01352996888106528,-0.08110300081103361,-0.6407097092163694
213,2002386.0,223.3093,222.85,223.66,223.98,222.34,2023-09-14,38042,VTI,221.76,0.8567821067821058,1.1212587033185617,-0.23195646355607114
214,2639169.0,221.629,222.89,221.03,222.92,220.76,2023-09-15,60858,VTI,223.66,-1.1758919788965372,-0.17613585042001167,-1.299455211217293
215,2259567.0,221.1406,220.91,221.05,221.685,220.55,2023-09-18,56880,VTI,221.03,0.009048545446321832,-0.789910686234907,-1.615631119814842
216,2978021.0,219.9969,220.61,220.49,220.87,219.17,2023-09-19,66070,VTI,221.05,-0.25333634924225024,-0.5592387137509536,-1.276081311005639
217,2448369.0,220.2315,221.13,218.54,221.49,218.445,2023-09-20,45552,VTI,220.49,-0.884393850061238,-1.4520202020201989,-1.5319455708750152
218,4194994.0,215.2292,216.36,214.09,216.42,213.98,2023-09-21,111967,VTI,218.54,-2.0362405051706722,-4.278816060091206,-3.2055339542454098
219,3262885.0,214.5125,214.6796,213.64,215.3,213.4,2023-09-22,73954,VTI,214.09,-0.21019197533748146,-3.343437542415062,-3.5136844006864787
220,3440029.0,213.7216,213.15,214.5,214.5,212.75,2023-09-25,70095,VTI,213.64,0.402546339636789,-2.9631305134585006,-3.729635115120511
221,4371935.0,212.2292,213.06,211.41,213.43,211.01,2023-09-26,84001,VTI,214.5,-1.4405594405594413,-4.118100594131258,-4.654309295088622
222,4407264.0,211.3621,212.12,211.63,212.46,209.8401,2023-09-27,82968,VTI,211.41,0.1040631947400783,-3.161892559714463,-4.568001443001446
223,2952364.0,212.7179,211.42,213.03,213.87,211.14,2023-09-28,44414,VTI,211.63,0.6615319189150926,-0.49511887523938647,-4.752749709380311
224,4441367.0,213.1691,214.55,212.41,214.67,211.79,2023-09-29,70566,VTI,213.03,-0.29103882082336385,-0.5757348811084029,-3.8999230873637103
225,4358137.0,211.7062,212.2,212.13,212.85,210.74,2023-10-02,82819,VTI,212.41,-0.1318205357563218,-1.1048951048951094,-4.035286134358751
226,4389145.0,209.3202,211.0,209.05,211.69,208.3299,2023-10-03,103871,VTI,212.13,-1.451939848206285,-1.1163142708481066,-5.188443920359198
227,3045402.0,209.6033,209.23,210.56,210.89,208.4,2023-10-04,58003,VTI,209.05,0.7223152355895657,-0.5055993951708193,-3.65150544522741
228,2679653.0,209.892,210.38,210.45,210.86,208.78,2023-10-05,48864,VTI,210.56,-0.05224164133739162,-1.2110970285875267,-1.7002195338409187
229,3666530.0,211.4426,209.06,212.96,213.775,208.57,2023-10-06,63629,VTI,210.45,1.1926823473509263,0.2589331952356444,-0.3182924545965027
230,2869741.0,213.0588,211.91,214.3,214.65,211.755,2023-10-09,49175,VTI,212.96,0.6292261457550685,1.0229576203271584,-0.09324009324008786
231,3494612.0,215.9744,214.6,215.63,216.95,214.57,2023-10-10,47331,VTI,214.3,0.6206252916472144,3.14757235111216,1.9961212809233242
232,3033014.0,215.7896,216.2,216.48,216.63,214.88,2023-10-11,48688,VTI,215.63,0.39419375782590027,2.8115501519756725,2.2917355762415603
233,3244177.0,215.2754,216.63,214.74,216.715,213.53,2023-10-12,53037,VTI,216.48,-0.8037694013303676,2.0384889522451877,0.8027038445289403
234,3269321.0,213.9385,215.53,213.53,216.01,212.75,2023-10-13,61219,VTI,214.74,-0.5634721058023651,0.26765589782118404,0.5272821430252872
235,3361558.0,215.873,214.73,216.01,216.46,214.56,2023-10-16,58036,VTI,213.53,1.1614293073572757,0.7979468035464121,1.82906708150663
236,3627690.0,216.0641,214.37,216.29,217.38,214.17,2023-10-17,55344,VTI,216.01,0.1296236285357244,0.30607985901776047,3.4632862951446963
237,3254961.0,214.2277,215.11,213.09,215.63,212.59,2023-10-18,57209,VTI,216.29,-1.4794951222895092,-1.5659645232815933,1.201557750759874
238,4322728.0,212.4979,213.4,211.08,214.35,210.69,2023-10-19,67432,VTI,213.09,-0.9432634098268333,-1.7043867001955815,0.299358517462589
239,4447576.0,209.4451,210.86,208.47,211.05,208.38,2023-10-20,85140,VTI,211.08,-1.2364980102330891,-2.3696904416241282,-2.1083771600300616
240,5472980.0,208.6752,207.67,207.9,209.97,206.66,2023-10-23,86999,VTI,208.47,-0.2734206360627378,-3.7544558122309057,-2.9864675688287434
241,3180907.0,209.3081,209.0698,209.47,210.21,208.12,2023-10-24,50867,VTI,207.9,0.7551707551707532,-3.153173979379531,-2.856745350832446
242,3454535.0,207.1179,208.45,206.36,208.535,206.0898,2023-10-25,69152,VTI,209.47,-1.4846994796390844,-3.158289924445068,-4.674796747967469
243,4133356.0,204.9565,205.92,204.22,206.3599,203.63,2023-10-26,85976,VTI,206.36,-1.037022678813726,-3.2499526245973187,-4.898947564496603
244,4290651.0,203.6857,205.0,203.12,205.11,202.44,2023-10-27,84336,VTI,204.22,-0.5386348056018009,-2.5663164963783736,-4.875193181285997
245,3560861.0,204.8272,204.53,205.46,205.98,203.76,2023-10-30,60463,VTI,203.12,1.1520283576211154,-1.1736411736411712,-4.884033146613575
246,3325262.0,206.1193,205.63,206.79,206.995,204.82,2023-10-31,52037,VTI,205.46,0.6473279470456506,-1.2794194872774223,-4.39225114429701
247,5789255.0,208.1042,207.14,208.86,209.22,206.87,2023-11-01,73679,VTI,206.79,1.0010155229943418,1.2114750920721118,-1.9850767281430315
248,4111550.0,212.2023,210.85,213.01,213.11,210.85,2023-11-02,65905,VTI,208.86,1.986976922340311,4.304181764763482,0.9143452719347911
249,4217119.0,215.4728,214.32,215.41,216.2,214.27,2023-11-03,61339,VTI,213.01,1.1267076663067588,6.0506104765655655,3.329016165395493
250,2915024.0,215.273,215.83,215.5,216.066,214.47,2023-11-06,54794,VTI,215.41,0.04178079012115976,4.886595931081472,3.6556036556036453
251,3194330.0,216.0086,215.38,216.14,216.5,214.9,2023-11-07,47293,VTI,215.5,0.2969837587006863,4.521495236713569,3.1842268582613187
252,2813801.0,215.9089,216.34,216.11,216.72,215.0,2023-11-08,42056,VTI,216.14,-0.013879892662149729,3.4712247438475563,4.724752859081227
253,2771197.0,215.3646,216.63,214.27,216.78,214.06,2023-11-09,45701,VTI,216.11,-0.8514182592198383,0.5915215248110561,4.9211634511800995
254,3303916.0,215.9816,215.1,217.46,217.61,214.45,2023-11-10,42572,VTI,214.27,1.4887758435618625,0.9516735527598685,7.059866089011413
255,2829434.0,217.1306,216.81,217.33,217.8595,216.34,2023-11-13,46803,VTI,217.46,-0.05978110916949886,0.8491879350348119,5.7772802491969255
256,4055052.0,221.9562,220.51,222.15,222.78,220.51,2023-11-14,53668,VTI,217.33,2.217825426770337,2.7806051633200823,7.427825330044979
257,2819245.0,223.0483,222.86,222.7,223.8,222.29,2023-11-15,44400,VTI,222.15,0.2475804636506762,3.0493730044884426,6.6264483385999995
258,2754455.0,222.2022,222.3,222.55,222.88,221.6034,2023-11-16,41526,VTI,222.7,-0.06735518634933824,3.8642833807812638,4.478662973569336
259,3124318.0,222.8986,222.8659,223.11,223.44,222.42,2023-11-17,47766,VTI,222.55,0.2516288474500028,2.5981789754437656,3.574578710366283
260,2876890.0,224.2449,223.11,224.79,225.25,223.0,2023-11-20,53579,VTI,223.11,0.7529917977679101,3.4325679841715306,4.310904872389787
261,2513822.0,224.0981,224.25,224.18,224.43,223.61,2023-11-21,41892,VTI,224.79,-0.27136438453667644,0.9137969840198101,3.7198112334598132
262,2880548.0,225.1488,224.85,225.14,225.76,224.53,2023-11-22,40480,VTI,224.18,0.4282273173342732,1.0956443646160663,4.178427652584316
263,1219467.0,225.2345,225.04,225.38,225.44,225.01,2023-11-24,21834,VTI,225.14,0.10660033756773046,1.2716243540777272,5.185046903439572
264,2409965.0,225.1921,225.12,225.09,225.53,224.77,2023-11-27,48528,VTI,225.38,-0.12867157689235853,0.8874546187978893,3.508691253563878
265,2761895.0,225.1014,224.77,225.23,225.905,224.45,2023-11-28,42481,VTI,225.09,0.06219734328489768,0.19573824458383182,3.6350250770717185
266,2653679.0,226.0713,226.38,225.33,227.19,225.11,2023-11-29,43013,VTI,225.23,0.044399058739963415,0.5129806405566928,1.431465226198525
267,3147997.0,225.475,225.73,226.26,226.385,224.82,2023-11-30,47093,VTI,225.33,0.4127279989348809,0.49746824198277917,1.598563089357885
268,4078686.0,227.312,225.99,228.17,228.33,225.585,2023-12-01,65914,VTI,226.26,0.844161584018388,1.2379093087230508,2.5252752190518812
269,3837805.0,226.838,226.58,227.35,227.43,226.08,2023-12-04,77153,VTI,228.17,-0.35938116316781565,1.0040428273135227,1.9004078705571192
270,3019047.0,226.7802,226.58,226.91,227.4535,226.205,2023-12-05,45533,VTI,227.35,-0.19353419837254693,0.7459041868312477,0.9431024511766584
271,3172934.0,226.9761,227.89,225.95,228.1596,225.88,2023-12-06,48181,VTI,226.91,-0.423075228063996,0.2751519992899132,0.7895441163350725
272,2724304.0,227.5417,226.99,227.76,228.05,226.71,2023-12-07,41924,VTI,225.95,0.8010621818986596,0.6629541235746439,1.1637203517811168
273,2740235.0,228.4018,227.36,228.85,229.09,227.27,2023-12-08,48660,VTI,227.76,0.4785739374780551,0.2980234036025875,1.5396219717809911
274,3076566.0,229.2236,228.69,229.79,229.83,228.51,2023-12-11,54448,VTI,228.85,0.41074939916976305,1.0732351000659834,2.0880536674219075
275,3214921.0,230.004,229.59,230.66,230.7801,228.96,2023-12-12,45765,VTI,229.79,0.3786065538100125,1.6526376096249518,2.410868889579554
276,4231060.0,232.0377,230.77,234.24,234.425,230.545,2023-12-13,64785,VTI,230.66,1.55206797884333,3.6689533082540526,3.954200505924632
277,5014530.0,235.6408,235.66,235.63,236.58,234.19,2023-12-14,67223,VTI,234.24,0.5934084699453557,3.4553916403231577,4.14125342526297
278,4298616.0,235.2784,234.79,235.31,235.9387,234.63,2023-12-15,64182,VTI,235.63,-0.13580613673980224,2.822809700677298,3.129245737827069
279,3855054.0,236.3757,235.86,236.33,236.815,235.82,2023-12-18,69079,VTI,235.31,0.4334707407249949,2.846076852778623,3.949857048603489
280,3731693.0,237.6109,236.72,238.06,238.095,236.72,2023-12-19,54862,VTI,236.33,0.7320272500317415,3.208185207664971,4.9138424926182145
281,5149738.0,237.1175,237.74,234.51,238.69,234.44,2023-12-20,73262,VTI,238.06,-1.491220700663698,0.11526639344261458,3.788448771852182
282,4427026.0,235.1169,235.08,236.09,236.17,234.06,2023-12-21,60778,VTI,234.51,0.6737452560658497,0.19522132156346572,3.6573586231120503
283,3662383.0,236.8428,236.5896,236.63,237.515,235.64,2023-12-22,60667,VTI,236.09,0.22872633317803093,0.5609621350558758,3.3996067292986654
284,3829400.0,237.5316,236.98,237.8,238.31,236.8559,2023-12-26,59244,VTI,236.63,0.49444280099735227,0.6220115939576054,3.48579137473346
285,5103732.0,237.9578,238.0,238.25,238.44,237.47,2023-12-27,62196,VTI,237.8,0.18923465096718495,0.07981181214820054,3.290557530564464
286,4099416.0,238.4654,238.25,238.13,238.7399,238.13,2023-12-28,78091,VTI,238.25,-0.05036726128017088,1.5436441942774382,1.6606898907103762
287,4188762.0,237.4897,238.14,237.22,238.47,236.48,2023-12-29,71842,VTI,238.13,-0.3821442069457892,0.47863103053920053,0.6747867419258924
