,TPM_value,TPM_var,TDES_value,TDES_var,IPC_value,IPC_var,PIB_value,PIB_var,BC_value,BC_var
2020-01-01,1.55,0.0,3.5,-0.092,259036.99999999997,0.005,21978747.0,-0.009000000000000001,-43950.0,-0.012
2020-01-02,1.55,0.0,3.5,0.0,259043.80645161288,0.003,21958026.934065934,-0.094,-43842.290322580644,-0.245
2020-01-03,1.55,0.0,3.5,0.0,259050.6129032258,0.003,21937306.86813187,-0.094,-43734.58064516129,-0.246
2020-01-04,1.55,0.0,3.5,0.0,259057.4193548387,0.003,21916586.802197803,-0.094,-43626.87096774193,-0.246
2020-01-05,1.55,0.0,3.5,0.0,259064.22580645158,0.003,21895866.736263737,-0.095,-43519.16129032258,-0.247
2020-01-06,1.55,0.0,3.5,0.0,259071.0322580645,0.003,21875146.67032967,-0.095,-43411.45161290323,-0.247
2020-01-07,1.55,0.0,3.5,0.0,259077.8387096774,0.003,21854426.604395606,-0.095,-43303.74193548387,-0.248
2020-01-08,1.55,0.0,3.5,0.0,259084.6451612903,0.003,21833706.53846154,-0.095,-43196.032258064515,-0.249
2020-01-09,1.55,0.0,3.5,0.0,259091.4516129032,0.003,21812986.472527474,-0.095,-43088.32258064516,-0.249
2020-01-10,1.54,-0.645,3.5,0.0,259098.25806451612,0.003,21792266.40659341,-0.095,-42980.6129032258,-0.25
2020-01-11,1.54,0.0,3.5,0.0,259105.064516129,0.003,21771546.34065934,-0.095,-42872.903225806454,-0.251
2020-01-12,1.54,0.0,3.5,0.0,259111.8709677419,0.003,21750826.274725273,-0.095,-42765.1935483871,-0.251
2020-01-13,1.54,0.0,3.5,0.0,259118.67741935482,0.003,21730106.208791208,-0.095,-42657.48387096774,-0.252
2020-01-14,1.54,0.0,3.5,0.0,259125.48387096773,0.003,21709386.14285714,-0.095,-42549.77419354839,-0.252
2020-01-15,1.54,0.0,3.5,0.0,259132.29032258064,0.003,21688666.076923076,-0.095,-42442.06451612903,-0.253
2020-01-16,1.54,0.0,3.5,0.0,259139.09677419355,0.003,21667946.01098901,-0.096,-42334.354838709674,-0.254
2020-01-17,1.55,0.649,3.5,0.0,259145.90322580643,0.003,21647225.945054945,-0.096,-42226.645161290326,-0.254
2020-01-18,1.55,0.0,3.5,0.0,259152.70967741933,0.003,21626505.87912088,-0.096,-42118.93548387097,-0.255
2020-01-19,1.55,0.0,3.5,0.0,259159.51612903224,0.003,21605785.813186813,-0.096,-42011.22580645161,-0.256
2020-01-20,1.55,0.0,3.5,0.0,259166.32258064515,0.003,21585065.747252747,-0.096,-41903.51612903226,-0.256
2020-01-21,1.55,0.0,3.5,0.0,259173.12903225806,0.003,21564345.68131868,-0.096,-41795.8064516129,-0.257
2020-01-22,1.55,0.0,3.5,0.0,259179.93548387097,0.003,21543625.615384616,-0.096,-41688.096774193546,-0.258
2020-01-23,1.55,0.0,3.5,0.0,259186.74193548385,0.003,21522905.54945055,-0.096,-41580.3870967742,-0.258
2020-01-24,1.55,0.0,3.5,0.0,259193.54838709676,0.003,21502185.483516484,-0.096,-41472.67741935484,-0.259
2020-01-25,1.55,0.0,3.5,0.0,259200.35483870967,0.003,21481465.41758242,-0.096,-41364.967741935485,-0.26
2020-01-26,1.55,0.0,3.5,0.0,259207.16129032258,0.003,21460745.351648353,-0.096,-41257.25806451613,-0.26
2020-01-27,1.55,0.0,3.5,0.0,259213.96774193548,0.003,21440025.285714287,-0.097,-41149.54838709677,-0.261
2020-01-28,1.55,0.0,3.5,0.0,259220.7741935484,0.003,21419305.21978022,-0.097,-41041.83870967742,-0.262
2020-01-29,1.55,0.0,3.5,0.0,259227.58064516127,0.003,21398585.153846152,-0.097,-40934.12903225807,-0.262
2020-01-30,1.6,3.2259999999999995,3.5,0.0,259234.38709677418,0.003,21377865.087912086,-0.097,-40826.41935483871,-0.263
2020-01-31,1.59,-0.625,3.5,0.0,259241.1935483871,0.003,21357145.02197802,-0.097,-40718.709677419356,-0.264
2020-02-01,1.59,0.0,3.5,0.0,259248.0,0.003,21336424.956043955,-0.097,-40611.0,-0.265
2020-02-02,1.59,0.0,3.5310344827586206,0.8869999999999999,259209.24137931035,-0.015,21315704.89010989,-0.097,-40726.724137931036,0.28500000000000003
2020-02-03,1.59,0.0,3.5620689655172413,0.8789999999999999,259170.4827586207,-0.015,21294984.824175823,-0.097,-40842.44827586207,0.28400000000000003
2020-02-04,1.59,0.0,3.593103448275862,0.8710000000000001,259131.72413793104,-0.015,21274264.758241758,-0.097,-40958.1724137931,0.28300000000000003
2020-02-05,1.59,0.0,3.624137931034483,0.864,259092.9655172414,-0.015,21253544.692307692,-0.097,-41073.89655172414,0.28300000000000003
2020-02-06,1.59,0.0,3.6551724137931036,0.856,259054.20689655174,-0.015,21232824.626373626,-0.097,-41189.620689655174,0.28200000000000003
2020-02-07,1.58,-0.629,3.6862068965517243,0.849,259015.4482758621,-0.015,21212104.56043956,-0.098,-41305.34482758621,0.281
2020-02-08,1.58,0.0,3.717241379310345,0.8420000000000001,258976.68965517243,-0.015,21191384.494505495,-0.098,-41421.06896551724,0.27999999999999997
2020-02-09,1.58,0.0,3.7482758620689656,0.835,258937.93103448275,-0.015,21170664.42857143,-0.098,-41536.793103448275,0.27899999999999997
2020-02-10,1.58,0.0,3.779310344827586,0.828,258899.1724137931,-0.015,21149944.362637363,-0.098,-41652.51724137931,0.27899999999999997
2020-02-11,1.58,0.0,3.810344827586207,0.8210000000000001,258860.41379310345,-0.015,21129224.296703298,-0.098,-41768.24137931035,0.27799999999999997
2020-02-12,1.58,0.0,3.841379310344828,0.814,258821.6551724138,-0.015,21108504.230769232,-0.098,-41883.96551724138,0.27699999999999997
2020-02-13,1.58,0.0,3.8724137931034486,0.808,258782.89655172414,-0.015,21087784.164835166,-0.098,-41999.68965517241,0.27599999999999997
2020-02-14,1.58,0.0,3.903448275862069,0.8009999999999999,258744.1379310345,-0.015,21067064.0989011,-0.098,-42115.41379310345,0.27599999999999997
2020-02-15,1.58,0.0,3.93448275862069,0.795,258705.37931034484,-0.015,21046344.032967035,-0.098,-42231.137931034486,0.27499999999999997
2020-02-16,1.58,0.0,3.9655172413793105,0.7889999999999999,258666.6206896552,-0.015,21025623.96703297,-0.098,-42346.862068965514,0.27399999999999997
2020-02-17,1.58,0.0,3.996551724137931,0.783,258627.86206896554,-0.015,21004903.9010989,-0.099,-42462.58620689655,0.27299999999999996
2020-02-18,1.59,0.633,4.027586206896552,0.777,258589.10344827588,-0.015,20984183.835164834,-0.099,-42578.31034482759,0.27299999999999996
2020-02-19,1.59,0.0,4.058620689655172,0.771,258550.34482758623,-0.015,20963463.769230768,-0.099,-42694.03448275862,0.272
2020-02-20,1.59,0.0,4.089655172413793,0.765,258511.58620689658,-0.015,20942743.703296702,-0.099,-42809.75862068965,0.271
2020-02-21,1.58,-0.629,4.120689655172414,0.759,258472.82758620693,-0.015,20922023.637362637,-0.099,-42925.48275862069,0.27
2020-02-22,1.58,0.0,4.151724137931035,0.753,258434.06896551728,-0.015,20901303.57142857,-0.099,-43041.206896551725,0.27
2020-02-23,1.58,0.0,4.182758620689656,0.748,258395.3103448276,-0.015,20880583.505494505,-0.099,-43156.93103448276,0.269
2020-02-24,1.58,0.0,4.2137931034482765,0.742,258356.55172413794,-0.015,20859863.43956044,-0.099,-43272.65517241379,0.268
2020-02-25,1.58,0.0,4.244827586206897,0.736,258317.7931034483,-0.015,20839143.373626374,-0.099,-43388.379310344826,0.267
2020-02-26,1.58,0.0,4.275862068965518,0.731,258279.03448275864,-0.015,20818423.307692308,-0.099,-43504.10344827586,0.267
2020-02-27,1.58,0.0,4.306896551724138,0.726,258240.275862069,-0.015,20797703.241758242,-0.1,-43619.8275862069,0.266
2020-02-28,1.58,0.0,4.337931034482759,0.721,258201.51724137933,-0.015,20776983.175824177,-0.1,-43735.55172413793,0.265
2020-02-29,1.58,0.0,4.36896551724138,0.715,258162.75862068968,-0.015,20756263.10989011,-0.1,-43851.275862068964,0.265
2020-03-01,1.58,0.0,4.4,0.7100000000000001,258124.00000000003,-0.015,20735543.043956045,-0.1,-43967.0,0.264
2020-03-02,1.59,0.633,4.732258064516129,7.550999999999999,258058.45161290324,-0.025,20714822.97802198,-0.1,-44257.77419354839,0.661
2020-03-03,1.59,0.0,5.064516129032258,7.020999999999999,257992.90322580648,-0.025,20694102.912087914,-0.1,-44548.54838709677,0.657
2020-03-04,1.09,-31.447000000000003,5.396774193548387,6.561,257927.3548387097,-0.025,20673382.846153848,-0.1,-44839.32258064516,0.653
2020-03-05,1.09,0.0,5.7290322580645165,6.157,257861.80645161294,-0.025,20652662.78021978,-0.1,-45130.096774193546,0.6479999999999999
2020-03-06,1.09,0.0,6.061290322580645,5.800000000000001,257796.25806451615,-0.025,20631942.714285713,-0.1,-45420.87096774193,0.644
2020-03-07,1.09,0.0,6.393548387096774,5.482,257730.70967741936,-0.025,20611222.648351647,-0.1,-45711.645161290326,0.64
2020-03-08,1.09,0.0,6.725806451612904,5.197,257665.1612903226,-0.025,20590502.58241758,-0.101,-46002.41935483871,0.636
2020-03-09,1.09,0.0,7.058064516129033,4.9399999999999995,257599.61290322582,-0.025,20569782.516483516,-0.101,-46293.1935483871,0.632
2020-03-10,1.09,0.0,7.390322580645162,4.707,257534.06451612903,-0.025,20549062.45054945,-0.101,-46583.967741935485,0.628
2020-03-11,1.09,0.0,7.72258064516129,4.496,257468.51612903227,-0.025,20528342.384615384,-0.101,-46874.74193548387,0.624
2020-03-12,1.1,0.9169999999999999,8.05483870967742,4.3020000000000005,257402.96774193548,-0.025,20507622.31868132,-0.101,-47165.51612903226,0.62
2020-03-13,1.1,0.0,8.387096774193548,4.125,257337.41935483873,-0.025,20486902.252747253,-0.101,-47456.290322580644,0.616
2020-03-14,1.1,0.0,8.719354838709677,3.962,257271.87096774194,-0.025,20466182.186813187,-0.101,-47747.06451612903,0.613
2020-03-15,1.1,0.0,9.051612903225806,3.811,257206.32258064515,-0.025,20445462.12087912,-0.101,-48037.83870967742,0.609
2020-03-16,0.25,-77.273,9.383870967741935,3.671,257140.7741935484,-0.025,20424742.054945055,-0.101,-48328.6129032258,0.605
2020-03-17,0.25,0.0,9.716129032258063,3.5409999999999995,257075.2258064516,-0.025,20404021.98901099,-0.101,-48619.3870967742,0.602
2020-03-18,0.25,0.0,10.048387096774192,3.42,257009.67741935485,-0.025,20383301.923076924,-0.10200000000000001,-48910.16129032258,0.598
2020-03-19,0.2,-20.0,10.380645161290321,3.3070000000000004,256944.12903225806,-0.026,20362581.85714286,-0.10200000000000001,-49200.93548387097,0.5950000000000001
2020-03-20,0.15,-25.0,10.712903225806452,3.2009999999999996,256878.58064516127,-0.026,20341861.791208792,-0.10200000000000001,-49491.709677419356,0.5910000000000001
2020-03-21,0.15,0.0,11.04516129032258,3.101,256813.03225806452,-0.026,20321141.725274727,-0.10200000000000001,-49782.48387096774,0.588
2020-03-22,0.15,0.0,11.37741935483871,3.008,256747.48387096773,-0.026,20300421.65934066,-0.10200000000000001,-50073.25806451613,0.584
2020-03-23,0.15,0.0,11.709677419354838,2.92,256681.93548387097,-0.026,20279701.593406595,-0.10200000000000001,-50364.032258064515,0.581
2020-03-24,0.12,-20.0,12.041935483870967,2.8369999999999997,256616.38709677418,-0.026,20258981.527472526,-0.10200000000000001,-50654.8064516129,0.577
2020-03-25,0.1,-16.667,12.374193548387096,2.759,256550.8387096774,-0.026,20238261.46153846,-0.10200000000000001,-50945.58064516129,0.5740000000000001
2020-03-26,0.1,0.0,12.706451612903225,2.685,256485.29032258064,-0.026,20217541.395604394,-0.10200000000000001,-51236.354838709674,0.571
2020-03-27,0.1,0.0,13.038709677419353,2.6149999999999998,256419.74193548385,-0.026,20196821.32967033,-0.10200000000000001,-51527.12903225806,0.5680000000000001
2020-03-28,0.1,0.0,13.370967741935484,2.548,256354.19354838706,-0.026,20176101.263736263,-0.10300000000000001,-51817.903225806454,0.5640000000000001
2020-03-29,0.1,0.0,13.703225806451613,2.485,256288.6451612903,-0.026,20155381.197802197,-0.10300000000000001,-52108.67741935484,0.561
2020-03-30,0.09,-10.0,14.035483870967742,2.4250000000000003,256223.09677419352,-0.026,20134661.13186813,-0.10300000000000001,-52399.45161290323,0.5579999999999999
2020-03-31,0.08,-11.111,14.36774193548387,2.367,256157.54838709676,-0.026,20113941.065934066,-0.10300000000000001,-52690.22580645161,0.555
2020-04-01,0.06,-25.0,14.7,2.313,256091.99999999997,-0.026,20093221.0,-0.10300000000000001,-52981.0,0.5519999999999999
2020-04-02,0.05,-16.667,14.649999999999999,-0.33999999999999997,256084.5333333333,-0.003,20112674.56043956,0.097,-53038.3,0.108
2020-04-03,0.05,0.0,14.6,-0.34099999999999997,256077.06666666665,-0.003,20132128.12087912,0.097,-53095.6,0.108
2020-04-04,0.05,0.0,14.549999999999999,-0.34199999999999997,256069.59999999998,-0.003,20151581.68131868,0.097,-53152.9,0.108
2020-04-05,0.05,0.0,14.5,-0.344,256062.1333333333,-0.003,20171035.241758242,0.097,-53210.2,0.108
2020-04-06,0.05,0.0,14.45,-0.345,256054.66666666663,-0.003,20190488.802197803,0.096,-53267.5,0.108
2020-04-07,0.05,0.0,14.399999999999999,-0.346,256047.19999999998,-0.003,20209942.362637363,0.096,-53324.8,0.108
2020-04-08,0.05,0.0,14.35,-0.347,256039.7333333333,-0.003,20229395.923076924,0.096,-53382.1,0.107
2020-04-09,0.05,0.0,14.299999999999999,-0.348,256032.26666666663,-0.003,20248849.483516484,0.096,-53439.4,0.107
2020-04-10,0.05,0.0,14.25,-0.35000000000000003,256024.8,-0.003,20268303.043956045,0.096,-53496.7,0.107
2020-04-11,0.05,0.0,14.2,-0.35100000000000003,256017.3333333333,-0.003,20287756.604395606,0.096,-53554.0,0.107
2020-04-12,0.05,0.0,14.149999999999999,-0.35200000000000004,256009.86666666664,-0.003,20307210.164835166,0.096,-53611.3,0.107
2020-04-13,0.05,0.0,14.1,-0.35300000000000004,256002.4,-0.003,20326663.725274727,0.096,-53668.6,0.107
2020-04-14,0.05,0.0,14.049999999999999,-0.35500000000000004,255994.93333333332,-0.003,20346117.285714287,0.096,-53725.9,0.107
2020-04-15,0.05,0.0,14.0,-0.356,255987.46666666665,-0.003,20365570.846153848,0.096,-53783.2,0.107
2020-04-16,0.05,0.0,13.95,-0.357,255980.0,-0.003,20385024.406593405,0.096,-53840.5,0.107
2020-04-17,0.05,0.0,13.899999999999999,-0.358,255972.53333333333,-0.003,20404477.967032965,0.095,-53897.8,0.106
2020-04-18,0.05,0.0,13.85,-0.36,255965.06666666665,-0.003,20423931.527472526,0.095,-53955.1,0.106
2020-04-19,0.05,0.0,13.799999999999999,-0.361,255957.59999999998,-0.003,20443385.087912086,0.095,-54012.4,0.106
2020-04-20,0.05,0.0,13.75,-0.362,255950.13333333333,-0.003,20462838.648351647,0.095,-54069.7,0.106
2020-04-21,0.05,0.0,13.7,-0.364,255942.66666666666,-0.003,20482292.208791208,0.095,-54127.0,0.106
2020-04-22,0.05,0.0,13.649999999999999,-0.365,255935.19999999998,-0.003,20501745.769230768,0.095,-54184.3,0.106
2020-04-23,0.04,-20.0,13.6,-0.366,255927.73333333334,-0.003,20521199.32967033,0.095,-54241.6,0.106
2020-04-24,0.05,25.0,13.549999999999999,-0.368,255920.26666666666,-0.003,20540652.89010989,0.095,-54298.9,0.106
2020-04-25,0.05,0.0,13.5,-0.369,255912.8,-0.003,20560106.45054945,0.095,-54356.2,0.106
2020-04-26,0.05,0.0,13.45,-0.37,255905.3333333333,-0.003,20579560.01098901,0.095,-54413.5,0.105
2020-04-27,0.04,-20.0,13.399999999999999,-0.372,255897.86666666667,-0.003,20599013.57142857,0.095,-54470.8,0.105
2020-04-28,0.04,0.0,13.35,-0.373,255890.4,-0.003,20618467.13186813,0.094,-54528.1,0.105
2020-04-29,0.04,0.0,13.299999999999999,-0.375,255882.93333333332,-0.003,20637920.692307692,0.094,-54585.4,0.105
2020-04-30,0.05,25.0,13.25,-0.376,255875.46666666667,-0.003,20657374.252747253,0.094,-54642.7,0.105
2020-05-01,0.05,0.0,13.2,-0.377,255868.0,-0.003,20676827.813186813,0.094,-54700.0,0.105
2020-05-02,0.05,0.0,13.129032258064516,-0.538,255904.06451612903,0.013999999999999999,20696281.373626374,0.094,-54520.032258064515,-0.329
2020-05-03,0.05,0.0,13.058064516129031,-0.541,255940.12903225806,0.013999999999999999,20715734.934065934,0.094,-54340.06451612903,-0.33
2020-05-04,0.05,0.0,12.987096774193548,-0.543,255976.1935483871,0.013999999999999999,20735188.494505495,0.094,-54160.096774193546,-0.331
2020-05-05,0.05,0.0,12.916129032258064,-0.5459999999999999,256012.25806451612,0.013999999999999999,20754642.054945055,0.094,-53980.12903225807,-0.332
2020-05-06,0.05,0.0,12.84516129032258,-0.549,256048.32258064515,0.013999999999999999,20774095.615384616,0.094,-53800.16129032258,-0.333
2020-05-07,0.05,0.0,12.774193548387096,-0.5519999999999999,256084.38709677418,0.013999999999999999,20793549.175824177,0.094,-53620.1935483871,-0.335
2020-05-08,0.05,0.0,12.703225806451613,-0.5559999999999999,256120.4516129032,0.013999999999999999,20813002.736263737,0.094,-53440.22580645161,-0.336
2020-05-09,0.05,0.0,12.632258064516128,-0.559,256156.51612903227,0.013999999999999999,20832456.296703298,0.093,-53260.25806451613,-0.337
2020-05-10,0.05,0.0,12.561290322580644,-0.562,256192.5806451613,0.013999999999999999,20851909.85714286,0.093,-53080.290322580644,-0.338
2020-05-11,0.05,0.0,12.490322580645161,-0.565,256228.64516129033,0.013999999999999999,20871363.41758242,0.093,-52900.32258064516,-0.33899999999999997
2020-05-12,0.05,0.0,12.419354838709676,-0.5680000000000001,256264.70967741936,0.013999999999999999,20890816.97802198,0.093,-52720.354838709674,-0.33999999999999997
2020-05-13,0.05,0.0,12.348387096774193,-0.571,256300.7741935484,0.013999999999999999,20910270.53846154,0.093,-52540.3870967742,-0.34099999999999997
2020-05-14,0.05,0.0,12.27741935483871,-0.575,256336.83870967742,0.013999999999999999,20929724.0989011,0.093,-52360.41935483871,-0.34299999999999997
2020-05-15,0.05,0.0,12.206451612903226,-0.5780000000000001,256372.90322580645,0.013999999999999999,20949177.65934066,0.093,-52180.45161290323,-0.344
2020-05-16,0.05,0.0,12.135483870967741,-0.581,256408.96774193548,0.013999999999999999,20968631.21978022,0.093,-52000.48387096774,-0.345
2020-05-17,0.05,0.0,12.064516129032258,-0.585,256445.03225806452,0.013999999999999999,20988084.78021978,0.093,-51820.51612903226,-0.346
2020-05-18,0.05,0.0,11.993548387096773,-0.588,256481.09677419355,0.013999999999999999,21007538.34065934,0.093,-51640.54838709677,-0.347
2020-05-19,0.05,0.0,11.92258064516129,-0.592,256517.16129032258,0.013999999999999999,21026991.9010989,0.093,-51460.58064516129,-0.349
2020-05-20,0.05,0.0,11.851612903225806,-0.5950000000000001,256553.2258064516,0.013999999999999999,21046445.46153846,0.093,-51280.6129032258,-0.35000000000000003
2020-05-21,0.05,0.0,11.780645161290323,-0.599,256589.29032258064,0.013999999999999999,21065899.02197802,0.092,-51100.645161290326,-0.35100000000000003
2020-05-22,0.05,0.0,11.709677419354838,-0.602,256625.35483870967,0.013999999999999999,21085352.58241758,0.092,-50920.67741935484,-0.35200000000000004
2020-05-23,0.05,0.0,11.638709677419355,-0.606,256661.4193548387,0.013999999999999999,21104806.14285714,0.092,-50740.709677419356,-0.35300000000000004
2020-05-24,0.05,0.0,11.567741935483872,-0.61,256697.48387096773,0.013999999999999999,21124259.703296702,0.092,-50560.74193548387,-0.35500000000000004
2020-05-25,0.05,0.0,11.496774193548386,-0.613,256733.5483870968,0.013999999999999999,21143713.263736263,0.092,-50380.77419354839,-0.356
2020-05-26,0.05,0.0,11.425806451612903,-0.617,256769.61290322582,0.013999999999999999,21163166.824175823,0.092,-50200.8064516129,-0.357
2020-05-27,0.05,0.0,11.35483870967742,-0.621,256805.67741935485,0.013999999999999999,21182620.384615384,0.092,-50020.83870967742,-0.358
2020-05-28,0.05,0.0,11.283870967741935,-0.625,256841.74193548388,0.013999999999999999,21202073.945054945,0.092,-49840.87096774194,-0.36
2020-05-29,0.05,0.0,11.212903225806452,-0.629,256877.8064516129,0.013999999999999999,21221527.505494505,0.092,-49660.903225806454,-0.361
2020-05-30,0.05,0.0,11.141935483870968,-0.633,256913.87096774194,0.013999999999999999,21240981.065934066,0.092,-49480.93548387097,-0.362
2020-05-31,0.05,0.0,11.070967741935483,-0.637,256949.93548387097,0.013999999999999999,21260434.626373626,0.092,-49300.967741935485,-0.364
2020-06-01,0.05,0.0,11.0,-0.641,256986.0,0.013999999999999999,21279888.186813187,0.092,-49121.0,-0.365
2020-06-02,0.06,20.0,10.973333333333333,-0.242,257029.06666666668,0.017,21299341.747252747,0.091,-49465.96666666667,0.7020000000000001
2020-06-03,0.06,0.0,10.946666666666667,-0.243,257072.13333333333,0.017,21318795.307692308,0.091,-49810.933333333334,0.697
2020-06-04,0.06,0.0,10.92,-0.244,257115.2,0.017,21338248.86813187,0.091,-50155.9,0.6930000000000001
2020-06-05,0.07,16.667,10.893333333333333,-0.244,257158.26666666666,0.017,21357702.42857143,0.091,-50500.86666666667,0.688
2020-06-06,0.07,0.0,10.866666666666667,-0.245,257201.33333333334,0.017,21377155.98901099,0.091,-50845.833333333336,0.683
2020-06-07,0.07,0.0,10.84,-0.245,257244.4,0.017,21396609.54945055,0.091,-51190.8,0.6779999999999999
2020-06-08,0.07,0.0,10.813333333333333,-0.246,257287.46666666667,0.017,21416063.10989011,0.091,-51535.76666666666,0.674
2020-06-09,0.07,0.0,10.786666666666667,-0.247,257330.53333333335,0.017,21435516.67032967,0.091,-51880.73333333333,0.6689999999999999
2020-06-10,0.08,14.285999999999998,10.76,-0.247,257373.6,0.017,21454970.230769232,0.091,-52225.7,0.6649999999999999
2020-06-11,0.08,0.0,10.733333333333333,-0.248,257416.6666666667,0.017,21474423.791208792,0.091,-52570.666666666664,0.661
2020-06-12,0.08,0.0,10.706666666666667,-0.248,257459.73333333334,0.017,21493877.351648353,0.091,-52915.63333333333,0.656
2020-06-13,0.08,0.0,10.68,-0.249,257502.80000000002,0.017,21513330.912087914,0.091,-53260.6,0.652
2020-06-14,0.08,0.0,10.653333333333332,-0.25,257545.86666666667,0.017,21532784.472527474,0.09,-53605.566666666666,0.6479999999999999
2020-06-15,0.09,12.5,10.626666666666667,-0.25,257588.93333333335,0.017,21552238.03296703,0.09,-53950.53333333333,0.644
2020-06-16,0.09,0.0,10.6,-0.251,257632.0,0.017,21571691.593406595,0.09,-54295.5,0.639
2020-06-17,0.09,0.0,10.573333333333332,-0.252,257675.06666666668,0.017,21591145.153846152,0.09,-54640.46666666667,0.635
2020-06-18,0.09,0.0,10.546666666666667,-0.252,257718.13333333336,0.017,21610598.714285713,0.09,-54985.433333333334,0.631
2020-06-19,0.09,0.0,10.52,-0.253,257761.2,0.017,21630052.274725273,0.09,-55330.4,0.627
2020-06-20,0.09,0.0,10.493333333333332,-0.253,257804.2666666667,0.017,21649505.835164834,0.09,-55675.36666666667,0.623
2020-06-21,0.09,0.0,10.466666666666667,-0.254,257847.33333333334,0.017,21668959.395604394,0.09,-56020.333333333336,0.62
2020-06-22,0.08,-11.111,10.44,-0.255,257890.40000000002,0.017,21688412.956043955,0.09,-56365.3,0.616
2020-06-23,0.08,0.0,10.413333333333332,-0.255,257933.46666666667,0.017,21707866.516483516,0.09,-56710.26666666666,0.612
2020-06-24,0.08,0.0,10.386666666666667,-0.256,257976.53333333335,0.017,21727320.076923076,0.09,-57055.23333333333,0.608
2020-06-25,0.08,0.0,10.36,-0.257,258019.60000000003,0.017,21746773.637362637,0.09,-57400.2,0.605
2020-06-26,0.08,0.0,10.333333333333332,-0.257,258062.6666666667,0.017,21766227.197802197,0.089,-57745.166666666664,0.601
2020-06-27,0.08,0.0,10.306666666666667,-0.258,258105.73333333337,0.017,21785680.758241758,0.089,-58090.13333333333,0.597
2020-06-28,0.08,0.0,10.28,-0.259,258148.80000000002,0.017,21805134.31868132,0.089,-58435.1,0.594
2020-06-29,0.08,0.0,10.253333333333332,-0.259,258191.8666666667,0.017,21824587.87912088,0.089,-58780.066666666666,0.59
2020-06-30,0.08,0.0,10.226666666666667,-0.26,258234.93333333335,0.017,21844041.43956044,0.089,-59125.03333333333,0.587
2020-07-01,0.08,0.0,10.2,-0.261,258278.00000000003,0.017,21863495.0,0.089,-59470.0,0.583
2020-07-02,0.09,12.5,10.141935483870967,-0.569,258314.54838709682,0.013999999999999999,21867323.641304348,0.018000000000000002,-59558.67741935484,0.149
2020-07-03,0.09,0.0,10.083870967741936,-0.573,258351.09677419357,0.013999999999999999,21871152.282608695,0.018000000000000002,-59647.354838709674,0.149
2020-07-04,0.09,0.0,10.025806451612903,-0.5760000000000001,258387.64516129036,0.013999999999999999,21874980.923913043,0.018000000000000002,-59736.032258064515,0.149
2020-07-05,0.09,0.0,9.96774193548387,-0.579,258424.19354838712,0.013999999999999999,21878809.56521739,0.018000000000000002,-59824.709677419356,0.148
2020-07-06,0.09,0.0,9.909677419354837,-0.583,258460.7419354839,0.013999999999999999,21882638.20652174,0.017,-59913.3870967742,0.148
2020-07-07,0.09,0.0,9.851612903225806,-0.586,258497.29032258067,0.013999999999999999,21886466.847826086,0.017,-60002.06451612903,0.148
2020-07-08,0.09,0.0,9.793548387096774,-0.5890000000000001,258533.83870967745,0.013999999999999999,21890295.489130434,0.017,-60090.74193548387,0.148
2020-07-09,0.09,0.0,9.735483870967741,-0.5930000000000001,258570.3870967742,0.013999999999999999,21894124.13043478,0.017,-60179.41935483871,0.148
2020-07-10,0.09,0.0,9.67741935483871,-0.596,258606.935483871,0.013999999999999999,21897952.77173913,0.017,-60268.096774193546,0.147
2020-07-11,0.09,0.0,9.619354838709677,-0.6,258643.48387096776,0.013999999999999999,21901781.413043477,0.017,-60356.77419354839,0.147
2020-07-12,0.09,0.0,9.561290322580644,-0.604,258680.03225806454,0.013999999999999999,21905610.054347824,0.017,-60445.45161290323,0.147
2020-07-13,0.09,0.0,9.503225806451614,-0.607,258716.5806451613,0.013999999999999999,21909438.695652176,0.017,-60534.12903225806,0.147
2020-07-14,0.09,0.0,9.44516129032258,-0.611,258753.1290322581,0.013999999999999999,21913267.336956523,0.017,-60622.8064516129,0.146
2020-07-15,0.1,11.111,9.387096774193548,-0.615,258789.67741935485,0.013999999999999999,21917095.97826087,0.017,-60711.48387096774,0.146
2020-07-16,0.1,0.0,9.329032258064515,-0.619,258826.22580645164,0.013999999999999999,21920924.61956522,0.017,-60800.16129032258,0.146
2020-07-17,0.09,-10.0,9.270967741935484,-0.622,258862.7741935484,0.013999999999999999,21924753.260869566,0.017,-60888.83870967742,0.146
2020-07-18,0.09,0.0,9.212903225806452,-0.626,258899.32258064518,0.013999999999999999,21928581.902173914,0.017,-60977.51612903226,0.146
2020-07-19,0.09,0.0,9.154838709677419,-0.63,258935.87096774194,0.013999999999999999,21932410.54347826,0.017,-61066.1935483871,0.145
2020-07-20,0.1,11.111,9.096774193548388,-0.634,258972.41935483873,0.013999999999999999,21936239.18478261,0.017,-61154.87096774193,0.145
2020-07-21,0.1,0.0,9.038709677419355,-0.638,259008.96774193548,0.013999999999999999,21940067.826086957,0.017,-61243.54838709677,0.145
2020-07-22,0.09,-10.0,8.980645161290322,-0.642,259045.51612903227,0.013999999999999999,21943896.467391305,0.017,-61332.22580645161,0.145
2020-07-23,0.09,0.0,8.92258064516129,-0.647,259082.06451612903,0.013999999999999999,21947725.108695652,0.017,-61420.903225806454,0.145
2020-07-24,0.09,0.0,8.864516129032259,-0.651,259118.61290322582,0.013999999999999999,21951553.75,0.017,-61509.58064516129,0.14400000000000002
2020-07-25,0.09,0.0,8.806451612903226,-0.655,259155.16129032258,0.013999999999999999,21955382.391304348,0.017,-61598.25806451613,0.14400000000000002
2020-07-26,0.09,0.0,8.748387096774193,-0.659,259191.70967741936,0.013999999999999999,21959211.032608695,0.017,-61686.93548387097,0.14400000000000002
2020-07-27,0.1,11.111,8.690322580645162,-0.664,259228.25806451612,0.013999999999999999,21963039.673913043,0.017,-61775.6129032258,0.14400000000000002
2020-07-28,0.1,0.0,8.63225806451613,-0.668,259264.8064516129,0.013999999999999999,21966868.31521739,0.017,-61864.290322580644,0.14400000000000002
2020-07-29,0.1,0.0,8.574193548387097,-0.673,259301.35483870967,0.013999999999999999,21970696.95652174,0.017,-61952.967741935485,0.14300000000000002
2020-07-30,0.1,0.0,8.516129032258064,-0.677,259337.90322580645,0.013999999999999999,21974525.597826086,0.017,-62041.645161290326,0.14300000000000002
2020-07-31,0.1,0.0,8.458064516129033,-0.6819999999999999,259374.4516129032,0.013999999999999999,21978354.239130434,0.017,-62130.32258064516,0.14300000000000002
2020-08-01,0.1,0.0,8.4,-0.6859999999999999,259411.0,0.013999999999999999,21982182.88043478,0.017,-62219.0,0.14300000000000002
2020-08-02,0.1,0.0,8.383870967741936,-0.192,259430.93548387097,0.008,21986011.52173913,0.017,-62088.77419354839,-0.209
2020-08-03,0.1,0.0,8.36774193548387,-0.192,259450.87096774194,0.008,21989840.163043477,0.017,-61958.54838709677,-0.21
2020-08-04,0.1,0.0,8.351612903225806,-0.193,259470.8064516129,0.008,21993668.804347824,0.017,-61828.32258064516,-0.21
2020-08-05,0.1,0.0,8.335483870967742,-0.193,259490.74193548388,0.008,21997497.445652176,0.017,-61698.096774193546,-0.211
2020-08-06,0.1,0.0,8.319354838709678,-0.193,259510.67741935485,0.008,22001326.086956523,0.017,-61567.87096774193,-0.211
2020-08-07,0.1,0.0,8.303225806451612,-0.194,259530.61290322582,0.008,22005154.72826087,0.017,-61437.645161290326,-0.212
2020-08-08,0.1,0.0,8.287096774193548,-0.194,259550.5483870968,0.008,22008983.36956522,0.017,-61307.41935483871,-0.212
2020-08-09,0.1,0.0,8.270967741935484,-0.19499999999999998,259570.48387096773,0.008,22012812.010869566,0.017,-61177.1935483871,-0.212
2020-08-10,0.1,0.0,8.25483870967742,-0.19499999999999998,259590.4193548387,0.008,22016640.652173914,0.017,-61046.967741935485,-0.213
2020-08-11,0.1,0.0,8.238709677419354,-0.19499999999999998,259610.35483870967,0.008,22020469.29347826,0.017,-60916.74193548387,-0.213
2020-08-12,0.1,0.0,8.22258064516129,-0.196,259630.29032258064,0.008,22024297.93478261,0.017,-60786.51612903226,-0.214
2020-08-13,0.1,0.0,8.206451612903226,-0.196,259650.2258064516,0.008,22028126.576086957,0.017,-60656.290322580644,-0.214
2020-08-14,0.1,0.0,8.190322580645162,-0.197,259670.16129032258,0.008,22031955.217391305,0.017,-60526.06451612903,-0.215
2020-08-15,0.1,0.0,8.174193548387096,-0.197,259690.09677419355,0.008,22035783.858695652,0.017,-60395.83870967742,-0.215
2020-08-16,0.1,0.0,8.158064516129032,-0.197,259710.03225806452,0.008,22039612.5,0.017,-60265.6129032258,-0.216
2020-08-17,0.1,0.0,8.141935483870968,-0.198,259729.96774193548,0.008,22043441.141304348,0.017,-60135.3870967742,-0.216
2020-08-18,0.09,-10.0,8.125806451612904,-0.198,259749.90322580645,0.008,22047269.782608695,0.017,-60005.16129032258,-0.217
2020-08-19,0.09,0.0,8.109677419354838,-0.198,259769.83870967742,0.008,22051098.423913043,0.017,-59874.93548387097,-0.217
2020-08-20,0.09,0.0,8.093548387096774,-0.199,259789.7741935484,0.008,22054927.06521739,0.017,-59744.709677419356,-0.217
2020-08-21,0.09,0.0,8.07741935483871,-0.199,259809.70967741936,0.008,22058755.70652174,0.017,-59614.48387096774,-0.218
2020-08-22,0.09,0.0,8.061290322580646,-0.2,259829.64516129033,0.008,22062584.347826086,0.017,-59484.25806451613,-0.218
2020-08-23,0.09,0.0,8.04516129032258,-0.2,259849.5806451613,0.008,22066412.989130434,0.017,-59354.032258064515,-0.219
2020-08-24,0.09,0.0,8.029032258064516,-0.2,259869.51612903227,0.008,22070241.63043478,0.017,-59223.8064516129,-0.219
2020-08-25,0.09,0.0,8.012903225806452,-0.201,259889.4516129032,0.008,22074070.27173913,0.017,-59093.58064516129,-0.22
2020-08-26,0.09,0.0,7.996774193548387,-0.201,259909.38709677418,0.008,22077898.913043477,0.017,-58963.354838709674,-0.22
2020-08-27,0.08,-11.111,7.980645161290323,-0.202,259929.32258064515,0.008,22081727.554347824,0.017,-58833.12903225807,-0.22100000000000003
2020-08-28,0.09,12.5,7.964516129032258,-0.202,259949.25806451612,0.008,22085556.195652176,0.017,-58702.903225806454,-0.22100000000000003
2020-08-29,0.09,0.0,7.948387096774194,-0.203,259969.1935483871,0.008,22089384.836956523,0.017,-58572.67741935484,-0.22200000000000003
2020-08-30,0.09,0.0,7.932258064516129,-0.203,259989.12903225806,0.008,22093213.47826087,0.017,-58442.45161290323,-0.22200000000000003
2020-08-31,0.09,0.0,7.916129032258064,-0.203,260009.06451612903,0.008,22097042.11956522,0.017,-58312.22580645161,-0.22300000000000003
2020-09-01,0.09,0.0,7.9,-0.20400000000000001,260029.0,0.008,22100870.760869566,0.017,-58182.0,-0.22300000000000003
2020-09-02,0.09,0.0,7.866666666666667,-0.422,260037.56666666668,0.003,22104699.402173914,0.017,-58292.23333333333,0.189
2020-09-03,0.09,0.0,7.833333333333334,-0.424,260046.13333333333,0.003,22108528.04347826,0.017,-58402.46666666667,0.189
2020-09-04,0.09,0.0,7.800000000000001,-0.426,260054.7,0.003,22112356.68478261,0.017,-58512.7,0.189
2020-09-05,0.09,0.0,7.766666666666667,-0.42700000000000005,260063.26666666666,0.003,22116185.326086957,0.017,-58622.933333333334,0.188
2020-09-06,0.09,0.0,7.733333333333333,-0.42900000000000005,260071.83333333334,0.003,22120013.967391305,0.017,-58733.166666666664,0.188
2020-09-07,0.09,0.0,7.7,-0.43099999999999994,260080.4,0.003,22123842.608695652,0.017,-58843.4,0.188
2020-09-08,0.09,0.0,7.666666666666667,-0.43299999999999994,260088.96666666667,0.003,22127671.25,0.017,-58953.63333333333,0.187
2020-09-09,0.09,0.0,7.633333333333334,-0.43499999999999994,260097.53333333333,0.003,22131499.891304348,0.017,-59063.86666666667,0.187
2020-09-10,0.09,0.0,7.6000000000000005,-0.437,260106.1,0.003,22135328.532608695,0.017,-59174.1,0.187
2020-09-11,0.09,0.0,7.566666666666667,-0.439,260114.66666666666,0.003,22139157.173913043,0.017,-59284.333333333336,0.186
2020-09-12,0.09,0.0,7.533333333333334,-0.441,260123.23333333334,0.003,22142985.81521739,0.017,-59394.566666666666,0.186
2020-09-13,0.09,0.0,7.5,-0.44200000000000006,260131.8,0.003,22146814.45652174,0.017,-59504.8,0.186
2020-09-14,0.09,0.0,7.466666666666667,-0.44400000000000006,260140.36666666667,0.003,22150643.097826086,0.017,-59615.03333333333,0.185
2020-09-15,0.09,0.0,7.433333333333334,-0.44600000000000006,260148.93333333332,0.003,22154471.739130434,0.017,-59725.26666666667,0.185
2020-09-16,0.09,0.0,7.4,-0.44799999999999995,260157.5,0.003,22158300.38043478,0.017,-59835.5,0.185
2020-09-17,0.09,0.0,7.366666666666667,-0.44999999999999996,260166.06666666668,0.003,22162129.02173913,0.017,-59945.73333333333,0.184
2020-09-18,0.09,0.0,7.333333333333334,-0.45199999999999996,260174.63333333333,0.003,22165957.663043477,0.017,-60055.96666666667,0.184
2020-09-19,0.09,0.0,7.300000000000001,-0.455,260183.2,0.003,22169786.304347824,0.017,-60166.2,0.184
2020-09-20,0.09,0.0,7.2666666666666675,-0.457,260191.76666666666,0.003,22173614.945652176,0.017,-60276.433333333334,0.183
2020-09-21,0.09,0.0,7.233333333333333,-0.459,260200.33333333334,0.003,22177443.586956523,0.017,-60386.666666666664,0.183
2020-09-22,0.09,0.0,7.2,-0.461,260208.9,0.003,22181272.22826087,0.017,-60496.9,0.183
2020-09-23,0.09,0.0,7.166666666666667,-0.46299999999999997,260217.46666666667,0.003,22185100.86956522,0.017,-60607.13333333333,0.182
2020-09-24,0.09,0.0,7.133333333333334,-0.46499999999999997,260226.03333333333,0.003,22188929.510869566,0.017,-60717.36666666667,0.182
2020-09-25,0.09,0.0,7.1000000000000005,-0.46699999999999997,260234.6,0.003,22192758.152173914,0.017,-60827.6,0.182
2020-09-26,0.09,0.0,7.066666666666667,-0.469,260243.16666666666,0.003,22196586.79347826,0.017,-60937.833333333336,0.181
2020-09-27,0.09,0.0,7.033333333333333,-0.47200000000000003,260251.73333333334,0.003,22200415.43478261,0.017,-61048.066666666666,0.181
2020-09-28,0.09,0.0,7.0,-0.47400000000000003,260260.3,0.003,22204244.076086957,0.017,-61158.3,0.181
2020-09-29,0.09,0.0,6.966666666666667,-0.47600000000000003,260268.86666666667,0.003,22208072.717391305,0.017,-61268.53333333333,0.18
2020-09-30,0.09,0.0,6.933333333333334,-0.47800000000000004,260277.43333333332,0.003,22211901.358695652,0.017,-61378.76666666667,0.18
2020-10-01,0.09,0.0,6.9,-0.481,260286.0,0.003,22215730.0,0.017,-61489.0,0.18
2020-10-02,0.09,0.0,6.893548387096774,-0.094,260303.0,0.006999999999999999,22222414.239130434,0.03,-61583.354838709674,0.153
2020-10-03,0.09,0.0,6.887096774193549,-0.094,260320.0,0.006999999999999999,22229098.47826087,0.03,-61677.709677419356,0.153
2020-10-04,0.09,0.0,6.880645161290323,-0.094,260337.0,0.006999999999999999,22235782.717391305,0.03,-61772.06451612903,0.153
2020-10-05,0.09,0.0,6.8741935483870975,-0.094,260354.0,0.006999999999999999,22242466.95652174,0.03,-61866.41935483871,0.153
2020-10-06,0.09,0.0,6.867741935483871,-0.094,260371.0,0.006999999999999999,22249151.195652176,0.03,-61960.77419354839,0.153
2020-10-07,0.09,0.0,6.861290322580645,-0.094,260388.0,0.006999999999999999,22255835.43478261,0.03,-62055.12903225807,0.152
2020-10-08,0.09,0.0,6.85483870967742,-0.094,260405.0,0.006999999999999999,22262519.673913043,0.03,-62149.48387096774,0.152
2020-10-09,0.09,0.0,6.848387096774194,-0.094,260422.0,0.006999999999999999,22269203.913043477,0.03,-62243.83870967742,0.152
2020-10-10,0.09,0.0,6.841935483870968,-0.094,260439.0,0.006999999999999999,22275888.152173914,0.03,-62338.1935483871,0.152
2020-10-11,0.09,0.0,6.835483870967742,-0.094,260456.0,0.006999999999999999,22282572.391304348,0.03,-62432.54838709677,0.151
2020-10-12,0.09,0.0,6.829032258064516,-0.094,260473.0,0.006999999999999999,22289256.63043478,0.03,-62526.903225806454,0.151
2020-10-13,0.09,0.0,6.822580645161291,-0.094,260490.0,0.006999999999999999,22295940.86956522,0.03,-62621.25806451613,0.151
2020-10-14,0.09,0.0,6.816129032258065,-0.095,260507.0,0.006999999999999999,22302625.108695652,0.03,-62715.6129032258,0.151
2020-10-15,0.09,0.0,6.809677419354839,-0.095,260524.0,0.006999999999999999,22309309.347826086,0.03,-62809.967741935485,0.15
2020-10-16,0.09,0.0,6.803225806451613,-0.095,260541.0,0.006999999999999999,22315993.586956523,0.03,-62904.32258064516,0.15
2020-10-17,0.09,0.0,6.796774193548387,-0.095,260558.0,0.006999999999999999,22322677.826086957,0.03,-62998.67741935484,0.15
2020-10-18,0.09,0.0,6.790322580645162,-0.095,260575.0,0.006999999999999999,22329362.06521739,0.03,-63093.032258064515,0.15
2020-10-19,0.09,0.0,6.783870967741936,-0.095,260592.0,0.006999999999999999,22336046.304347824,0.03,-63187.3870967742,0.15
2020-10-20,0.09,0.0,6.77741935483871,-0.095,260609.0,0.006999999999999999,22342730.54347826,0.03,-63281.74193548387,0.149
2020-10-21,0.09,0.0,6.770967741935484,-0.095,260626.0,0.006999999999999999,22349414.782608695,0.03,-63376.096774193546,0.149
2020-10-22,0.09,0.0,6.764516129032258,-0.095,260643.0,0.006999999999999999,22356099.02173913,0.03,-63470.45161290323,0.149
2020-10-23,0.09,0.0,6.758064516129032,-0.095,260660.0,0.006999999999999999,22362783.260869566,0.03,-63564.8064516129,0.149
2020-10-24,0.09,0.0,6.751612903225807,-0.095,260677.0,0.006999999999999999,22369467.5,0.03,-63659.16129032258,0.148
2020-10-25,0.09,0.0,6.745161290322581,-0.096,260694.0,0.006999999999999999,22376151.739130434,0.03,-63753.51612903226,0.148
2020-10-26,0.09,0.0,6.738709677419355,-0.096,260711.0,0.006999999999999999,22382835.97826087,0.03,-63847.87096774194,0.148
2020-10-27,0.09,0.0,6.732258064516129,-0.096,260728.0,0.006999999999999999,22389520.217391305,0.03,-63942.22580645161,0.148
2020-10-28,0.09,0.0,6.725806451612903,-0.096,260745.0,0.006999999999999999,22396204.45652174,0.03,-64036.58064516129,0.148
2020-10-29,0.09,0.0,6.719354838709678,-0.096,260762.0,0.006999999999999999,22402888.695652176,0.03,-64130.93548387097,0.147
2020-10-30,0.09,0.0,6.712903225806452,-0.096,260779.0,0.006999999999999999,22409572.93478261,0.03,-64225.290322580644,0.147
2020-10-31,0.09,0.0,6.706451612903226,-0.096,260796.0,0.006999999999999999,22416257.173913043,0.03,-64319.645161290326,0.147
2020-11-01,0.09,0.0,6.7,-0.096,260813.0,0.006999999999999999,22422941.413043477,0.03,-64414.0,0.147
2020-11-02,0.09,0.0,6.7,0.0,260853.73333333334,0.016,22429625.652173914,0.03,-64326.066666666666,-0.13699999999999998
2020-11-03,0.09,0.0,6.7,0.0,260894.46666666667,0.016,22436309.891304348,0.03,-64238.13333333333,-0.13699999999999998
2020-11-04,0.09,0.0,6.7,0.0,260935.2,0.016,22442994.13043478,0.03,-64150.2,-0.13699999999999998
2020-11-05,0.09,0.0,6.7,0.0,260975.93333333335,0.016,22449678.36956522,0.03,-64062.26666666667,-0.13699999999999998
2020-11-06,0.09,0.0,6.7,0.0,261016.6666666667,0.016,22456362.608695652,0.03,-63974.333333333336,-0.13699999999999998
2020-11-07,0.09,0.0,6.7,0.0,261057.4,0.016,22463046.847826086,0.03,-63886.4,-0.13699999999999998
2020-11-08,0.09,0.0,6.7,0.0,261098.13333333333,0.016,22469731.086956523,0.03,-63798.46666666667,-0.13799999999999998
2020-11-09,0.09,0.0,6.7,0.0,261138.86666666667,0.016,22476415.326086957,0.03,-63710.53333333333,-0.13799999999999998
2020-11-10,0.09,0.0,6.7,0.0,261179.6,0.016,22483099.56521739,0.03,-63622.6,-0.13799999999999998
2020-11-11,0.09,0.0,6.7,0.0,261220.33333333334,0.016,22489783.804347824,0.03,-63534.666666666664,-0.13799999999999998
2020-11-12,0.09,0.0,6.7,0.0,261261.06666666668,0.016,22496468.04347826,0.03,-63446.73333333333,-0.13799999999999998
2020-11-13,0.09,0.0,6.7,0.0,261301.80000000002,0.016,22503152.282608695,0.03,-63358.8,-0.13899999999999998
2020-11-14,0.09,0.0,6.7,0.0,261342.53333333335,0.016,22509836.52173913,0.03,-63270.86666666667,-0.13899999999999998
2020-11-15,0.09,0.0,6.7,0.0,261383.2666666667,0.016,22516520.760869566,0.03,-63182.933333333334,-0.13899999999999998
2020-11-16,0.09,0.0,6.7,0.0,261424.0,0.016,22523205.0,0.03,-63095.0,-0.13899999999999998
2020-11-17,0.09,0.0,6.7,0.0,261464.73333333334,0.016,22529889.239130434,0.03,-63007.066666666666,-0.13899999999999998
2020-11-18,0.09,0.0,6.7,0.0,261505.46666666667,0.016,22536573.47826087,0.03,-62919.13333333333,-0.13999999999999999
2020-11-19,0.08,-11.111,6.7,0.0,261546.2,0.016,22543257.717391305,0.03,-62831.2,-0.13999999999999999
2020-11-20,0.08,0.0,6.7,0.0,261586.93333333335,0.016,22549941.95652174,0.03,-62743.26666666667,-0.13999999999999999
2020-11-21,0.08,0.0,6.7,0.0,261627.6666666667,0.016,22556626.195652176,0.03,-62655.333333333336,-0.13999999999999999
2020-11-22,0.08,0.0,6.7,0.0,261668.40000000002,0.016,22563310.43478261,0.03,-62567.4,-0.13999999999999999
2020-11-23,0.08,0.0,6.7,0.0,261709.13333333336,0.016,22569994.673913043,0.03,-62479.46666666667,-0.14100000000000001
2020-11-24,0.08,0.0,6.7,0.0,261749.8666666667,0.016,22576678.913043477,0.03,-62391.53333333333,-0.14100000000000001
2020-11-25,0.08,0.0,6.7,0.0,261790.60000000003,0.016,22583363.152173914,0.03,-62303.6,-0.14100000000000001
2020-11-26,0.08,0.0,6.7,0.0,261831.33333333334,0.016,22590047.391304348,0.03,-62215.666666666664,-0.14100000000000001
2020-11-27,0.08,0.0,6.7,0.0,261872.06666666668,0.016,22596731.63043478,0.03,-62127.73333333333,-0.14100000000000001
2020-11-28,0.08,0.0,6.7,0.0,261912.80000000002,0.016,22603415.86956522,0.03,-62039.8,-0.14200000000000002
2020-11-29,0.08,0.0,6.7,0.0,261953.53333333335,0.016,22610100.108695652,0.03,-61951.86666666667,-0.14200000000000002
2020-11-30,0.09,12.5,6.7,0.0,261994.2666666667,0.016,22616784.347826086,0.03,-61863.933333333334,-0.14200000000000002
2020-12-01,0.09,0.0,6.7,0.0,262035.00000000003,0.016,22623468.586956523,0.03,-61776.0,-0.14200000000000002
2020-12-02,0.09,0.0,6.687096774193549,-0.193,262054.83870967745,0.008,22630152.826086957,0.03,-61793.903225806454,0.029
2020-12-03,0.09,0.0,6.674193548387097,-0.193,262074.67741935488,0.008,22636837.06521739,0.03,-61811.8064516129,0.029
2020-12-04,0.09,0.0,6.661290322580645,-0.193,262094.51612903227,0.008,22643521.304347824,0.03,-61829.709677419356,0.029
2020-12-05,0.09,0.0,6.648387096774194,-0.194,262114.3548387097,0.008,22650205.54347826,0.03,-61847.6129032258,0.029
2020-12-06,0.09,0.0,6.635483870967742,-0.194,262134.19354838712,0.008,22656889.782608695,0.03,-61865.51612903226,0.029
2020-12-07,0.09,0.0,6.622580645161291,-0.194,262154.03225806454,0.008,22663574.02173913,0.03,-61883.41935483871,0.029
2020-12-08,0.09,0.0,6.609677419354838,-0.19499999999999998,262173.87096774194,0.008,22670258.260869566,0.029,-61901.32258064516,0.029
2020-12-09,0.09,0.0,6.596774193548387,-0.19499999999999998,262193.7096774194,0.008,22676942.5,0.029,-61919.22580645161,0.029
2020-12-10,0.09,0.0,6.583870967741936,-0.196,262213.5483870968,0.008,22683626.739130434,0.029,-61937.12903225807,0.029
2020-12-11,0.09,0.0,6.570967741935484,-0.196,262233.38709677424,0.008,22690310.97826087,0.029,-61955.032258064515,0.029
2020-12-12,0.09,0.0,6.558064516129033,-0.196,262253.22580645164,0.008,22696995.217391305,0.029,-61972.93548387097,0.029
2020-12-13,0.09,0.0,6.54516129032258,-0.197,262273.06451612903,0.008,22703679.45652174,0.029,-61990.83870967742,0.029
2020-12-14,0.09,0.0,6.532258064516129,-0.197,262292.9032258065,0.008,22710363.695652176,0.029,-62008.74193548387,0.029
2020-12-15,0.09,0.0,6.519354838709678,-0.198,262312.7419354839,0.008,22717047.93478261,0.029,-62026.645161290326,0.029
2020-12-16,0.09,0.0,6.506451612903226,-0.198,262332.58064516133,0.008,22723732.173913043,0.029,-62044.54838709677,0.029
2020-12-17,0.09,0.0,6.493548387096774,-0.198,262352.4193548387,0.008,22730416.413043477,0.029,-62062.45161290323,0.029
2020-12-18,0.09,0.0,6.480645161290322,-0.199,262372.2580645161,0.008,22737100.652173914,0.029,-62080.354838709674,0.029
2020-12-19,0.09,0.0,6.467741935483871,-0.199,262392.0967741936,0.008,22743784.891304348,0.029,-62098.25806451613,0.029
2020-12-20,0.09,0.0,6.45483870967742,-0.2,262411.93548387097,0.008,22750469.13043478,0.029,-62116.16129032258,0.029
2020-12-21,0.09,0.0,6.441935483870967,-0.2,262431.7741935484,0.008,22757153.36956522,0.029,-62134.06451612903,0.029
2020-12-22,0.09,0.0,6.429032258064516,-0.2,262451.6129032258,0.008,22763837.608695652,0.029,-62151.967741935485,0.029
2020-12-23,0.09,0.0,6.416129032258064,-0.201,262471.4516129032,0.008,22770521.847826086,0.029,-62169.87096774193,0.029
2020-12-24,0.09,0.0,6.403225806451613,-0.201,262491.29032258067,0.008,22777206.086956523,0.029,-62187.77419354839,0.029
2020-12-25,0.09,0.0,6.390322580645162,-0.202,262511.12903225806,0.008,22783890.326086957,0.029,-62205.67741935484,0.029
2020-12-26,0.09,0.0,6.377419354838709,-0.202,262530.9677419355,0.008,22790574.56521739,0.029,-62223.58064516129,0.029
2020-12-27,0.09,0.0,6.364516129032258,-0.202,262550.8064516129,0.008,22797258.804347828,0.029,-62241.48387096774,0.029
2020-12-28,0.09,0.0,6.351612903225806,-0.203,262570.6451612903,0.008,22803943.04347826,0.029,-62259.3870967742,0.029
2020-12-29,0.09,0.0,6.338709677419355,-0.203,262590.48387096776,0.008,22810627.282608695,0.029,-62277.290322580644,0.029
2020-12-30,0.09,0.0,6.325806451612903,-0.20400000000000001,262610.32258064515,0.008,22817311.52173913,0.029,-62295.1935483871,0.029
2020-12-31,0.09,0.0,6.312903225806451,-0.20400000000000001,262630.1612903226,0.008,22823995.760869566,0.029,-62313.096774193546,0.029
