,date,value,name,var_value
0,1948-01-01,3.4,TDES,
1,1948-02-01,3.8,TDES,11.764705882352944
2,1948-03-01,4.0,TDES,5.263157894736836
3,1948-04-01,3.9,TDES,-2.500000000000002
4,1948-05-01,3.5,TDES,-10.256410256410254
5,1948-06-01,3.6,TDES,2.857142857142869
6,1948-07-01,3.6,TDES,0.0
7,1948-08-01,3.9,TDES,8.333333333333325
8,1948-09-01,3.8,TDES,-2.564102564102566
9,1948-10-01,3.7,TDES,-2.631578947368407
10,1948-11-01,3.8,TDES,2.7027027027026973
11,1948-12-01,4.0,TDES,5.263157894736836
12,1949-01-01,4.3,TDES,7.499999999999996
13,1949-02-01,4.7,TDES,9.302325581395365
14,1949-03-01,5.0,TDES,6.382978723404253
15,1949-04-01,5.3,TDES,6.000000000000005
16,1949-05-01,6.1,TDES,15.094339622641506
17,1949-06-01,6.2,TDES,1.6393442622950838
18,1949-07-01,6.7,TDES,8.064516129032251
19,1949-08-01,6.8,TDES,1.4925373134328401
20,1949-09-01,6.6,TDES,-2.941176470588236
21,1949-10-01,7.9,TDES,19.696969696969703
22,1949-11-01,6.4,TDES,-18.9873417721519
23,1949-12-01,6.6,TDES,3.124999999999978
24,1950-01-01,6.5,TDES,-1.5151515151515138
25,1950-02-01,6.4,TDES,-1.538461538461533
26,1950-03-01,6.3,TDES,-1.562500000000011
27,1950-04-01,5.8,TDES,-7.936507936507942
28,1950-05-01,5.5,TDES,-5.1724137931034475
29,1950-06-01,5.4,TDES,-1.8181818181818077
30,1950-07-01,5.0,TDES,-7.407407407407418
31,1950-08-01,4.5,TDES,-9.999999999999998
32,1950-09-01,4.4,TDES,-2.2222222222222143
33,1950-10-01,4.2,TDES,-4.545454545454552
34,1950-11-01,4.2,TDES,0.0
35,1950-12-01,4.3,TDES,2.3809523809523725
36,1951-01-01,3.7,TDES,-13.953488372093014
37,1951-02-01,3.4,TDES,-8.108108108108114
38,1951-03-01,3.4,TDES,0.0
39,1951-04-01,3.1,TDES,-8.823529411764696
40,1951-05-01,3.0,TDES,-3.2258064516129115
41,1951-06-01,3.2,TDES,6.666666666666665
42,1951-07-01,3.1,TDES,-3.125
43,1951-08-01,3.1,TDES,0.0
44,1951-09-01,3.3,TDES,6.451612903225801
45,1951-10-01,3.5,TDES,6.060606060606055
46,1951-11-01,3.5,TDES,0.0
47,1951-12-01,3.1,TDES,-11.428571428571422
48,1952-01-01,3.2,TDES,3.2258064516129004
49,1952-02-01,3.1,TDES,-3.125
50,1952-03-01,2.9,TDES,-6.451612903225811
51,1952-04-01,2.9,TDES,0.0
52,1952-05-01,3.0,TDES,3.4482758620689724
53,1952-06-01,3.0,TDES,0.0
54,1952-07-01,3.2,TDES,6.666666666666665
55,1952-08-01,3.4,TDES,6.25
56,1952-09-01,3.1,TDES,-8.823529411764696
57,1952-10-01,3.0,TDES,-3.2258064516129115
58,1952-11-01,2.8,TDES,-6.666666666666677
59,1952-12-01,2.7,TDES,-3.5714285714285587
60,1953-01-01,2.9,TDES,7.407407407407396
61,1953-02-01,2.6,TDES,-10.344827586206895
62,1953-03-01,2.6,TDES,0.0
63,1953-04-01,2.7,TDES,3.8461538461538547
64,1953-05-01,2.5,TDES,-7.407407407407418
65,1953-06-01,2.5,TDES,0.0
66,1953-07-01,2.6,TDES,4.0000000000000036
67,1953-08-01,2.7,TDES,3.8461538461538547
68,1953-09-01,2.9,TDES,7.407407407407396
69,1953-10-01,3.1,TDES,6.896551724137945
70,1953-11-01,3.5,TDES,12.903225806451601
71,1953-12-01,4.5,TDES,28.57142857142858
72,1954-01-01,4.9,TDES,8.888888888888902
73,1954-02-01,5.2,TDES,6.1224489795918435
74,1954-03-01,5.7,TDES,9.615384615384626
75,1954-04-01,5.9,TDES,3.5087719298245723
76,1954-05-01,5.9,TDES,0.0
77,1954-06-01,5.6,TDES,-5.084745762711873
78,1954-07-01,5.8,TDES,3.571428571428581
79,1954-08-01,6.0,TDES,3.4482758620689724
80,1954-09-01,6.1,TDES,1.6666666666666607
81,1954-10-01,5.7,TDES,-6.5573770491803245
82,1954-11-01,5.3,TDES,-7.017543859649134
83,1954-12-01,5.0,TDES,-5.660377358490565
84,1955-01-01,4.9,TDES,-1.9999999999999907
85,1955-02-01,4.7,TDES,-4.081632653061229
86,1955-03-01,4.6,TDES,-2.1276595744680993
87,1955-04-01,4.7,TDES,2.1739130434782705
88,1955-05-01,4.3,TDES,-8.510638297872353
89,1955-06-01,4.2,TDES,-2.3255813953488302
90,1955-07-01,4.0,TDES,-4.761904761904767
91,1955-08-01,4.2,TDES,5.000000000000004
92,1955-09-01,4.1,TDES,-2.3809523809523947
93,1955-10-01,4.3,TDES,4.878048780487809
94,1955-11-01,4.2,TDES,-2.3255813953488302
95,1955-12-01,4.2,TDES,0.0
96,1956-01-01,4.0,TDES,-4.761904761904767
97,1956-02-01,3.9,TDES,-2.500000000000002
98,1956-03-01,4.2,TDES,7.692307692307709
99,1956-04-01,4.0,TDES,-4.761904761904767
100,1956-05-01,4.3,TDES,7.499999999999996
101,1956-06-01,4.3,TDES,0.0
102,1956-07-01,4.4,TDES,2.3255813953488413
103,1956-08-01,4.1,TDES,-6.818181818181834
104,1956-09-01,3.9,TDES,-4.8780487804877986
105,1956-10-01,3.9,TDES,0.0
106,1956-11-01,4.3,TDES,10.256410256410264
107,1956-12-01,4.2,TDES,-2.3255813953488302
108,1957-01-01,4.2,TDES,0.0
109,1957-02-01,3.9,TDES,-7.142857142857151
110,1957-03-01,3.7,TDES,-5.128205128205121
111,1957-04-01,3.9,TDES,5.405405405405395
112,1957-05-01,4.1,TDES,5.128205128205132
113,1957-06-01,4.3,TDES,4.878048780487809
114,1957-07-01,4.2,TDES,-2.3255813953488302
115,1957-08-01,4.1,TDES,-2.3809523809523947
116,1957-09-01,4.4,TDES,7.317073170731736
117,1957-10-01,4.5,TDES,2.2727272727272707
118,1957-11-01,5.1,TDES,13.33333333333333
119,1957-12-01,5.2,TDES,1.9607843137255054
120,1958-01-01,5.8,TDES,11.538461538461542
121,1958-02-01,6.4,TDES,10.344827586206895
122,1958-03-01,6.7,TDES,4.6875
123,1958-04-01,7.4,TDES,10.447761194029859
124,1958-05-01,7.4,TDES,0.0
125,1958-06-01,7.3,TDES,-1.3513513513513598
126,1958-07-01,7.5,TDES,2.7397260273972712
127,1958-08-01,7.4,TDES,-1.3333333333333308
128,1958-09-01,7.1,TDES,-4.054054054054069
129,1958-10-01,6.7,TDES,-5.633802816901401
130,1958-11-01,6.2,TDES,-7.462686567164178
131,1958-12-01,6.2,TDES,0.0
132,1959-01-01,6.0,TDES,-3.2258064516129115
133,1959-02-01,5.9,TDES,-1.6666666666666607
134,1959-03-01,5.6,TDES,-5.084745762711873
135,1959-04-01,5.2,TDES,-7.142857142857128
136,1959-05-01,5.1,TDES,-1.9230769230769384
137,1959-06-01,5.0,TDES,-1.9607843137254832
138,1959-07-01,5.1,TDES,2.0000000000000018
139,1959-08-01,5.2,TDES,1.9607843137255054
140,1959-09-01,5.5,TDES,5.769230769230771
141,1959-10-01,5.7,TDES,3.6363636363636376
142,1959-11-01,5.8,TDES,1.754385964912264
143,1959-12-01,5.3,TDES,-8.62068965517241
144,1960-01-01,5.2,TDES,-1.8867924528301772
145,1960-02-01,4.8,TDES,-7.692307692307699
146,1960-03-01,5.4,TDES,12.500000000000021
147,1960-04-01,5.2,TDES,-3.703703703703709
148,1960-05-01,5.1,TDES,-1.9230769230769384
149,1960-06-01,5.4,TDES,5.882352941176494
150,1960-07-01,5.5,TDES,1.8518518518518379
151,1960-08-01,5.6,TDES,1.8181818181818077
152,1960-09-01,5.5,TDES,-1.7857142857142794
153,1960-10-01,6.1,TDES,10.909090909090914
154,1960-11-01,6.1,TDES,0.0
155,1960-12-01,6.6,TDES,8.196721311475418
156,1961-01-01,6.6,TDES,0.0
157,1961-02-01,6.9,TDES,4.545454545454564
158,1961-03-01,6.9,TDES,0.0
159,1961-04-01,7.0,TDES,1.4492753623188248
160,1961-05-01,7.1,TDES,1.4285714285714235
161,1961-06-01,6.9,TDES,-2.8169014084506894
162,1961-07-01,7.0,TDES,1.4492753623188248
163,1961-08-01,6.6,TDES,-5.714285714285716
164,1961-09-01,6.7,TDES,1.5151515151515138
165,1961-10-01,6.5,TDES,-2.985074626865669
166,1961-11-01,6.1,TDES,-6.153846153846154
167,1961-12-01,6.0,TDES,-1.6393442622950727
168,1962-01-01,5.8,TDES,-3.3333333333333326
169,1962-02-01,5.5,TDES,-5.1724137931034475
170,1962-03-01,5.6,TDES,1.8181818181818077
171,1962-04-01,5.6,TDES,0.0
172,1962-05-01,5.5,TDES,-1.7857142857142794
173,1962-06-01,5.5,TDES,0.0
174,1962-07-01,5.4,TDES,-1.8181818181818077
175,1962-08-01,5.7,TDES,5.555555555555558
176,1962-09-01,5.6,TDES,-1.7543859649122862
177,1962-10-01,5.4,TDES,-3.5714285714285587
178,1962-11-01,5.7,TDES,5.555555555555558
179,1962-12-01,5.5,TDES,-3.508771929824561
180,1963-01-01,5.7,TDES,3.6363636363636376
181,1963-02-01,5.9,TDES,3.5087719298245723
182,1963-03-01,5.7,TDES,-3.3898305084745783
183,1963-04-01,5.7,TDES,0.0
184,1963-05-01,5.9,TDES,3.5087719298245723
185,1963-06-01,5.6,TDES,-5.084745762711873
186,1963-07-01,5.6,TDES,0.0
187,1963-08-01,5.4,TDES,-3.5714285714285587
188,1963-09-01,5.5,TDES,1.8518518518518379
189,1963-10-01,5.5,TDES,0.0
190,1963-11-01,5.7,TDES,3.6363636363636376
191,1963-12-01,5.5,TDES,-3.508771929824561
192,1964-01-01,5.6,TDES,1.8181818181818077
193,1964-02-01,5.4,TDES,-3.5714285714285587
194,1964-03-01,5.4,TDES,0.0
195,1964-04-01,5.3,TDES,-1.85185185185186
196,1964-05-01,5.1,TDES,-3.7735849056603765
197,1964-06-01,5.2,TDES,1.9607843137255054
198,1964-07-01,4.9,TDES,-5.769230769230771
199,1964-08-01,5.0,TDES,2.0408163265306145
200,1964-09-01,5.1,TDES,2.0000000000000018
201,1964-10-01,5.1,TDES,0.0
202,1964-11-01,4.8,TDES,-5.882352941176472
203,1964-12-01,5.0,TDES,4.166666666666674
204,1965-01-01,4.9,TDES,-1.9999999999999907
205,1965-02-01,5.1,TDES,4.081632653061207
206,1965-03-01,4.7,TDES,-7.843137254901955
207,1965-04-01,4.8,TDES,2.127659574468077
208,1965-05-01,4.6,TDES,-4.166666666666674
209,1965-06-01,4.6,TDES,0.0
210,1965-07-01,4.4,TDES,-4.347826086956507
211,1965-08-01,4.4,TDES,0.0
212,1965-09-01,4.3,TDES,-2.272727272727282
213,1965-10-01,4.2,TDES,-2.3255813953488302
214,1965-11-01,4.1,TDES,-2.3809523809523947
215,1965-12-01,4.0,TDES,-2.4390243902438935
216,1966-01-01,4.0,TDES,0.0
217,1966-02-01,3.8,TDES,-5.000000000000004
218,1966-03-01,3.8,TDES,0.0
219,1966-04-01,3.8,TDES,0.0
220,1966-05-01,3.9,TDES,2.6315789473684292
221,1966-06-01,3.8,TDES,-2.564102564102566
222,1966-07-01,3.8,TDES,0.0
223,1966-08-01,3.8,TDES,0.0
224,1966-09-01,3.7,TDES,-2.631578947368407
225,1966-10-01,3.7,TDES,0.0
226,1966-11-01,3.6,TDES,-2.7027027027027084
227,1966-12-01,3.8,TDES,5.555555555555558
228,1967-01-01,3.9,TDES,2.6315789473684292
229,1967-02-01,3.8,TDES,-2.564102564102566
230,1967-03-01,3.8,TDES,0.0
231,1967-04-01,3.8,TDES,0.0
232,1967-05-01,3.8,TDES,0.0
233,1967-06-01,3.9,TDES,2.6315789473684292
234,1967-07-01,3.8,TDES,-2.564102564102566
235,1967-08-01,3.8,TDES,0.0
236,1967-09-01,3.8,TDES,0.0
237,1967-10-01,4.0,TDES,5.263157894736836
238,1967-11-01,3.9,TDES,-2.500000000000002
239,1967-12-01,3.8,TDES,-2.564102564102566
240,1968-01-01,3.7,TDES,-2.631578947368407
241,1968-02-01,3.8,TDES,2.7027027027026973
242,1968-03-01,3.7,TDES,-2.631578947368407
243,1968-04-01,3.5,TDES,-5.405405405405405
244,1968-05-01,3.5,TDES,0.0
245,1968-06-01,3.7,TDES,5.714285714285716
246,1968-07-01,3.7,TDES,0.0
247,1968-08-01,3.5,TDES,-5.405405405405405
248,1968-09-01,3.4,TDES,-2.857142857142858
249,1968-10-01,3.4,TDES,0.0
250,1968-11-01,3.4,TDES,0.0
251,1968-12-01,3.4,TDES,0.0
252,1969-01-01,3.4,TDES,0.0
253,1969-02-01,3.4,TDES,0.0
254,1969-03-01,3.4,TDES,0.0
255,1969-04-01,3.4,TDES,0.0
256,1969-05-01,3.4,TDES,0.0
257,1969-06-01,3.5,TDES,2.941176470588247
258,1969-07-01,3.5,TDES,0.0
259,1969-08-01,3.5,TDES,0.0
260,1969-09-01,3.7,TDES,5.714285714285716
261,1969-10-01,3.7,TDES,0.0
262,1969-11-01,3.5,TDES,-5.405405405405405
263,1969-12-01,3.5,TDES,0.0
264,1970-01-01,3.9,TDES,11.428571428571432
265,1970-02-01,4.2,TDES,7.692307692307709
266,1970-03-01,4.4,TDES,4.761904761904767
267,1970-04-01,4.6,TDES,4.545454545454519
268,1970-05-01,4.8,TDES,4.347826086956519
269,1970-06-01,4.9,TDES,2.083333333333348
270,1970-07-01,5.0,TDES,2.0408163265306145
271,1970-08-01,5.1,TDES,2.0000000000000018
272,1970-09-01,5.4,TDES,5.882352941176494
273,1970-10-01,5.5,TDES,1.8518518518518379
274,1970-11-01,5.9,TDES,7.272727272727275
275,1970-12-01,6.1,TDES,3.3898305084745672
276,1971-01-01,5.9,TDES,-3.2786885245901565
277,1971-02-01,5.9,TDES,0.0
278,1971-03-01,6.0,TDES,1.6949152542372836
279,1971-04-01,5.9,TDES,-1.6666666666666607
280,1971-05-01,5.9,TDES,0.0
281,1971-06-01,5.9,TDES,0.0
282,1971-07-01,6.0,TDES,1.6949152542372836
283,1971-08-01,6.1,TDES,1.6666666666666607
284,1971-09-01,6.0,TDES,-1.6393442622950727
285,1971-10-01,5.8,TDES,-3.3333333333333326
286,1971-11-01,6.0,TDES,3.4482758620689724
287,1971-12-01,6.0,TDES,0.0
288,1972-01-01,5.8,TDES,-3.3333333333333326
289,1972-02-01,5.7,TDES,-1.724137931034475
290,1972-03-01,5.8,TDES,1.754385964912264
291,1972-04-01,5.7,TDES,-1.724137931034475
292,1972-05-01,5.7,TDES,0.0
293,1972-06-01,5.7,TDES,0.0
294,1972-07-01,5.6,TDES,-1.7543859649122862
295,1972-08-01,5.6,TDES,0.0
296,1972-09-01,5.5,TDES,-1.7857142857142794
297,1972-10-01,5.6,TDES,1.8181818181818077
298,1972-11-01,5.3,TDES,-5.357142857142849
299,1972-12-01,5.2,TDES,-1.8867924528301772
300,1973-01-01,4.9,TDES,-5.769230769230771
301,1973-02-01,5.0,TDES,2.0408163265306145
302,1973-03-01,4.9,TDES,-1.9999999999999907
303,1973-04-01,5.0,TDES,2.0408163265306145
304,1973-05-01,4.9,TDES,-1.9999999999999907
305,1973-06-01,4.9,TDES,0.0
306,1973-07-01,4.8,TDES,-2.0408163265306256
307,1973-08-01,4.8,TDES,0.0
308,1973-09-01,4.8,TDES,0.0
309,1973-10-01,4.6,TDES,-4.166666666666674
310,1973-11-01,4.8,TDES,4.347826086956519
311,1973-12-01,4.9,TDES,2.083333333333348
312,1974-01-01,5.1,TDES,4.081632653061207
313,1974-02-01,5.2,TDES,1.9607843137255054
314,1974-03-01,5.1,TDES,-1.9230769230769384
315,1974-04-01,5.1,TDES,0.0
316,1974-05-01,5.1,TDES,0.0
317,1974-06-01,5.4,TDES,5.882352941176494
318,1974-07-01,5.5,TDES,1.8518518518518379
319,1974-08-01,5.5,TDES,0.0
320,1974-09-01,5.9,TDES,7.272727272727275
321,1974-10-01,6.0,TDES,1.6949152542372836
322,1974-11-01,6.6,TDES,9.999999999999986
323,1974-12-01,7.2,TDES,9.090909090909104
324,1975-01-01,8.1,TDES,12.5
325,1975-02-01,8.1,TDES,0.0
326,1975-03-01,8.6,TDES,6.172839506172845
327,1975-04-01,8.8,TDES,2.3255813953488413
328,1975-05-01,9.0,TDES,2.2727272727272707
329,1975-06-01,8.8,TDES,-2.2222222222222143
330,1975-07-01,8.6,TDES,-2.272727272727282
331,1975-08-01,8.4,TDES,-2.3255813953488302
332,1975-09-01,8.4,TDES,0.0
333,1975-10-01,8.4,TDES,0.0
334,1975-11-01,8.3,TDES,-1.1904761904761862
335,1975-12-01,8.2,TDES,-1.2048192771084487
336,1976-01-01,7.9,TDES,-3.658536585365846
337,1976-02-01,7.7,TDES,-2.5316455696202556
338,1976-03-01,7.6,TDES,-1.2987012987013102
339,1976-04-01,7.7,TDES,1.3157894736842257
340,1976-05-01,7.4,TDES,-3.8961038961038974
341,1976-06-01,7.6,TDES,2.7027027027026973
342,1976-07-01,7.8,TDES,2.6315789473684292
343,1976-08-01,7.8,TDES,0.0
344,1976-09-01,7.6,TDES,-2.564102564102566
345,1976-10-01,7.7,TDES,1.3157894736842257
346,1976-11-01,7.8,TDES,1.298701298701288
347,1976-12-01,7.8,TDES,0.0
348,1977-01-01,7.5,TDES,-3.8461538461538436
349,1977-02-01,7.6,TDES,1.3333333333333197
350,1977-03-01,7.4,TDES,-2.631578947368407
351,1977-04-01,7.2,TDES,-2.7027027027027084
352,1977-05-01,7.0,TDES,-2.777777777777779
353,1977-06-01,7.2,TDES,2.857142857142869
354,1977-07-01,6.9,TDES,-4.1666666666666625
355,1977-08-01,7.0,TDES,1.4492753623188248
356,1977-09-01,6.8,TDES,-2.857142857142858
357,1977-10-01,6.8,TDES,0.0
358,1977-11-01,6.8,TDES,0.0
359,1977-12-01,6.4,TDES,-5.88235294117646
360,1978-01-01,6.4,TDES,0.0
361,1978-02-01,6.3,TDES,-1.562500000000011
362,1978-03-01,6.3,TDES,0.0
363,1978-04-01,6.1,TDES,-3.1746031746031744
364,1978-05-01,6.0,TDES,-1.6393442622950727
365,1978-06-01,5.9,TDES,-1.6666666666666607
366,1978-07-01,6.2,TDES,5.084745762711851
367,1978-08-01,5.9,TDES,-4.8387096774193505
368,1978-09-01,6.0,TDES,1.6949152542372836
369,1978-10-01,5.8,TDES,-3.3333333333333326
370,1978-11-01,5.9,TDES,1.7241379310344973
371,1978-12-01,6.0,TDES,1.6949152542372836
372,1979-01-01,5.9,TDES,-1.6666666666666607
373,1979-02-01,5.9,TDES,0.0
374,1979-03-01,5.8,TDES,-1.6949152542372947
375,1979-04-01,5.8,TDES,0.0
376,1979-05-01,5.6,TDES,-3.4482758620689724
377,1979-06-01,5.7,TDES,1.7857142857143016
378,1979-07-01,5.7,TDES,0.0
379,1979-08-01,6.0,TDES,5.263157894736836
380,1979-09-01,5.9,TDES,-1.6666666666666607
381,1979-10-01,6.0,TDES,1.6949152542372836
382,1979-11-01,5.9,TDES,-1.6666666666666607
383,1979-12-01,6.0,TDES,1.6949152542372836
384,1980-01-01,6.3,TDES,5.000000000000004
385,1980-02-01,6.3,TDES,0.0
386,1980-03-01,6.3,TDES,0.0
387,1980-04-01,6.9,TDES,9.523809523809534
388,1980-05-01,7.5,TDES,8.695652173913038
389,1980-06-01,7.6,TDES,1.3333333333333197
390,1980-07-01,7.8,TDES,2.6315789473684292
391,1980-08-01,7.7,TDES,-1.2820512820512775
392,1980-09-01,7.5,TDES,-2.5974025974025983
393,1980-10-01,7.5,TDES,0.0
394,1980-11-01,7.5,TDES,0.0
395,1980-12-01,7.2,TDES,-3.9999999999999925
396,1981-01-01,7.5,TDES,4.166666666666674
397,1981-02-01,7.4,TDES,-1.3333333333333308
398,1981-03-01,7.4,TDES,0.0
399,1981-04-01,7.2,TDES,-2.7027027027027084
400,1981-05-01,7.5,TDES,4.166666666666674
401,1981-06-01,7.5,TDES,0.0
402,1981-07-01,7.2,TDES,-3.9999999999999925
403,1981-08-01,7.4,TDES,2.77777777777779
404,1981-09-01,7.6,TDES,2.7027027027026973
405,1981-10-01,7.9,TDES,3.9473684210526327
406,1981-11-01,8.3,TDES,5.063291139240511
407,1981-12-01,8.5,TDES,2.409638554216853
408,1982-01-01,8.6,TDES,1.17647058823529
409,1982-02-01,8.9,TDES,3.488372093023262
410,1982-03-01,9.0,TDES,1.1235955056179803
411,1982-04-01,9.3,TDES,3.3333333333333437
412,1982-05-01,9.4,TDES,1.0752688172043001
413,1982-06-01,9.6,TDES,2.127659574468077
414,1982-07-01,9.8,TDES,2.083333333333348
415,1982-08-01,9.8,TDES,0.0
416,1982-09-01,10.1,TDES,3.0612244897959107
417,1982-10-01,10.4,TDES,2.970297029702973
418,1982-11-01,10.8,TDES,3.8461538461538547
419,1982-12-01,10.8,TDES,0.0
420,1983-01-01,10.4,TDES,-3.703703703703709
421,1983-02-01,10.4,TDES,0.0
422,1983-03-01,10.3,TDES,-0.9615384615384581
423,1983-04-01,10.2,TDES,-0.9708737864077777
424,1983-05-01,10.1,TDES,-0.9803921568627416
425,1983-06-01,10.1,TDES,0.0
426,1983-07-01,9.4,TDES,-6.930693069306926
427,1983-08-01,9.5,TDES,1.0638297872340496
428,1983-09-01,9.2,TDES,-3.157894736842115
429,1983-10-01,8.8,TDES,-4.347826086956507
430,1983-11-01,8.5,TDES,-3.409090909090917
431,1983-12-01,8.3,TDES,-2.35294117647058
432,1984-01-01,8.0,TDES,-3.614457831325313
433,1984-02-01,7.8,TDES,-2.500000000000002
434,1984-03-01,7.8,TDES,0.0
435,1984-04-01,7.7,TDES,-1.2820512820512775
436,1984-05-01,7.4,TDES,-3.8961038961038974
437,1984-06-01,7.2,TDES,-2.7027027027027084
438,1984-07-01,7.5,TDES,4.166666666666674
439,1984-08-01,7.5,TDES,0.0
440,1984-09-01,7.3,TDES,-2.6666666666666727
441,1984-10-01,7.4,TDES,1.3698630136986356
442,1984-11-01,7.2,TDES,-2.7027027027027084
443,1984-12-01,7.3,TDES,1.388888888888884
444,1985-01-01,7.3,TDES,0.0
445,1985-02-01,7.2,TDES,-1.3698630136986245
446,1985-03-01,7.2,TDES,0.0
447,1985-04-01,7.3,TDES,1.388888888888884
448,1985-05-01,7.2,TDES,-1.3698630136986245
449,1985-06-01,7.4,TDES,2.77777777777779
450,1985-07-01,7.4,TDES,0.0
451,1985-08-01,7.1,TDES,-4.054054054054069
452,1985-09-01,7.1,TDES,0.0
453,1985-10-01,7.1,TDES,0.0
454,1985-11-01,7.0,TDES,-1.4084507042253502
455,1985-12-01,7.0,TDES,0.0
456,1986-01-01,6.7,TDES,-4.285714285714281
457,1986-02-01,7.2,TDES,7.462686567164178
458,1986-03-01,7.2,TDES,0.0
459,1986-04-01,7.1,TDES,-1.388888888888895
460,1986-05-01,7.2,TDES,1.4084507042253502
461,1986-06-01,7.2,TDES,0.0
462,1986-07-01,7.0,TDES,-2.777777777777779
463,1986-08-01,6.9,TDES,-1.4285714285714235
464,1986-09-01,7.0,TDES,1.4492753623188248
465,1986-10-01,7.0,TDES,0.0
466,1986-11-01,6.9,TDES,-1.4285714285714235
467,1986-12-01,6.6,TDES,-4.34782608695653
468,1987-01-01,6.6,TDES,0.0
469,1987-02-01,6.6,TDES,0.0
470,1987-03-01,6.6,TDES,0.0
471,1987-04-01,6.3,TDES,-4.545454545454541
472,1987-05-01,6.3,TDES,0.0
473,1987-06-01,6.2,TDES,-1.5873015873015817
474,1987-07-01,6.1,TDES,-1.6129032258064613
475,1987-08-01,6.0,TDES,-1.6393442622950727
476,1987-09-01,5.9,TDES,-1.6666666666666607
477,1987-10-01,6.0,TDES,1.6949152542372836
478,1987-11-01,5.8,TDES,-3.3333333333333326
479,1987-12-01,5.7,TDES,-1.724137931034475
480,1988-01-01,5.7,TDES,0.0
481,1988-02-01,5.7,TDES,0.0
482,1988-03-01,5.7,TDES,0.0
483,1988-04-01,5.4,TDES,-5.263157894736836
484,1988-05-01,5.6,TDES,3.703703703703698
485,1988-06-01,5.4,TDES,-3.5714285714285587
486,1988-07-01,5.4,TDES,0.0
487,1988-08-01,5.6,TDES,3.703703703703698
488,1988-09-01,5.4,TDES,-3.5714285714285587
489,1988-10-01,5.4,TDES,0.0
490,1988-11-01,5.3,TDES,-1.85185185185186
491,1988-12-01,5.3,TDES,0.0
492,1989-01-01,5.4,TDES,1.8867924528301883
493,1989-02-01,5.2,TDES,-3.703703703703709
494,1989-03-01,5.0,TDES,-3.8461538461538547
495,1989-04-01,5.2,TDES,4.0000000000000036
496,1989-05-01,5.2,TDES,0.0
497,1989-06-01,5.3,TDES,1.9230769230769162
498,1989-07-01,5.2,TDES,-1.8867924528301772
499,1989-08-01,5.2,TDES,0.0
500,1989-09-01,5.3,TDES,1.9230769230769162
501,1989-10-01,5.3,TDES,0.0
502,1989-11-01,5.4,TDES,1.8867924528301883
503,1989-12-01,5.4,TDES,0.0
504,1990-01-01,5.4,TDES,0.0
505,1990-02-01,5.3,TDES,-1.85185185185186
506,1990-03-01,5.2,TDES,-1.8867924528301772
507,1990-04-01,5.4,TDES,3.8461538461538547
508,1990-05-01,5.4,TDES,0.0
509,1990-06-01,5.2,TDES,-3.703703703703709
510,1990-07-01,5.5,TDES,5.769230769230771
511,1990-08-01,5.7,TDES,3.6363636363636376
512,1990-09-01,5.9,TDES,3.5087719298245723
513,1990-10-01,5.9,TDES,0.0
514,1990-11-01,6.2,TDES,5.084745762711851
515,1990-12-01,6.3,TDES,1.6129032258064502
516,1991-01-01,6.4,TDES,1.5873015873016039
517,1991-02-01,6.6,TDES,3.124999999999978
518,1991-03-01,6.8,TDES,3.0303030303030276
519,1991-04-01,6.7,TDES,-1.4705882352941124
520,1991-05-01,6.9,TDES,2.9850746268656803
521,1991-06-01,6.9,TDES,0.0
522,1991-07-01,6.8,TDES,-1.449275362318847
523,1991-08-01,6.9,TDES,1.4705882352941346
524,1991-09-01,6.9,TDES,0.0
525,1991-10-01,7.0,TDES,1.4492753623188248
526,1991-11-01,7.0,TDES,0.0
527,1991-12-01,7.3,TDES,4.285714285714293
528,1992-01-01,7.3,TDES,0.0
529,1992-02-01,7.4,TDES,1.3698630136986356
530,1992-03-01,7.4,TDES,0.0
531,1992-04-01,7.4,TDES,0.0
532,1992-05-01,7.6,TDES,2.7027027027026973
533,1992-06-01,7.8,TDES,2.6315789473684292
534,1992-07-01,7.7,TDES,-1.2820512820512775
535,1992-08-01,7.6,TDES,-1.2987012987013102
536,1992-09-01,7.6,TDES,0.0
537,1992-10-01,7.3,TDES,-3.9473684210526327
538,1992-11-01,7.4,TDES,1.3698630136986356
539,1992-12-01,7.4,TDES,0.0
540,1993-01-01,7.3,TDES,-1.3513513513513598
541,1993-02-01,7.1,TDES,-2.73972602739726
542,1993-03-01,7.0,TDES,-1.4084507042253502
543,1993-04-01,7.1,TDES,1.4285714285714235
544,1993-05-01,7.1,TDES,0.0
545,1993-06-01,7.0,TDES,-1.4084507042253502
546,1993-07-01,6.9,TDES,-1.4285714285714235
547,1993-08-01,6.8,TDES,-1.449275362318847
548,1993-09-01,6.7,TDES,-1.4705882352941124
549,1993-10-01,6.8,TDES,1.4925373134328401
550,1993-11-01,6.6,TDES,-2.941176470588236
551,1993-12-01,6.5,TDES,-1.5151515151515138
552,1994-01-01,6.6,TDES,1.538461538461533
553,1994-02-01,6.6,TDES,0.0
554,1994-03-01,6.5,TDES,-1.5151515151515138
555,1994-04-01,6.4,TDES,-1.538461538461533
556,1994-05-01,6.1,TDES,-4.687500000000011
557,1994-06-01,6.1,TDES,0.0
558,1994-07-01,6.1,TDES,0.0
559,1994-08-01,6.0,TDES,-1.6393442622950727
560,1994-09-01,5.9,TDES,-1.6666666666666607
561,1994-10-01,5.8,TDES,-1.6949152542372947
562,1994-11-01,5.6,TDES,-3.4482758620689724
563,1994-12-01,5.5,TDES,-1.7857142857142794
564,1995-01-01,5.6,TDES,1.8181818181818077
565,1995-02-01,5.4,TDES,-3.5714285714285587
566,1995-03-01,5.4,TDES,0.0
567,1995-04-01,5.8,TDES,7.407407407407396
568,1995-05-01,5.6,TDES,-3.4482758620689724
569,1995-06-01,5.6,TDES,0.0
570,1995-07-01,5.7,TDES,1.7857142857143016
571,1995-08-01,5.7,TDES,0.0
572,1995-09-01,5.6,TDES,-1.7543859649122862
573,1995-10-01,5.5,TDES,-1.7857142857142794
574,1995-11-01,5.6,TDES,1.8181818181818077
575,1995-12-01,5.6,TDES,0.0
576,1996-01-01,5.6,TDES,0.0
577,1996-02-01,5.5,TDES,-1.7857142857142794
578,1996-03-01,5.5,TDES,0.0
579,1996-04-01,5.6,TDES,1.8181818181818077
580,1996-05-01,5.6,TDES,0.0
581,1996-06-01,5.3,TDES,-5.357142857142849
582,1996-07-01,5.5,TDES,3.7735849056603765
583,1996-08-01,5.1,TDES,-7.272727272727275
584,1996-09-01,5.2,TDES,1.9607843137255054
585,1996-10-01,5.2,TDES,0.0
586,1996-11-01,5.4,TDES,3.8461538461538547
587,1996-12-01,5.4,TDES,0.0
588,1997-01-01,5.3,TDES,-1.85185185185186
589,1997-02-01,5.2,TDES,-1.8867924528301772
590,1997-03-01,5.2,TDES,0.0
591,1997-04-01,5.1,TDES,-1.9230769230769384
592,1997-05-01,4.9,TDES,-3.9215686274509665
593,1997-06-01,5.0,TDES,2.0408163265306145
594,1997-07-01,4.9,TDES,-1.9999999999999907
595,1997-08-01,4.8,TDES,-2.0408163265306256
596,1997-09-01,4.9,TDES,2.083333333333348
597,1997-10-01,4.7,TDES,-4.081632653061229
598,1997-11-01,4.6,TDES,-2.1276595744680993
599,1997-12-01,4.7,TDES,2.1739130434782705
600,1998-01-01,4.6,TDES,-2.1276595744680993
601,1998-02-01,4.6,TDES,0.0
602,1998-03-01,4.7,TDES,2.1739130434782705
603,1998-04-01,4.3,TDES,-8.510638297872353
604,1998-05-01,4.4,TDES,2.3255813953488413
605,1998-06-01,4.5,TDES,2.2727272727272707
606,1998-07-01,4.5,TDES,0.0
607,1998-08-01,4.5,TDES,0.0
608,1998-09-01,4.6,TDES,2.2222222222222143
609,1998-10-01,4.5,TDES,-2.1739130434782483
610,1998-11-01,4.4,TDES,-2.2222222222222143
611,1998-12-01,4.4,TDES,0.0
612,1999-01-01,4.3,TDES,-2.272727272727282
613,1999-02-01,4.4,TDES,2.3255813953488413
614,1999-03-01,4.2,TDES,-4.545454545454552
615,1999-04-01,4.3,TDES,2.3809523809523725
616,1999-05-01,4.2,TDES,-2.3255813953488302
617,1999-06-01,4.3,TDES,2.3809523809523725
618,1999-07-01,4.3,TDES,0.0
619,1999-08-01,4.2,TDES,-2.3255813953488302
620,1999-09-01,4.2,TDES,0.0
621,1999-10-01,4.1,TDES,-2.3809523809523947
622,1999-11-01,4.1,TDES,0.0
623,1999-12-01,4.0,TDES,-2.4390243902438935
624,2000-01-01,4.0,TDES,0.0
625,2000-02-01,4.1,TDES,2.499999999999991
626,2000-03-01,4.0,TDES,-2.4390243902438935
627,2000-04-01,3.8,TDES,-5.000000000000004
628,2000-05-01,4.0,TDES,5.263157894736836
629,2000-06-01,4.0,TDES,0.0
630,2000-07-01,4.0,TDES,0.0
631,2000-08-01,4.1,TDES,2.499999999999991
632,2000-09-01,3.9,TDES,-4.8780487804877986
633,2000-10-01,3.9,TDES,0.0
634,2000-11-01,3.9,TDES,0.0
635,2000-12-01,3.9,TDES,0.0
636,2001-01-01,4.2,TDES,7.692307692307709
637,2001-02-01,4.2,TDES,0.0
638,2001-03-01,4.3,TDES,2.3809523809523725
639,2001-04-01,4.4,TDES,2.3255813953488413
640,2001-05-01,4.3,TDES,-2.272727272727282
641,2001-06-01,4.5,TDES,4.651162790697683
642,2001-07-01,4.6,TDES,2.2222222222222143
643,2001-08-01,4.9,TDES,6.521739130434789
644,2001-09-01,5.0,TDES,2.0408163265306145
645,2001-10-01,5.3,TDES,6.000000000000005
646,2001-11-01,5.5,TDES,3.7735849056603765
647,2001-12-01,5.7,TDES,3.6363636363636376
648,2002-01-01,5.7,TDES,0.0
649,2002-02-01,5.7,TDES,0.0
650,2002-03-01,5.7,TDES,0.0
651,2002-04-01,5.9,TDES,3.5087719298245723
652,2002-05-01,5.8,TDES,-1.6949152542372947
653,2002-06-01,5.8,TDES,0.0
654,2002-07-01,5.8,TDES,0.0
655,2002-08-01,5.7,TDES,-1.724137931034475
656,2002-09-01,5.7,TDES,0.0
657,2002-10-01,5.7,TDES,0.0
658,2002-11-01,5.9,TDES,3.5087719298245723
659,2002-12-01,6.0,TDES,1.6949152542372836
660,2003-01-01,5.8,TDES,-3.3333333333333326
661,2003-02-01,5.9,TDES,1.7241379310344973
662,2003-03-01,5.9,TDES,0.0
663,2003-04-01,6.0,TDES,1.6949152542372836
664,2003-05-01,6.1,TDES,1.6666666666666607
665,2003-06-01,6.3,TDES,3.2786885245901676
666,2003-07-01,6.2,TDES,-1.5873015873015817
667,2003-08-01,6.1,TDES,-1.6129032258064613
668,2003-09-01,6.1,TDES,0.0
669,2003-10-01,6.0,TDES,-1.6393442622950727
670,2003-11-01,5.8,TDES,-3.3333333333333326
671,2003-12-01,5.7,TDES,-1.724137931034475
672,2004-01-01,5.7,TDES,0.0
673,2004-02-01,5.6,TDES,-1.7543859649122862
674,2004-03-01,5.8,TDES,3.571428571428581
675,2004-04-01,5.6,TDES,-3.4482758620689724
676,2004-05-01,5.6,TDES,0.0
677,2004-06-01,5.6,TDES,0.0
678,2004-07-01,5.5,TDES,-1.7857142857142794
679,2004-08-01,5.4,TDES,-1.8181818181818077
680,2004-09-01,5.4,TDES,0.0
681,2004-10-01,5.5,TDES,1.8518518518518379
682,2004-11-01,5.4,TDES,-1.8181818181818077
683,2004-12-01,5.4,TDES,0.0
684,2005-01-01,5.3,TDES,-1.85185185185186
685,2005-02-01,5.4,TDES,1.8867924528301883
686,2005-03-01,5.2,TDES,-3.703703703703709
687,2005-04-01,5.2,TDES,0.0
688,2005-05-01,5.1,TDES,-1.9230769230769384
689,2005-06-01,5.0,TDES,-1.9607843137254832
690,2005-07-01,5.0,TDES,0.0
691,2005-08-01,4.9,TDES,-1.9999999999999907
692,2005-09-01,5.0,TDES,2.0408163265306145
693,2005-10-01,5.0,TDES,0.0
694,2005-11-01,5.0,TDES,0.0
695,2005-12-01,4.9,TDES,-1.9999999999999907
696,2006-01-01,4.7,TDES,-4.081632653061229
697,2006-02-01,4.8,TDES,2.127659574468077
698,2006-03-01,4.7,TDES,-2.083333333333326
699,2006-04-01,4.7,TDES,0.0
700,2006-05-01,4.6,TDES,-2.1276595744680993
701,2006-06-01,4.6,TDES,0.0
702,2006-07-01,4.7,TDES,2.1739130434782705
703,2006-08-01,4.7,TDES,0.0
704,2006-09-01,4.5,TDES,-4.255319148936176
705,2006-10-01,4.4,TDES,-2.2222222222222143
706,2006-11-01,4.5,TDES,2.2727272727272707
707,2006-12-01,4.4,TDES,-2.2222222222222143
708,2007-01-01,4.6,TDES,4.545454545454519
709,2007-02-01,4.5,TDES,-2.1739130434782483
710,2007-03-01,4.4,TDES,-2.2222222222222143
711,2007-04-01,4.5,TDES,2.2727272727272707
712,2007-05-01,4.4,TDES,-2.2222222222222143
713,2007-06-01,4.6,TDES,4.545454545454519
714,2007-07-01,4.7,TDES,2.1739130434782705
715,2007-08-01,4.6,TDES,-2.1276595744680993
716,2007-09-01,4.7,TDES,2.1739130434782705
717,2007-10-01,4.7,TDES,0.0
718,2007-11-01,4.7,TDES,0.0
719,2007-12-01,5.0,TDES,6.382978723404253
720,2008-01-01,5.0,TDES,0.0
721,2008-02-01,4.9,TDES,-1.9999999999999907
722,2008-03-01,5.1,TDES,4.081632653061207
723,2008-04-01,5.0,TDES,-1.9607843137254832
724,2008-05-01,5.4,TDES,8.000000000000007
725,2008-06-01,5.6,TDES,3.703703703703698
726,2008-07-01,5.8,TDES,3.571428571428581
727,2008-08-01,6.1,TDES,5.1724137931034475
728,2008-09-01,6.1,TDES,0.0
729,2008-10-01,6.5,TDES,6.557377049180335
730,2008-11-01,6.8,TDES,4.615384615384621
731,2008-12-01,7.3,TDES,7.352941176470584
732,2009-01-01,7.8,TDES,6.849315068493156
733,2009-02-01,8.3,TDES,6.410256410256432
734,2009-03-01,8.7,TDES,4.819277108433728
735,2009-04-01,9.0,TDES,3.4482758620689724
736,2009-05-01,9.4,TDES,4.444444444444451
737,2009-06-01,9.5,TDES,1.0638297872340496
738,2009-07-01,9.5,TDES,0.0
739,2009-08-01,9.6,TDES,1.0526315789473717
740,2009-09-01,9.8,TDES,2.083333333333348
741,2009-10-01,10.0,TDES,2.0408163265306145
742,2009-11-01,9.9,TDES,-1.0000000000000009
743,2009-12-01,9.9,TDES,0.0
744,2010-01-01,9.8,TDES,-1.0101010101010055
745,2010-02-01,9.8,TDES,0.0
746,2010-03-01,9.9,TDES,1.0204081632652962
747,2010-04-01,9.9,TDES,0.0
748,2010-05-01,9.6,TDES,-3.0303030303030387
749,2010-06-01,9.4,TDES,-2.083333333333326
750,2010-07-01,9.4,TDES,0.0
751,2010-08-01,9.5,TDES,1.0638297872340496
752,2010-09-01,9.5,TDES,0.0
753,2010-10-01,9.4,TDES,-1.0526315789473606
754,2010-11-01,9.8,TDES,4.255319148936176
755,2010-12-01,9.3,TDES,-5.102040816326525
756,2011-01-01,9.1,TDES,-2.1505376344086113
757,2011-02-01,9.0,TDES,-1.098901098901095
758,2011-03-01,9.0,TDES,0.0
759,2011-04-01,9.1,TDES,1.1111111111111072
760,2011-05-01,9.0,TDES,-1.098901098901095
761,2011-06-01,9.1,TDES,1.1111111111111072
762,2011-07-01,9.0,TDES,-1.098901098901095
763,2011-08-01,9.0,TDES,0.0
764,2011-09-01,9.0,TDES,0.0
765,2011-10-01,8.8,TDES,-2.2222222222222143
766,2011-11-01,8.6,TDES,-2.272727272727282
767,2011-12-01,8.5,TDES,-1.1627906976744096
768,2012-01-01,8.3,TDES,-2.35294117647058
769,2012-02-01,8.3,TDES,0.0
770,2012-03-01,8.2,TDES,-1.2048192771084487
771,2012-04-01,8.2,TDES,0.0
772,2012-05-01,8.2,TDES,0.0
773,2012-06-01,8.2,TDES,0.0
774,2012-07-01,8.2,TDES,0.0
775,2012-08-01,8.1,TDES,-1.2195121951219523
776,2012-09-01,7.8,TDES,-3.703703703703698
777,2012-10-01,7.8,TDES,0.0
778,2012-11-01,7.7,TDES,-1.2820512820512775
779,2012-12-01,7.9,TDES,2.5974025974025983
780,2013-01-01,8.0,TDES,1.2658227848101111
781,2013-02-01,7.7,TDES,-3.749999999999998
782,2013-03-01,7.5,TDES,-2.5974025974025983
783,2013-04-01,7.6,TDES,1.3333333333333197
784,2013-05-01,7.5,TDES,-1.3157894736842035
785,2013-06-01,7.5,TDES,0.0
786,2013-07-01,7.3,TDES,-2.6666666666666727
787,2013-08-01,7.2,TDES,-1.3698630136986245
788,2013-09-01,7.2,TDES,0.0
789,2013-10-01,7.2,TDES,0.0
790,2013-11-01,6.9,TDES,-4.1666666666666625
791,2013-12-01,6.7,TDES,-2.898550724637683
792,2014-01-01,6.6,TDES,-1.4925373134328401
793,2014-02-01,6.7,TDES,1.5151515151515138
794,2014-03-01,6.7,TDES,0.0
795,2014-04-01,6.2,TDES,-7.462686567164178
796,2014-05-01,6.3,TDES,1.6129032258064502
797,2014-06-01,6.1,TDES,-3.1746031746031744
798,2014-07-01,6.2,TDES,1.6393442622950838
799,2014-08-01,6.1,TDES,-1.6129032258064613
800,2014-09-01,5.9,TDES,-3.2786885245901565
801,2014-10-01,5.7,TDES,-3.3898305084745783
802,2014-11-01,5.8,TDES,1.754385964912264
803,2014-12-01,5.6,TDES,-3.4482758620689724
804,2015-01-01,5.7,TDES,1.7857142857143016
805,2015-02-01,5.5,TDES,-3.508771929824561
806,2015-03-01,5.4,TDES,-1.8181818181818077
807,2015-04-01,5.4,TDES,0.0
808,2015-05-01,5.6,TDES,3.703703703703698
809,2015-06-01,5.3,TDES,-5.357142857142849
810,2015-07-01,5.2,TDES,-1.8867924528301772
811,2015-08-01,5.1,TDES,-1.9230769230769384
812,2015-09-01,5.0,TDES,-1.9607843137254832
813,2015-10-01,5.0,TDES,0.0
814,2015-11-01,5.1,TDES,2.0000000000000018
815,2015-12-01,5.0,TDES,-1.9607843137254832
816,2016-01-01,4.9,TDES,-1.9999999999999907
817,2016-01-01,4.8,TDES,-2.0408163265306256
818,2016-02-01,4.9,TDES,2.083333333333348
819,2016-03-01,5.0,TDES,2.0408163265306145
820,2016-04-01,5.0,TDES,0.0
821,2016-04-01,5.1,TDES,2.0000000000000018
822,2016-05-01,4.8,TDES,-5.882352941176472
823,2016-06-01,4.9,TDES,2.083333333333348
824,2016-07-01,4.8,TDES,-2.0408163265306256
825,2016-08-01,4.9,TDES,2.083333333333348
826,2016-09-01,5.0,TDES,2.0408163265306145
827,2016-10-01,4.9,TDES,-1.9999999999999907
828,2016-11-01,4.7,TDES,-4.081632653061229
829,2016-12-01,4.7,TDES,0.0
830,2017-01-01,4.7,TDES,0.0
831,2017-02-01,4.6,TDES,-2.1276595744680993
832,2017-03-01,4.4,TDES,-4.347826086956507
833,2017-04-01,4.4,TDES,0.0
834,2017-04-01,4.5,TDES,2.2727272727272707
835,2017-04-01,4.4,TDES,-2.2222222222222143
836,2017-05-01,4.4,TDES,0.0
837,2017-06-01,4.3,TDES,-2.272727272727282
838,2017-07-01,4.3,TDES,0.0
839,2017-08-01,4.4,TDES,2.3255813953488413
840,2017-09-01,4.2,TDES,-4.545454545454552
841,2017-09-01,4.3,TDES,2.3809523809523725
842,2017-10-01,4.1,TDES,-4.651162790697683
843,2017-10-01,4.2,TDES,2.4390243902439046
844,2017-11-01,4.2,TDES,0.0
845,2017-12-01,4.1,TDES,-2.3809523809523947
846,2018-01-01,4.1,TDES,0.0
847,2018-01-01,4.0,TDES,-2.4390243902438935
848,2018-02-01,4.1,TDES,2.499999999999991
849,2018-03-01,4.0,TDES,-2.4390243902438935
850,2018-04-01,4.0,TDES,0.0
851,2018-05-01,3.8,TDES,-5.000000000000004
852,2018-06-01,4.0,TDES,5.263157894736836
853,2018-07-01,3.8,TDES,-5.000000000000004
854,2018-08-01,3.8,TDES,0.0
855,2018-09-01,3.7,TDES,-2.631578947368407
856,2018-10-01,3.8,TDES,2.7027027027026973
857,2018-11-01,3.7,TDES,-2.631578947368407
858,2018-11-01,3.8,TDES,2.7027027027026973
859,2018-12-01,3.9,TDES,2.6315789473684292
860,2019-01-01,4.0,TDES,2.564102564102577
861,2019-02-01,3.8,TDES,-5.000000000000004
862,2019-03-01,3.8,TDES,0.0
863,2019-04-01,3.6,TDES,-5.263157894736836
864,2019-04-01,3.7,TDES,2.77777777777779
865,2019-04-01,3.6,TDES,-2.7027027027027084
866,2019-05-01,3.6,TDES,0.0
867,2019-05-01,3.7,TDES,2.77777777777779
868,2019-05-01,3.6,TDES,-2.7027027027027084
869,2019-05-01,3.7,TDES,2.77777777777779
870,2019-06-01,3.7,TDES,0.0
871,2019-06-01,3.6,TDES,-2.7027027027027084
872,2019-07-01,3.7,TDES,2.77777777777779
873,2019-07-01,3.6,TDES,-2.7027027027027084
874,2019-07-01,3.7,TDES,2.77777777777779
875,2019-08-01,3.7,TDES,0.0
876,2019-09-01,3.5,TDES,-5.405405405405405
877,2019-10-01,3.6,TDES,2.857142857142869
878,2019-11-01,3.5,TDES,-2.777777777777779
879,2019-11-01,3.6,TDES,2.857142857142869
880,2019-12-01,3.5,TDES,-2.777777777777779
881,2019-12-01,3.6,TDES,2.857142857142869
882,2020-01-01,3.6,TDES,0.0
883,2020-01-01,3.5,TDES,-2.777777777777779
884,2020-02-01,3.5,TDES,0.0
885,2020-03-01,4.4,TDES,25.714285714285733
886,2020-04-01,14.7,TDES,234.09090909090904
887,2020-04-01,14.8,TDES,0.6802721088435382
888,2020-04-01,14.7,TDES,-0.6756756756756799
889,2020-05-01,13.3,TDES,-9.523809523809511
890,2020-05-01,13.2,TDES,-0.7518796992481258
891,2020-06-01,11.1,TDES,-15.909090909090907
892,2020-06-01,11.0,TDES,-0.9009009009009028
893,2020-07-01,10.2,TDES,-7.272727272727275
894,2020-08-01,8.4,TDES,-17.647058823529406
895,2020-09-01,7.9,TDES,-5.952380952380953
896,2020-09-01,7.8,TDES,-1.2658227848101333
897,2020-09-01,7.9,TDES,1.2820512820512997
898,2020-10-01,6.9,TDES,-12.658227848101266
899,2020-11-01,6.7,TDES,-2.898550724637683
900,2020-12-01,6.7,TDES,0.0
901,2021-01-01,6.3,TDES,-5.97014925373135
902,2021-01-01,6.4,TDES,1.5873015873016039
903,2021-01-01,6.3,TDES,-1.562500000000011
904,2021-02-01,6.2,TDES,-1.5873015873015817
905,2021-03-01,6.0,TDES,-3.2258064516129115
906,2021-03-01,6.1,TDES,1.6666666666666607
907,2021-04-01,6.1,TDES,0.0
908,2021-04-01,6.0,TDES,-1.6393442622950727
909,2021-04-01,6.1,TDES,1.6666666666666607
910,2021-05-01,5.8,TDES,-4.91803278688524
911,2021-06-01,5.9,TDES,1.7241379310344973
912,2021-07-01,5.4,TDES,-8.47457627118644
913,2021-08-01,5.2,TDES,-3.703703703703709
914,2021-09-01,4.8,TDES,-7.692307692307699
915,2021-09-01,4.7,TDES,-2.083333333333326
916,2021-09-01,4.8,TDES,2.127659574468077
917,2021-10-01,4.6,TDES,-4.166666666666674
918,2021-10-01,4.5,TDES,-2.1739130434782483
919,2021-11-01,4.2,TDES,-6.666666666666665
920,2021-12-01,3.9,TDES,-7.142857142857151
921,2022-01-01,4.0,TDES,2.564102564102577
922,2022-02-01,3.8,TDES,-5.000000000000004
923,2022-03-01,3.6,TDES,-5.263157894736836
924,2022-04-01,3.6,TDES,0.0
925,2022-05-01,3.6,TDES,0.0
926,2022-06-01,3.6,TDES,0.0
927,2022-07-01,3.5,TDES,-2.777777777777779
928,2022-08-01,3.7,TDES,5.714285714285716
929,2022-09-01,3.5,TDES,-5.405405405405405
930,2022-10-01,3.7,TDES,5.714285714285716
931,2022-11-01,3.7,TDES,0.0
932,2022-11-01,3.6,TDES,-2.7027027027027084
933,2022-12-01,3.5,TDES,-2.777777777777779
934,2023-01-01,3.4,TDES,-2.857142857142858
935,2023-02-01,3.6,TDES,5.882352941176472
936,2023-03-01,3.5,TDES,-2.777777777777779
937,2023-04-01,3.4,TDES,-2.857142857142858
938,2023-05-01,3.7,TDES,8.823529411764719
939,2023-06-01,3.6,TDES,-2.7027027027027084
940,2023-07-01,3.5,TDES,-2.777777777777779
941,2023-08-01,3.8,TDES,8.571428571428562
942,2023-09-01,3.8,TDES,0.0
943,2023-10-01,3.9,TDES,2.6315789473684292
944,2023-11-01,3.7,TDES,-5.128205128205121
