ds,y,VTI_6_days_ago,pct_change_6d,TPM_var,TDES_var,IPC_var,BC_var
2022-12-01,204.18,200.17,0.9175699521048575,0.0,-0.095,0.002,0.388
2022-12-02,203.99,201.39,0.5140746656018935,0.0,-0.092,0.017,-0.037
2022-12-03,203.99,201.39,0.5140746656018935,0.0,-0.092,0.017,-0.037
2022-12-04,203.99,201.39,0.5140746656018935,0.0,-0.092,0.017,-0.037
2022-12-05,199.98,201.54,1.6236385639370798,0.0,-0.092,0.017,-0.037
2022-12-06,196.98,198.27,0.3949567066686921,0.0,-0.093,0.017,-0.037
2022-12-07,196.66,197.96,-0.2318314686019507,0.0,-0.093,0.017,-0.037
2022-12-08,198.36,204.06,3.2796841785605713,0.0,-0.093,0.017,-0.037
2022-12-09,196.7,204.18,2.0032971973822367,0.0,-0.093,0.017,-0.037
2022-12-10,196.7,204.18,2.0032971973822367,0.0,-0.093,0.017,-0.037
2022-12-11,196.7,204.18,2.0032971973822367,0.0,-0.093,0.017,-0.037
2022-12-12,199.53,203.99,1.2910273598490507,0.0,-0.093,0.017,-0.037
2022-12-13,201.02,199.98,-0.7740398928252512,0.0,-0.093,0.017,-0.037
2022-12-14,199.9,196.98,-0.6506279316084274,0.0,-0.093,0.017,-0.037
2022-12-15,194.92,196.66,-0.656698322893523,13.055,-0.093,0.017,-0.037
2022-12-16,192.69,198.36,-2.7932960893854664,0.0,-0.093,0.017,-0.037
2022-12-17,192.69,198.36,-2.7932960893854664,0.0,-0.093,0.017,-0.037
2022-12-18,192.69,198.36,-2.7932960893854664,0.0,-0.093,0.017,-0.037
2022-12-19,190.75,196.7,-3.663434224703699,0.0,-0.094,0.017,-0.037
2022-12-20,191.15,199.53,-2.186381685376737,0.0,-0.094,0.017,-0.037
2022-12-21,194.04,201.02,0.5200520052005331,0.0,-0.094,0.017,-0.037
2022-12-22,190.37,199.9,1.4823839983754805,0.0,-0.094,0.017,-0.037
2022-12-23,191.42,194.92,-0.8847757551103452,0.0,-0.094,0.017,-0.037
2022-12-24,191.42,194.92,-0.8847757551103452,0.0,-0.094,0.017,-0.037
2022-12-25,191.42,194.92,-0.8847757551103452,0.0,-0.094,0.017,-0.037
2022-12-26,191.42,194.92,-0.8847757551103452,0.0,-0.094,0.017,-0.037
2022-12-27,190.62,192.69,-2.858439201451912,0.0,-0.094,0.017,-0.037
2022-12-28,188.22,190.75,-3.0249110320284656,0.0,-0.094,0.017,-0.037
2022-12-29,191.68,191.15,-4.1998696937803786,0.0,-0.095,0.017,-0.037
2022-12-30,191.19,194.04,-3.4722913142970935,0.0,-0.095,0.017,-0.037
2022-12-31,191.19,194.04,-3.4722913142970935,0.0,-0.095,0.017,-0.037
2023-01-01,191.19,194.04,-3.4722913142970935,0.0,-0.095,0.017,-0.037
2023-01-02,191.19,194.04,-3.4722913142970935,0.0,-0.095,0.017,-0.037
2023-01-03,190.41,190.37,-4.767383691845928,0.0,0.189,0.012,0.026
2023-01-04,192.1,191.42,-1.7956084547506634,0.0,0.189,0.012,0.026
2023-01-05,189.85,190.62,-1.0742643624474524,0.0,0.189,0.012,0.026
2023-01-06,194.04,188.22,-1.32634338138925,0.0,0.188,0.012,0.026
2023-01-07,194.04,188.22,-1.32634338138925,0.0,0.188,0.012,0.026
2023-01-08,194.04,188.22,-1.32634338138925,0.0,0.188,0.012,0.026
2023-01-09,194.12,191.68,0.2772691603452726,0.0,0.187,0.012,0.026
2023-01-10,195.65,191.19,-1.4687693259121781,0.0,0.187,0.012,0.026
2023-01-11,198.23,190.41,0.021011714030572115,0.0,0.187,0.012,0.026
2023-01-12,199.19,192.1,0.3552397868561208,0.0,0.186,0.012,0.026
2023-01-13,200.04,189.85,-0.403945021508767,0.0,0.186,0.012,0.026
2023-01-14,200.04,189.85,-0.403945021508767,0.0,0.186,0.012,0.026
2023-01-15,200.04,189.85,-0.403945021508767,0.0,0.186,0.012,0.026
2023-01-16,200.04,189.85,-0.403945021508767,0.0,0.186,0.012,0.026
2023-01-17,199.77,194.04,3.0921262352566092,0.0,0.185,0.012,0.026
2023-01-18,196.62,194.12,1.2729549248747807,0.0,0.184,0.012,0.026
2023-01-19,195.02,195.65,2.3327579894345973,0.0,0.184,0.012,0.026
2023-01-20,198.76,198.23,4.1069271571871235,0.0,0.183,0.012,0.026
2023-01-21,198.76,198.23,4.1069271571871235,0.0,0.183,0.012,0.026
2023-01-22,198.76,198.23,4.1069271571871235,0.0,0.183,0.012,0.026
2023-01-23,201.28,199.19,3.690786048932848,0.0,0.182,0.012,0.026
2023-01-24,200.95,200.04,5.3673953120884965,0.0,0.182,0.012,0.026
2023-01-25,201.05,199.77,2.952999381570809,0.0,0.182,0.012,0.026
2023-01-26,203.12,196.62,1.2878631774160265,0.0,0.181,0.012,0.026
2023-01-27,203.94,195.02,-0.3220035778175312,0.0,0.181,0.012,0.026
2023-01-28,203.94,195.02,-0.3220035778175312,0.0,0.181,0.012,0.026
2023-01-29,203.94,195.02,-0.3220035778175312,0.0,0.181,0.012,0.026
2023-01-30,201.21,198.76,0.2673661907884872,0.0,0.18,0.012,0.026
2023-01-31,204.43,201.28,1.0492494603142832,0.0,0.18,0.012,0.026
2023-02-01,206.92,200.95,0.45490901819635887,0.0,0.18,0.012,0.026
2023-02-02,210.01,201.05,0.6407368473744901,5.774,-0.099,0.003,-0.517
2023-02-03,207.84,203.12,3.30586918929916,0.0,-0.099,0.003,-0.519
2023-02-04,207.84,203.12,3.30586918929916,0.0,-0.099,0.003,-0.519
2023-02-05,207.84,203.12,3.30586918929916,0.0,-0.099,0.003,-0.519
2023-02-06,206.28,203.94,4.573889857450508,0.0,-0.1,0.003,-0.527
2023-02-07,208.88,201.21,1.232642382773208,0.0,-0.1,0.003,-0.53
2023-02-08,206.65,204.43,1.564984101748812,0.0,-0.1,0.003,-0.5329999999999999
2023-02-09,204.64,206.92,2.970888280666828,-0.218,-0.1,0.003,-0.536
2023-02-10,205.01,210.01,4.456602835115642,0.219,-0.1,0.003,-0.539
2023-02-11,205.01,210.01,4.456602835115642,0.219,-0.1,0.003,-0.539
2023-02-12,205.01,210.01,4.456602835115642,0.219,-0.1,0.003,-0.539
2023-02-13,207.45,207.84,2.323749507680195,0.0,-0.1,0.003,-0.5479999999999999
2023-02-14,207.53,206.28,1.1473962930273585,0.0,-0.1,0.003,-0.551
2023-02-15,208.46,208.88,3.8119377764524565,0.0,-0.101,0.003,-0.5539999999999999
2023-02-16,205.68,206.65,1.0859462896835037,0.0,-0.101,0.003,-0.557
2023-02-17,205.08,204.64,-1.1018751208196398,0.0,-0.101,0.003,-0.5599999999999999
2023-02-18,205.08,204.64,-1.1018751208196398,0.0,-0.101,0.003,-0.5599999999999999
2023-02-19,205.08,204.64,-1.1018751208196398,0.0,-0.101,0.003,-0.5599999999999999
2023-02-20,205.08,204.64,-1.1018751208196398,0.0,-0.101,0.003,-0.5599999999999999
2023-02-21,200.83,205.01,-2.380839007666302,0.0,-0.101,0.003,-0.573
2023-02-22,200.66,207.45,-0.18764434180139622,0.0,-0.101,0.003,-0.5760000000000001
2023-02-23,201.73,207.53,0.6059724646112041,0.0,-0.101,0.003,-0.579
2023-02-24,199.48,208.46,-0.20107238605897582,0.0,-0.101,0.003,-0.583
2023-02-25,199.48,208.46,-0.20107238605897582,0.0,-0.101,0.003,-0.583
2023-02-26,199.48,208.46,-0.20107238605897582,0.0,-0.101,0.003,-0.583
2023-02-27,200.19,205.68,-0.4693926929591141,-0.218,-0.10200000000000001,0.003,-0.5930000000000001
2023-02-28,199.52,205.08,0.21501172791245082,0.0,-0.10200000000000001,0.003,-0.597
2023-03-01,200.0,200.83,-2.0389249304911816,0.219,-0.10200000000000001,0.003,-0.6
2023-03-02,200.31,200.66,-3.2730778500843494,-0.218,-0.092,0.013999999999999999,0.6649999999999999
2023-03-03,203.57,201.73,-2.7947766587963274,0.0,-0.092,0.013999999999999999,0.661
2023-03-04,203.57,201.73,-2.7947766587963274,0.0,-0.092,0.013999999999999999,0.661
2023-03-05,203.57,201.73,-2.7947766587963274,0.0,-0.092,0.013999999999999999,0.661
2023-03-06,203.3,199.48,-4.3077808692315145,0.0,-0.093,0.013999999999999999,0.6479999999999999
2023-03-07,200.27,200.19,-2.6691948658109754,0.0,-0.093,0.013999999999999999,0.644
2023-03-08,200.53,199.52,-2.7111371172225507,0.0,-0.093,0.013999999999999999,0.639
2023-03-09,196.57,200.0,-0.4132848677986467,0.0,-0.093,0.013999999999999999,0.635
2023-03-10,193.26,200.31,-0.17442439948170962,0.0,-0.093,0.013999999999999999,0.631
2023-03-11,193.26,200.31,-0.17442439948170962,0.0,-0.093,0.013999999999999999,0.631
2023-03-12,193.26,200.31,-0.17442439948170962,0.0,-0.093,0.013999999999999999,0.631
2023-03-13,192.46,203.57,0.9121102463689024,0.219,-0.093,0.013999999999999999,0.62
2023-03-14,195.89,203.3,1.9149789452576726,0.0,-0.093,0.013999999999999999,0.616
2023-03-15,194.38,200.27,0.03996203606575488,0.0,-0.093,0.013999999999999999,0.612
2023-03-16,197.74,200.53,0.5062149157979201,0.0,-0.093,0.013999999999999999,0.608
2023-03-17,195.19,196.57,-1.7149999999999999,0.0,-0.093,0.013999999999999999,0.605
2023-03-18,195.19,196.57,-1.7149999999999999,0.0,-0.093,0.013999999999999999,0.605
2023-03-19,195.19,196.57,-1.7149999999999999,0.0,-0.093,0.013999999999999999,0.605
2023-03-20,196.89,193.26,-3.519544705706157,0.0,-0.094,0.013999999999999999,0.594
2023-03-21,199.7,192.46,-5.457582158471286,0.0,-0.094,0.013999999999999999,0.59
2023-03-22,196.13,195.89,-3.6448598130841225,0.0,-0.094,0.013999999999999999,0.587
2023-03-23,195.7,194.38,-2.941029610026469,5.459,-0.094,0.013999999999999999,0.584
2023-03-24,196.93,197.74,-1.391313020495677,0.0,-0.094,0.013999999999999999,0.58
2023-03-25,196.93,197.74,-1.391313020495677,0.0,-0.094,0.013999999999999999,0.58
2023-03-26,196.93,197.74,-1.391313020495677,0.0,-0.094,0.013999999999999999,0.58
2023-03-27,197.43,195.19,-0.7020399857557091,0.0,-0.094,0.013999999999999999,0.5700000000000001
2023-03-28,197.15,196.89,1.878298665010858,0.0,-0.094,0.013999999999999999,0.567
2023-03-29,199.99,199.7,3.761820638054658,0.0,-0.095,0.013999999999999999,0.5640000000000001
2023-03-30,201.07,196.13,0.12251773954770062,0.0,-0.095,0.013999999999999999,0.561
2023-03-31,204.1,195.7,0.6790822101039096,0.0,-0.095,0.013999999999999999,0.557
2023-04-01,204.1,195.7,0.6790822101039096,0.0,-0.095,0.013999999999999999,0.557
2023-04-02,204.1,195.7,0.6790822101039096,0.0,-0.095,0.013999999999999999,0.557
2023-04-03,204.64,196.93,-0.4096288055021713,0.0,0.293,0.004,-0.307
2023-04-04,203.27,197.43,1.1475997745786115,0.0,0.292,0.004,-0.308
2023-04-05,202.53,197.15,0.1320534308497212,0.0,0.292,0.004,-0.309
2023-04-06,203.2,199.99,0.1452178267401294,0.0,0.291,0.004,-0.31
2023-04-07,203.2,199.99,0.1452178267401294,0.0,0.291,0.004,-0.31
2023-04-08,203.2,199.99,0.1452178267401294,0.0,0.291,0.004,-0.31
2023-04-09,203.2,199.99,0.1452178267401294,0.0,0.291,0.004,-0.31
2023-04-10,203.66,201.07,2.518737572018548,0.0,0.28700000000000003,0.004,-0.314
2023-04-11,203.87,204.1,4.29228410832907,0.0,0.28700000000000003,0.004,-0.315
2023-04-12,203.01,204.64,3.9150967348803967,0.0,0.28600000000000003,0.004,-0.316
2023-04-13,205.65,203.27,2.9580104340779068,0.0,0.28500000000000003,0.004,-0.317
2023-04-14,205.08,202.53,2.728886634542227,0.0,0.28400000000000003,0.004,-0.318
2023-04-15,205.08,202.53,2.728886634542227,0.0,0.28400000000000003,0.004,-0.318
2023-04-16,205.08,202.53,2.728886634542227,0.0,0.28400000000000003,0.004,-0.318
2023-04-17,205.9,203.2,1.6050802540126918,0.0,0.28200000000000003,0.004,-0.321
2023-04-18,206.0,203.66,1.2881086188889501,0.0,0.281,0.004,-0.322
2023-04-19,206.1,203.87,-0.11268985791278441,0.0,0.27999999999999997,0.004,-0.32299999999999995
2023-04-20,204.82,203.01,-0.796520719311955,0.0,0.27899999999999997,0.004,-0.32399999999999995
2023-04-21,205.0,205.65,1.1708564962857215,0.0,0.27899999999999997,0.004,-0.325
2023-04-22,205.0,205.65,1.1708564962857215,0.0,0.27899999999999997,0.004,-0.325
2023-04-23,205.0,205.65,1.1708564962857215,0.0,0.27899999999999997,0.004,-0.325
2023-04-24,205.08,205.08,1.2590727299659266,0.0,0.27599999999999997,0.004,-0.329
2023-04-25,201.66,205.9,1.3287401574803237,0.0,0.27499999999999997,0.004,-0.33
2023-04-26,200.75,206.0,1.148973779829121,0.0,0.27499999999999997,0.004,-0.331
2023-04-27,204.52,206.1,1.0938343061754896,0.0,0.27399999999999997,0.004,-0.332
2023-04-28,206.3,204.82,0.8915816954829792,0.0,0.27299999999999996,0.004,-0.333
2023-04-29,206.3,204.82,0.8915816954829792,0.0,0.27299999999999996,0.004,-0.333
2023-04-30,206.3,204.82,0.8915816954829792,0.0,0.27299999999999996,0.004,-0.333
2023-05-01,206.2,205.0,-0.3160709944079798,0.0,0.271,0.004,-0.336
2023-05-02,203.68,205.08,0.0,0.0,-0.087,0.006999999999999999,-0.062
2023-05-03,202.49,201.66,-2.0592520641087964,0.0,-0.087,0.006999999999999999,-0.062
2023-05-04,200.98,200.75,-2.5485436893203928,5.176,-0.087,0.006999999999999999,-0.062
2023-05-05,204.69,204.52,-0.7666181465308064,0.0,-0.087,0.006999999999999999,-0.062
2023-05-06,204.69,204.52,-0.7666181465308064,0.0,-0.087,0.006999999999999999,-0.062
2023-05-07,204.69,204.52,-0.7666181465308064,0.0,-0.087,0.006999999999999999,-0.062
2023-05-08,204.91,206.3,0.7225856849917056,0.0,-0.08800000000000001,0.006999999999999999,-0.062
2023-05-09,204.07,206.2,0.5853658536585371,0.0,-0.08800000000000001,0.006999999999999999,-0.062
2023-05-10,204.97,203.68,-0.6826604251999213,0.0,-0.08800000000000001,0.006999999999999999,-0.062
2023-05-11,204.7,202.49,0.41158385401169895,0.0,-0.08800000000000001,0.006999999999999999,-0.062
2023-05-12,204.22,200.98,0.11457036114570496,0.0,-0.08800000000000001,0.006999999999999999,-0.062
2023-05-13,204.22,200.98,0.11457036114570496,0.0,-0.08800000000000001,0.006999999999999999,-0.062
2023-05-14,204.22,200.98,0.11457036114570496,0.0,-0.08800000000000001,0.006999999999999999,-0.062
2023-05-15,205.09,204.69,0.08312145511439883,0.0,-0.08800000000000001,0.006999999999999999,-0.062
2023-05-16,203.5,204.91,-0.6737760542898763,0.0,-0.08800000000000001,0.006999999999999999,-0.062
2023-05-17,206.14,204.07,-1.0329776915615874,0.0,-0.08800000000000001,0.006999999999999999,-0.062
2023-05-18,208.19,204.97,0.6333464257659127,0.0,-0.08800000000000001,0.006999999999999999,-0.062
2023-05-19,207.69,204.7,1.0914119215763574,0.0,-0.08800000000000001,0.006999999999999999,-0.062
2023-05-20,207.69,204.7,1.0914119215763574,0.0,-0.08800000000000001,0.006999999999999999,-0.062
2023-05-21,207.69,204.7,1.0914119215763574,0.0,-0.08800000000000001,0.006999999999999999,-0.062
2023-05-22,208.05,204.22,1.6121007065379667,0.0,-0.089,0.006999999999999999,-0.062
2023-05-23,205.85,205.09,0.1954174605500958,0.0,-0.089,0.006999999999999999,-0.062
2023-05-24,204.26,203.5,-0.6881069737933676,0.0,-0.089,0.006999999999999999,-0.062
2023-05-25,205.65,206.14,1.0143578183956503,0.0,-0.089,0.006999999999999999,-0.062
2023-05-26,208.36,208.19,1.5709616041371888,0.0,-0.089,0.006999999999999999,-0.062
2023-05-27,208.36,208.19,1.5709616041371888,0.0,-0.089,0.006999999999999999,-0.062
2023-05-28,208.36,208.19,1.5709616041371888,0.0,-0.089,0.006999999999999999,-0.062
2023-05-29,208.36,208.19,1.5709616041371888,0.0,-0.089,0.006999999999999999,-0.062
2023-05-30,208.43,207.69,1.4606741573033766,0.0,-0.089,0.006999999999999999,-0.063
2023-05-31,207.18,208.05,1.875428459504458,0.0,-0.089,0.006999999999999999,-0.063
2023-06-01,209.25,205.85,0.3705690184796939,0.0,-0.09,0.006999999999999999,-0.063
2023-06-02,212.71,204.26,0.37346437346437167,0.0,-0.093,0.006999999999999999,-0.01
2023-06-03,212.71,204.26,0.37346437346437167,0.0,-0.093,0.006999999999999999,-0.01
2023-06-04,212.71,204.26,0.37346437346437167,0.0,-0.093,0.006999999999999999,-0.01
2023-06-05,212.15,205.65,-0.23770253225962046,0.0,-0.093,0.006999999999999999,-0.01
2023-06-06,213.12,208.36,0.08165617945146142,0.0,-0.093,0.006999999999999999,-0.01
2023-06-07,212.7,208.43,0.35630025518802455,0.0,-0.093,0.006999999999999999,-0.01
2023-06-08,213.7,207.18,-0.41816870944484386,0.0,-0.093,0.006999999999999999,-0.01
2023-06-09,213.93,209.25,1.6516881224192481,0.0,-0.093,0.006999999999999999,-0.01
2023-06-10,213.93,209.25,1.6516881224192481,0.0,-0.093,0.006999999999999999,-0.01
2023-06-11,213.93,209.25,1.6516881224192481,0.0,-0.093,0.006999999999999999,-0.01
2023-06-12,215.85,212.71,4.136884363066695,0.0,-0.093,0.006999999999999999,-0.01
2023-06-13,217.44,212.15,3.1607099440797537,0.0,-0.094,0.006999999999999999,-0.01
2023-06-14,217.44,213.12,2.2845075830293604,0.0,-0.094,0.006999999999999999,-0.01
2023-06-15,220.09,212.7,2.048649426666027,-0.197,-0.094,0.006999999999999999,-0.01
2023-06-16,219.26,213.7,3.147021913312087,0.197,-0.094,0.006999999999999999,-0.01
2023-06-17,219.26,213.7,3.147021913312087,0.197,-0.094,0.006999999999999999,-0.01
2023-06-18,219.26,213.7,3.147021913312087,0.197,-0.094,0.006999999999999999,-0.01
2023-06-19,219.26,213.7,3.147021913312087,0.197,-0.094,0.006999999999999999,-0.01
2023-06-20,218.18,213.93,2.236559139784955,-0.197,-0.094,0.006999999999999999,-0.01
2023-06-21,216.98,215.85,1.4761882375064594,0.0,-0.094,0.006999999999999999,-0.01
2023-06-22,217.56,217.44,2.4935187367428613,0.0,-0.094,0.006999999999999999,-0.01
2023-06-23,214.94,217.44,2.0270270270270174,0.0,-0.094,0.006999999999999999,-0.01
2023-06-24,214.94,217.44,2.0270270270270174,0.0,-0.094,0.006999999999999999,-0.01
2023-06-25,214.94,217.44,2.0270270270270174,0.0,-0.094,0.006999999999999999,-0.01
2023-06-26,214.19,220.09,3.4743770568876453,0.0,-0.095,0.006999999999999999,-0.01
2023-06-27,216.8,219.26,2.6017781937295315,0.0,-0.095,0.006999999999999999,-0.01
2023-06-28,216.98,218.18,1.9866311410274395,0.0,-0.095,0.006999999999999999,-0.01
2023-06-29,218.02,216.98,0.5235116979383836,0.0,-0.095,0.006999999999999999,-0.01
2023-06-30,220.28,217.56,0.055187637969100756,0.197,-0.095,0.006999999999999999,-0.01
2023-07-01,220.28,217.56,0.055187637969100756,0.197,-0.095,0.006999999999999999,-0.01
2023-07-02,220.28,217.56,0.055187637969100756,0.197,-0.095,0.006999999999999999,-0.01
2023-07-03,220.94,214.94,-1.1497424576894733,0.0,0.27599999999999997,0.017,-0.249
2023-07-04,220.94,214.94,-1.1497424576894733,0.0,0.27599999999999997,0.017,-0.249
2023-07-05,220.27,214.19,-2.6807215230133186,0.0,0.27399999999999997,0.017,-0.25
2023-07-06,218.31,216.8,-1.121955669068675,0.0,0.27299999999999996,0.016,-0.251
2023-07-07,218.04,216.98,-0.5500045833715328,0.0,0.27299999999999996,0.016,-0.252
2023-07-08,218.04,216.98,-0.5500045833715328,0.0,0.27299999999999996,0.016,-0.252
2023-07-09,218.04,216.98,-0.5500045833715328,0.0,0.27299999999999996,0.016,-0.252
2023-07-10,218.99,218.02,0.4793068485574814,-0.197,0.271,0.016,-0.253
2023-07-11,220.71,220.28,1.2502298216583885,0.197,0.27,0.016,-0.254
2023-07-12,222.4,220.94,2.7914766911696365,0.0,0.269,0.016,-0.255
2023-07-13,224.28,220.27,2.838601241888039,0.0,0.268,0.016,-0.255
2023-07-14,223.95,218.31,0.6964944649446414,0.0,0.268,0.016,-0.256
2023-07-15,223.95,218.31,0.6964944649446414,0.0,0.268,0.016,-0.256
2023-07-16,223.95,218.31,0.6964944649446414,0.0,0.268,0.016,-0.256
2023-07-17,224.8,218.04,0.48852428795280733,0.0,0.265,0.016,-0.258
2023-07-18,226.59,218.99,0.4449133107054415,0.0,0.265,0.016,-0.259
2023-07-19,227.18,220.71,0.19520610132559568,0.0,0.264,0.016,-0.259
2023-07-20,225.54,222.4,0.6608128903774713,0.0,0.263,0.016,-0.26
2023-07-21,225.52,224.28,1.8204930312797796,0.0,0.263,0.016,-0.261
2023-07-22,225.52,224.28,1.8204930312797796,0.0,0.263,0.016,-0.261
2023-07-23,225.52,224.28,1.8204930312797796,0.0,0.263,0.016,-0.261
2023-07-24,226.32,223.95,2.5834822042050343,0.0,0.261,0.016,-0.263
2023-07-25,226.89,224.8,3.10034855989727,0.0,0.26,0.016,-0.264
2023-07-26,227.06,226.59,3.4704781040230115,0.0,0.259,0.016,-0.264
2023-07-27,225.31,227.18,2.9314485070907503,4.920999999999999,0.259,0.016,-0.265
2023-07-28,227.66,225.54,1.4118705035971235,0.0,0.258,0.016,-0.266
2023-07-29,227.66,225.54,1.4118705035971235,0.0,0.258,0.016,-0.266
2023-07-30,227.66,225.54,1.4118705035971235,0.0,0.258,0.016,-0.266
2023-07-31,228.35,225.52,0.5528803281612316,0.0,0.256,0.016,-0.268
2023-08-01,227.73,226.32,1.0582719356999393,0.0,0.255,0.016,-0.268
2023-08-02,224.5,226.89,0.9297153024910854,0.0,0.0,0.012,0.13999999999999999
2023-08-03,223.85,227.06,0.20742309898935662,0.0,0.0,0.012,0.13999999999999999
2023-08-04,222.9,225.31,-0.8231358394224841,0.0,0.0,0.012,0.13999999999999999
2023-08-05,222.9,225.31,-0.8231358394224841,0.0,0.0,0.012,0.13999999999999999
2023-08-06,222.9,225.31,-0.8231358394224841,0.0,0.0,0.012,0.13999999999999999
2023-08-07,224.61,227.66,0.9399663030947858,0.0,0.0,0.012,0.13899999999999998
2023-08-08,223.57,228.35,1.2548776161759312,0.0,0.0,0.012,0.13899999999999998
2023-08-09,221.97,227.73,0.6230116648992645,0.0,0.0,0.012,0.13899999999999998
2023-08-10,222.01,224.5,-1.0533738816166371,0.0,0.0,0.012,0.13899999999999998
2023-08-11,221.8,223.85,-1.4137232449572879,0.0,0.0,0.012,0.13799999999999998
2023-08-12,221.8,223.85,-1.4137232449572879,0.0,0.0,0.012,0.13799999999999998
2023-08-13,221.8,223.85,-1.4137232449572879,0.0,0.0,0.012,0.13799999999999998
2023-08-14,222.9,222.9,-1.069637388486977,0.0,0.0,0.012,0.13799999999999998
2023-08-15,220.37,224.61,-1.3397171220240645,0.0,0.0,0.012,0.13799999999999998
2023-08-16,218.55,223.57,-2.09327786292971,0.0,0.0,0.012,0.13699999999999998
2023-08-17,216.76,221.97,-2.529311026215253,0.0,0.0,0.012,0.13699999999999998
2023-08-18,217.01,222.01,-1.1091314031180466,0.0,0.0,0.012,0.13699999999999998
2023-08-19,217.01,222.01,-1.1091314031180466,0.0,0.0,0.012,0.13699999999999998
2023-08-20,217.01,222.01,-1.1091314031180466,0.0,0.0,0.012,0.13699999999999998
2023-08-21,218.26,221.8,-0.9157918248827279,0.0,0.0,0.012,0.13699999999999998
2023-08-22,217.68,222.9,0.0,0.0,0.0,0.012,0.136
2023-08-23,220.06,220.37,-1.8877164863541296,0.0,0.0,0.012,0.136
2023-08-24,217.11,218.55,-2.2453817596278514,0.0,0.0,0.012,0.136
2023-08-25,218.59,216.76,-2.347164031175386,0.0,0.0,0.012,0.136
2023-08-26,218.59,216.76,-2.347164031175386,0.0,0.0,0.012,0.136
2023-08-27,218.59,216.76,-2.347164031175386,0.0,0.0,0.012,0.136
2023-08-28,219.99,217.01,-2.2521508040178384,0.0,0.0,0.012,0.135
2023-08-29,223.19,218.26,-1.5960324616771993,0.0,0.0,0.012,0.135
2023-08-30,224.18,217.68,-2.3418573351278615,0.0,0.0,0.012,0.135
2023-08-31,223.94,220.06,-0.1406725053319402,0.0,0.0,0.012,0.135
2023-09-01,224.68,217.11,-0.658888126286894,0.0,0.0,0.012,0.135
2023-09-02,224.68,217.11,-0.658888126286894,0.0,0.0,0.012,0.135
2023-09-03,224.68,217.11,-0.658888126286894,0.0,0.0,0.012,0.135
2023-09-04,224.68,217.11,-0.658888126286894,0.0,0.0,0.012,0.135
2023-09-05,223.34,218.59,0.844251706957011,0.0,0.0,0.003,0.11299999999999999
2023-09-06,221.94,219.99,1.3732086078982686,0.0,0.0,0.003,0.11299999999999999
2023-09-07,221.18,223.19,2.2587739393383988,0.0,0.0,0.003,0.11199999999999999
2023-09-08,221.42,224.18,2.98603454612274,0.0,0.0,0.003,0.11199999999999999
2023-09-09,221.42,224.18,2.98603454612274,0.0,0.0,0.003,0.11199999999999999
2023-09-10,221.42,224.18,2.98603454612274,0.0,0.0,0.003,0.11199999999999999
2023-09-11,222.81,223.94,1.7631555030446222,0.0,0.0,0.003,0.11199999999999999
2023-09-12,221.73,224.68,3.4867118050757595,0.0,0.0,0.003,0.11199999999999999
2023-09-13,221.76,223.34,2.173017978864533,0.0,0.0,0.003,0.11199999999999999
2023-09-14,223.66,221.94,0.8864039274512514,0.0,0.0,0.003,0.11199999999999999
2023-09-15,221.03,221.18,-0.9005779828845317,0.0,0.0,0.003,0.11100000000000002
2023-09-16,221.03,221.18,-0.9005779828845317,0.0,0.0,0.003,0.11100000000000002
2023-09-17,221.03,221.18,-0.9005779828845317,0.0,0.0,0.003,0.11100000000000002
2023-09-18,221.05,221.42,-1.2311535373360827,0.0,0.0,0.003,0.11100000000000002
2023-09-19,220.49,222.81,-0.5045994462802517,0.0,0.0,0.003,0.11100000000000002
2023-09-20,218.54,221.73,-1.3129784582517456,0.0,0.0,0.003,0.11100000000000002
2023-09-21,214.09,221.76,-0.7074415689083957,0.0,0.0,0.003,0.11100000000000002
2023-09-22,213.64,223.66,0.7749842299720644,0.0,0.0,0.003,0.11100000000000002
2023-09-23,213.64,223.66,0.7749842299720644,0.0,0.0,0.003,0.11100000000000002
2023-09-24,213.64,223.66,0.7749842299720644,0.0,0.0,0.003,0.11100000000000002
2023-09-25,214.5,221.03,-0.06781806673298307,0.0,0.0,0.003,0.11
2023-09-26,211.41,221.05,-0.16710324270615695,0.0,0.0,0.003,0.11
2023-09-27,211.63,220.49,-1.0412459045823774,0.0,0.0,0.003,0.11
2023-09-28,213.03,218.54,-1.4386866910206075,0.0,0.0,0.003,0.11
2023-09-29,212.41,214.09,-3.4586940836940805,0.0,0.0,0.003,0.11
2023-09-30,212.41,214.09,-3.4586940836940805,0.0,0.0,0.003,0.11
2023-10-01,212.41,214.09,-3.4586940836940805,0.0,0.0,0.003,0.11
2023-10-02,212.13,213.64,-4.480014307430924,0.0,-0.08499999999999999,0.005,0.021
2023-10-03,209.05,214.5,-2.954350088223323,0.0,-0.08499999999999999,0.005,0.021
2023-10-04,210.56,211.41,-4.361004297670212,0.0,-0.08499999999999999,0.005,0.021
2023-10-05,210.45,211.63,-4.018322826432041,0.0,-0.08499999999999999,0.005,0.021
2023-10-06,212.96,213.03,-2.5212775693236877,0.0,-0.08499999999999999,0.005,0.021
2023-10-07,212.96,213.03,-2.5212775693236877,0.0,-0.08499999999999999,0.005,0.021
2023-10-08,212.96,213.03,-2.5212775693236877,0.0,-0.08499999999999999,0.005,0.021
2023-10-09,214.3,212.41,-0.7847167079265804,0.0,-0.08499999999999999,0.005,0.021
2023-10-10,215.63,212.13,-0.7067964800599125,0.0,-0.08499999999999999,0.005,0.021
2023-10-11,216.48,209.05,-2.540792540792536,0.0,-0.086,0.005,0.021
2023-10-12,214.74,210.56,-0.40206234331393587,0.0,-0.086,0.005,0.021
2023-10-13,213.53,210.45,-0.5575769030855771,0.0,-0.086,0.005,0.021
2023-10-14,213.53,210.45,-0.5575769030855771,0.0,-0.086,0.005,0.021
2023-10-15,213.53,210.45,-0.5575769030855771,0.0,-0.086,0.005,0.021
2023-10-16,216.01,212.96,-0.032859221705860975,0.0,-0.086,0.005,0.021
2023-10-17,216.29,214.3,0.8897886163551583,0.0,-0.086,0.005,0.021
2023-10-18,213.09,215.63,1.6499316456889623,0.0,-0.086,0.005,0.021
2023-10-19,211.08,216.48,3.5541736426692117,0.0,-0.086,0.005,0.021
2023-10-20,208.47,214.74,1.9851823708206817,0.0,-0.086,0.005,0.021
2023-10-21,208.47,214.74,1.9851823708206817,0.0,-0.086,0.005,0.021
2023-10-22,208.47,214.74,1.9851823708206817,0.0,-0.086,0.005,0.021
2023-10-23,207.9,213.53,1.4635305298170698,0.0,-0.086,0.005,0.021
2023-10-24,209.47,216.01,1.4321938392186206,0.0,-0.087,0.005,0.021
2023-10-25,206.36,216.29,0.928604759682683,0.0,-0.087,0.005,0.021
2023-10-26,204.22,213.09,-1.177943699856232,0.0,-0.087,0.005,0.021
2023-10-27,203.12,211.08,-2.4944567627494307,0.0,-0.087,0.005,0.021
2023-10-28,203.12,211.08,-2.4944567627494307,0.0,-0.087,0.005,0.021
2023-10-29,203.12,211.08,-2.4944567627494307,0.0,-0.087,0.005,0.021
2023-10-30,205.46,208.47,-2.9198100027940765,0.0,-0.087,0.005,0.021
2023-10-31,206.79,207.9,-2.6366318550086643,0.0,-0.087,0.005,0.021
2023-11-01,208.86,209.47,-3.0276376093699375,0.0,-0.087,0.005,0.021
2023-11-02,213.01,206.36,-4.591058301354655,0.0,0.0,0.008,0.008
2023-11-03,215.41,204.22,-4.162560420479611,0.0,0.0,0.008,0.008
2023-11-04,215.41,204.22,-4.162560420479611,0.0,0.0,0.008,0.008
2023-11-05,215.41,204.22,-4.162560420479611,0.0,0.0,0.008,0.008
2023-11-06,215.5,203.12,-3.771082054197461,0.0,0.0,0.008,0.008
2023-11-07,216.14,205.46,-1.4438528325418476,0.0,0.0,0.008,0.008
2023-11-08,216.11,206.79,-0.5339105339105421,0.0,0.0,0.008,0.008
2023-11-09,214.27,208.86,-0.29121115195492875,0.0,0.0,0.008,0.008
2023-11-10,217.46,213.01,3.222523744911787,0.0,0.0,0.008,0.008
2023-11-11,217.46,213.01,3.222523744911787,0.0,0.0,0.008,0.008
2023-11-12,217.46,213.01,3.222523744911787,0.0,0.0,0.008,0.008
2023-11-13,217.33,215.41,5.479384976985613,0.0,0.0,0.008,0.008
2023-11-14,222.15,215.5,6.094919259551013,0.0,0.0,0.008,0.008
2023-11-15,222.7,216.14,5.198092086050798,0.0,0.0,0.008,0.008
2023-11-16,222.55,216.11,4.506987765365844,0.0,0.0,0.008,0.008
2023-11-17,223.11,214.27,2.59025184334003,0.0,0.0,0.008,0.008
2023-11-18,223.11,214.27,2.59025184334003,0.0,0.0,0.008,0.008
2023-11-19,223.11,214.27,2.59025184334003,0.0,0.0,0.008,0.008
2023-11-20,224.79,217.46,2.0891037979437588,0.0,0.0,0.008,0.008
2023-11-21,224.18,217.33,0.8913235225848526,0.0,0.0,0.008,0.008
2023-11-22,225.14,222.15,3.08584686774942,0.0,0.0,0.008,0.008
2023-11-23,225.14,222.15,3.08584686774942,0.0,0.0,0.008,0.008
2023-11-24,225.38,222.7,3.035069862126405,0.0,0.0,0.008,0.008
2023-11-25,225.38,222.7,3.035069862126405,0.0,0.0,0.008,0.008
2023-11-26,225.38,222.7,3.035069862126405,0.0,0.0,0.008,0.008
2023-11-27,225.09,222.55,2.979963907269445,0.0,0.0,0.008,0.008
2023-11-28,225.23,223.11,4.125635879964529,0.0,0.0,0.008,0.008
2023-11-29,225.33,224.79,3.3707348477880927,0.0,0.0,0.008,0.008
2023-11-30,226.26,224.18,3.1518888326508065,0.0,0.0,0.008,0.008
2023-12-01,228.17,225.14,1.3459374296646232,0.0,0.0,0.008,0.008
2023-12-02,228.17,225.14,1.3459374296646232,0.0,0.0,0.008,0.008
2023-12-03,228.17,225.14,1.3459374296646232,0.0,0.0,0.008,0.008
2023-12-04,227.35,225.38,1.2034126627750386,0.0,0.0,0.01,0.074
2023-12-05,226.91,225.09,1.1413165580768325,0.0,0.0,0.01,0.074
2023-12-06,225.95,225.23,0.9502039352785596,0.0,0.0,0.01,0.074
2023-12-07,227.76,225.33,0.2402242092619966,0.0,0.0,0.01,0.073
2023-12-08,228.85,226.26,0.9278258542242845,0.0,0.0,0.01,0.073
2023-12-09,228.85,226.26,0.9278258542242845,0.0,0.0,0.01,0.073
2023-12-10,228.85,226.26,0.9278258542242845,0.0,0.0,0.01,0.073
2023-12-11,229.79,228.17,1.3458292617926526,0.0,0.0,0.01,0.073
2023-12-12,230.66,227.35,0.8740793326825758,0.0,0.0,0.01,0.073
2023-12-13,234.24,226.91,0.808565462703803,0.0,0.0,0.01,0.073
2023-12-14,235.63,225.95,0.3196732229276744,0.0,0.0,0.01,0.073
2023-12-15,235.31,227.76,1.078418319797625,0.0,0.0,0.01,0.073
2023-12-16,235.31,227.76,1.078418319797625,0.0,0.0,0.01,0.073
2023-12-17,235.31,227.76,1.078418319797625,0.0,0.0,0.01,0.073
2023-12-18,236.33,228.85,1.1447007867055659,0.0,0.0,0.01,0.073
2023-12-19,238.06,229.79,0.7099969321120225,0.0,0.0,0.01,0.073
2023-12-20,234.51,230.66,1.4559049923026146,0.0,0.0,0.01,0.073
2023-12-21,236.09,234.24,3.230355647613603,0.0,0.0,0.01,0.073
2023-12-22,236.63,235.63,4.284133657888911,0.0,0.0,0.01,0.073
2023-12-23,236.63,235.63,4.284133657888911,0.0,0.0,0.01,0.073
2023-12-24,236.63,235.63,4.284133657888911,0.0,0.0,0.01,0.073
2023-12-25,236.63,235.63,4.284133657888911,0.0,0.0,0.01,0.073
2023-12-26,237.8,235.31,3.3148928696874025,0.0,0.0,0.01,0.07200000000000001
2023-12-27,238.25,236.33,3.26851649552109,0.0,0.0,0.01,0.07200000000000001
2023-12-28,238.13,238.06,3.5989381609295545,0.0,0.0,0.01,0.07200000000000001
2023-12-29,237.22,234.51,1.6691233850689269,0.0,0.0,0.01,0.07200000000000001
2023-12-30,237.22,234.51,1.6691233850689269,0.0,0.0,0.01,0.07200000000000001
2023-12-31,237.22,234.51,1.6691233850689269,0.0,0.0,0.01,0.07200000000000001
2024-01-01,237.22,234.51,1.6691233850689269,0.0,0.0,0.01,0.07200000000000001
2024-01-02,235.63,236.09,0.7897882513661081,0.0,0.174,0.013999999999999999,0.12
2024-01-03,233.37,236.63,0.424394177311882,0.0,0.174,0.013999999999999999,0.12
2024-01-04,232.77,237.8,1.0581785729463222,0.0,0.174,0.013999999999999999,0.12
2024-01-05,233.12,238.25,0.8124233063935948,0.0,0.173,0.013999999999999999,0.12
2024-01-06,233.12,238.25,0.8124233063935948,0.0,0.173,0.013999999999999999,0.12
2024-01-07,233.12,238.25,0.8124233063935948,0.0,0.173,0.013999999999999999,0.12
2024-01-08,236.45,238.13,0.029404351844064536,0.0,0.173,0.013999999999999999,0.11900000000000001
2024-01-09,236.01,237.22,1.155601040467369,0.0,0.172,0.013999999999999999,0.11900000000000001
2024-01-10,237.23,235.63,-0.19484095048498684,0.0,0.172,0.013999999999999999,0.11900000000000001
2024-01-11,237.07,233.37,-1.3776782318387304,0.0,0.172,0.013999999999999999,0.11900000000000001
2024-01-12,237.11,232.77,-2.115222876366696,0.0,0.17099999999999999,0.013999999999999999,0.11900000000000001
2024-01-13,237.11,232.77,-2.115222876366696,0.0,0.17099999999999999,0.013999999999999999,0.11900000000000001
2024-01-14,237.11,232.77,-2.115222876366696,0.0,0.17099999999999999,0.013999999999999999,0.11900000000000001
2024-01-15,237.11,232.77,-2.115222876366696,0.0,0.17099999999999999,0.013999999999999999,0.11900000000000001
2024-01-16,236.01,233.12,-2.153200419727175,0.0,0.16999999999999998,0.013999999999999999,0.11800000000000001
2024-01-17,234.59,236.45,-0.7054969974383818,0.0,0.16999999999999998,0.013999999999999999,0.11800000000000001
2024-01-18,236.66,236.01,-0.5100750358317252,0.0,0.16999999999999998,0.013999999999999999,0.11800000000000001
2024-01-19,239.54,237.23,0.6790306836990112,0.0,0.169,0.013999999999999999,0.11800000000000001
2024-01-20,239.54,237.23,0.6790306836990112,0.0,0.169,0.013999999999999999,0.11800000000000001
2024-01-21,239.54,237.23,0.6790306836990112,0.0,0.169,0.013999999999999999,0.11800000000000001
2024-01-22,240.58,237.07,1.5854651411920884,0.0,0.168,0.013999999999999999,0.117
2024-01-23,241.02,237.11,1.8645014391889037,0.0,0.168,0.013999999999999999,0.117
2024-01-24,240.98,236.01,1.239704873026759,0.0,0.168,0.013999999999999999,0.117
2024-01-25,242.32,234.59,-0.7866356523577811,0.0,0.168,0.013999999999999999,0.117
2024-01-26,242.12,236.66,0.27541205881107533,0.0,0.167,0.013999999999999999,0.117
2024-01-27,242.12,236.66,0.27541205881107533,0.0,0.167,0.013999999999999999,0.117
2024-01-28,242.12,236.66,0.27541205881107533,0.0,0.167,0.013999999999999999,0.117
2024-01-29,244.32,239.54,0.9737385659486675,0.0,0.167,0.013999999999999999,0.116
2024-01-30,243.98,240.58,1.4805753574893554,0.0,0.166,0.013999999999999999,0.116
2024-01-31,239.87,241.02,1.6490236599046915,0.0,0.166,0.013999999999999999,0.116
2024-02-01,243.1,240.98,2.1058429727554007,0.0,0.166,0.013999999999999999,0.116
2024-02-02,245.18,242.32,3.2951106185259427,0.0,-0.08800000000000001,0.013,-0.045
2024-02-03,245.18,242.32,3.2951106185259427,0.0,-0.08800000000000001,0.013,-0.045
2024-02-04,245.18,242.32,3.2951106185259427,0.0,-0.08800000000000001,0.013,-0.045
2024-02-05,244.02,242.12,2.307107242457529,0.0,-0.089,0.013,-0.045
2024-02-06,244.85,244.32,1.995491358436996,0.0,-0.089,0.013,-0.045
2024-02-07,246.78,243.98,1.4132513093357613,0.0,-0.089,0.013,-0.045
2024-02-08,247.39,239.87,-0.47713882665338936,0.0,-0.089,0.013,-0.045
2024-02-09,248.9,243.1,0.8797410573491593,0.0,-0.089,0.013,-0.045
2024-02-10,248.9,243.1,0.8797410573491593,0.0,-0.089,0.013,-0.045
2024-02-11,248.9,243.1,0.8797410573491593,0.0,-0.089,0.013,-0.045
2024-02-12,249.14,245.18,1.1802575107296098,0.0,-0.089,0.013,-0.045
2024-02-13,245.15,244.02,0.7847348422269862,0.0,-0.089,0.013,-0.045
2024-02-14,247.86,244.85,0.21692861820563625,0.0,-0.089,0.013,-0.045
2024-02-15,249.77,246.78,1.1476350520534417,0.0,-0.089,0.013,-0.045
2024-02-16,248.46,247.39,3.1350314753824993,0.0,-0.09,0.013,-0.045
2024-02-17,248.46,247.39,3.1350314753824993,0.0,-0.09,0.013,-0.045
2024-02-18,248.46,247.39,3.1350314753824993,0.0,-0.09,0.013,-0.045
2024-02-19,248.46,247.39,3.1350314753824993,0.0,-0.09,0.013,-0.045
2024-02-20,246.9,248.9,2.3858494446729717,0.0,-0.09,0.013,-0.045
2024-02-21,246.95,249.14,1.615139897218354,0.0,-0.09,0.013,-0.045
2024-02-22,251.83,245.15,0.4630767969838523,0.0,-0.09,0.013,-0.045
2024-02-23,252.0,247.86,1.2293240759648771,0.0,-0.09,0.013,-0.045
2024-02-24,252.0,247.86,1.2293240759648771,0.0,-0.09,0.013,-0.045
2024-02-25,252.0,247.86,1.2293240759648771,0.0,-0.09,0.013,-0.045
2024-02-26,251.24,249.77,1.2116054785639152,0.0,-0.09,0.013,-0.045
2024-02-27,251.94,248.46,0.4325154614172044,0.0,-0.09,0.013,-0.045
2024-02-28,251.52,246.9,-0.8035355564483759,0.0,-0.09,0.013,-0.045
2024-02-29,252.58,246.95,-0.8790238420165353,0.0,-0.091,0.013,-0.046
2024-03-01,254.9,251.83,2.724862329186206,0.0,-0.091,0.013,-0.046
2024-03-02,254.9,251.83,2.724862329186206,0.0,-0.091,0.013,-0.046
2024-03-03,254.9,251.83,2.724862329186206,0.0,-0.091,0.013,-0.046
2024-03-04,254.65,252.0,1.6702977487291104,0.0,0.08499999999999999,0.01,0.327
2024-03-05,251.95,251.24,0.5885414581414894,0.0,0.08499999999999999,0.01,0.326
2024-03-06,253.44,251.94,1.4006278676648165,0.0,0.08499999999999999,0.01,0.325
2024-03-07,255.91,251.52,1.871202916160386,0.0,0.08499999999999999,0.01,0.32399999999999995
2024-03-08,254.43,252.58,2.2798137274752106,0.0,0.084,0.01,0.32299999999999995
2024-03-09,254.43,252.58,2.2798137274752106,0.0,0.084,0.01,0.32299999999999995
2024-03-10,254.43,252.58,2.2798137274752106,0.0,0.084,0.01,0.32299999999999995
2024-03-11,254.02,254.9,1.2190763610371969,0.0,0.084,0.01,0.319
2024-03-12,256.53,254.65,1.0515873015872979,0.0,0.084,0.01,0.318
2024-03-13,256.21,251.95,0.28259831237062993,0.0,0.084,0.01,0.317
2024-03-14,255.22,253.44,0.5953798523457898,0.0,0.084,0.01,0.316
2024-03-15,253.71,255.91,1.74538804071247,0.0,0.084,0.01,0.315
2024-03-16,253.71,255.91,1.74538804071247,0.0,0.084,0.01,0.315
2024-03-17,253.71,255.91,1.74538804071247,0.0,0.084,0.01,0.315
2024-03-18,255.0,254.43,0.7324412067463815,0.0,0.084,0.01,0.312
2024-03-19,256.47,254.02,-0.3452334248724931,0.0,0.084,0.01,0.311
2024-03-20,259.07,256.53,0.7382682112703653,0.0,0.084,0.01,0.311
2024-03-21,260.14,256.21,1.6908116689819286,0.0,0.084,0.01,0.31
2024-03-22,258.5,255.22,0.7023358585858563,0.0,0.083,0.01,0.309
2024-03-23,258.5,255.22,0.7023358585858563,0.0,0.083,0.01,0.309
2024-03-24,258.5,255.22,0.7023358585858563,0.0,0.083,0.01,0.309
2024-03-25,257.92,253.71,-0.8596772302762679,0.0,0.083,0.01,0.306
2024-03-26,257.46,255.0,0.22403018511967243,0.0,0.083,0.01,0.305
2024-03-27,259.73,256.47,0.96449098496183,0.0,0.083,0.01,0.304
2024-03-28,259.9,259.07,0.9901376057381395,0.0,0.083,0.01,0.303
2024-03-29,259.9,259.07,0.9901376057381395,0.0,0.083,0.01,0.303
2024-03-30,259.9,259.07,0.9901376057381395,0.0,0.083,0.01,0.303
2024-03-31,259.9,259.07,0.9901376057381395,0.0,0.083,0.01,0.303
2024-04-01,259.7,260.14,1.5338979743179548,0.0,0.083,0.01,0.299
2024-04-02,257.3,258.5,1.2851657393621263,0.0,0.08499999999999999,0.0,0.018000000000000002
2024-04-03,257.7,257.92,1.6593748768278793,0.0,0.08499999999999999,0.0,0.018000000000000002
2024-04-04,254.61,257.46,0.9647058823529342,0.0,0.08499999999999999,0.0,0.018000000000000002
2024-04-05,257.18,259.73,1.2711038328069524,0.0,0.08499999999999999,0.0,0.018000000000000002
2024-04-06,257.18,259.73,1.2711038328069524,0.0,0.08499999999999999,0.0,0.018000000000000002
2024-04-07,257.18,259.73,1.2711038328069524,0.0,0.08499999999999999,0.0,0.018000000000000002
2024-04-08,257.48,259.9,0.32037673215732365,0.0,0.08499999999999999,0.0,0.018000000000000002
2024-04-09,257.85,259.7,-0.16913969401091133,0.0,0.08499999999999999,0.0,0.018000000000000002
2024-04-10,254.97,257.3,-0.464216634429393,0.0,0.08499999999999999,0.0,0.018000000000000002
2024-04-11,256.7,257.7,-0.0852977667493926,0.0,0.08499999999999999,0.0,0.018000000000000002
2024-04-12,253.0,254.61,-1.1069680727103126,0.0,0.08499999999999999,0.0,0.018000000000000002
2024-04-13,253.0,254.61,-1.1069680727103126,0.0,0.08499999999999999,0.0,0.018000000000000002
2024-04-14,253.0,254.61,-1.1069680727103126,0.0,0.08499999999999999,0.0,0.018000000000000002
2024-04-15,249.89,257.18,-0.9817887806568448,0.0,0.08499999999999999,0.0,0.018000000000000002
2024-04-16,249.14,257.48,-0.9311273566756317,0.0,0.084,0.0,0.018000000000000002
2024-04-17,247.68,257.85,-0.7123604158644437,0.0,0.084,0.0,0.018000000000000002
2024-04-18,247.17,254.97,-0.9055577147298877,0.0,0.084,0.0,0.018000000000000002
2024-04-19,245.23,256.7,-0.38804811796663286,0.0,0.084,0.0,0.018000000000000002
2024-04-20,245.23,256.7,-0.38804811796663286,0.0,0.084,0.0,0.018000000000000002
2024-04-21,245.23,256.7,-0.38804811796663286,0.0,0.084,0.0,0.018000000000000002
2024-04-22,247.64,253.0,-0.6323396567299078,0.0,0.084,0.0,0.018000000000000002
2024-04-23,250.59,249.89,-2.83459055914147,0.0,0.084,0.0,0.018000000000000002
2024-04-24,250.65,249.14,-3.2390865309927075,0.0,0.084,0.0,0.018000000000000002
2024-04-25,249.46,247.68,-3.9441535776614356,0.0,0.084,0.0,0.018000000000000002
2024-04-26,251.78,247.17,-3.059183433345103,0.0,0.084,0.0,0.018000000000000002
2024-04-27,251.78,247.17,-3.059183433345103,0.0,0.084,0.0,0.018000000000000002
2024-04-28,251.78,247.17,-3.059183433345103,0.0,0.084,0.0,0.018000000000000002
2024-04-29,252.77,245.23,-4.468250876509538,0.0,0.084,0.0,0.018000000000000002
2024-04-30,248.61,247.64,-2.1185770750988153,0.0,0.083,0.0,0.018000000000000002
2024-05-01,247.99,250.59,0.2801232542318788,0.0,0.083,0.0,0.018000000000000002
2024-05-02,250.56,250.65,0.6060849321666506,0.0,0.08099999999999999,-0.002,-0.098
2024-05-03,253.53,249.46,0.7186692506459869,0.0,0.08099999999999999,-0.002,-0.098
2024-05-04,253.53,249.46,0.7186692506459869,0.0,0.08099999999999999,-0.002,-0.098
2024-05-05,253.53,249.46,0.7186692506459869,0.0,0.08099999999999999,-0.002,-0.098
2024-05-06,256.25,251.78,1.8651130800663607,0.0,0.08,-0.002,-0.098
2024-05-07,256.48,252.77,3.074664600579058,0.0,0.08,-0.002,-0.099
2024-05-08,256.3,248.61,0.3916976255855298,0.0,0.08,-0.002,-0.099
2024-05-09,257.81,247.99,-1.0375513787461599,0.0,0.08,-0.002,-0.099
2024-05-10,258.05,250.56,-0.0359066427289112,0.0,0.08,-0.002,-0.099
2024-05-11,258.05,250.56,-0.0359066427289112,0.0,0.08,-0.002,-0.099
2024-05-12,258.05,250.56,-0.0359066427289112,0.0,0.08,-0.002,-0.099
2024-05-13,258.19,253.53,1.6315240920387941,0.0,0.08,-0.002,-0.099
2024-05-14,259.45,256.25,1.775359440781643,0.0,0.08,-0.002,-0.099
2024-05-15,262.64,256.48,1.4677374688452094,0.0,0.08,-0.002,-0.099
2024-05-16,261.93,256.3,3.09319818189131,0.0,0.08,-0.002,-0.099
2024-05-17,262.3,257.81,3.9598370902052427,0.0,0.08,-0.002,-0.1
2024-05-18,262.3,257.81,3.9598370902052427,0.0,0.08,-0.002,-0.1
2024-05-19,262.3,257.81,3.9598370902052427,0.0,0.08,-0.002,-0.1
2024-05-20,262.57,258.05,2.9893039591315507,0.0,0.079,-0.002,-0.1
2024-05-21,263.11,258.19,1.8380467794738342,0.0,0.079,-0.002,-0.1
2024-05-22,262.22,259.45,1.2487804878048792,0.0,0.079,-0.002,-0.1
2024-05-23,259.99,262.64,2.4017467248908186,0.0,0.079,-0.002,-0.1
2024-05-24,261.87,261.93,2.196644557159577,0.0,0.079,-0.002,-0.1
2024-05-25,261.87,261.93,2.196644557159577,0.0,0.079,-0.002,-0.1
2024-05-26,261.87,261.93,2.196644557159577,0.0,0.079,-0.002,-0.1
2024-05-27,261.87,261.93,2.196644557159577,0.0,0.079,-0.002,-0.1
2024-05-28,261.87,262.3,1.74159264574687,0.0,0.079,-0.002,-0.101
2024-05-29,259.72,262.57,1.751598527417153,0.0,0.079,-0.002,-0.101
2024-05-30,258.45,263.11,1.9055734149270087,0.0,0.079,-0.002,-0.101
2024-05-31,260.44,262.22,1.067643091154391,0.0,0.079,-0.002,-0.101
2024-06-01,260.44,262.22,1.067643091154391,0.0,0.079,-0.002,-0.101
2024-06-02,260.44,262.22,1.067643091154391,0.0,0.079,-0.002,-0.101
2024-06-03,260.52,259.99,-1.0089856838257583,0.0,0.16199999999999998,0.005,0.269
2024-06-04,260.49,261.87,-0.02290688351850312,0.0,0.16199999999999998,0.005,0.268
2024-06-05,263.68,261.87,-0.16393442622950616,0.0,0.16199999999999998,0.005,0.267
2024-06-06,263.45,259.72,-1.0854248390905208,0.0,0.16199999999999998,0.005,0.267
2024-06-07,262.95,258.45,-1.7711223442666624,0.0,0.161,0.005,0.266
2024-06-08,262.95,258.45,-1.7711223442666624,0.0,0.161,0.005,0.266
2024-06-09,262.95,258.45,-1.7711223442666624,0.0,0.161,0.005,0.266
2024-06-10,263.83,260.44,-0.6788193120280783,0.0,0.161,0.005,0.264
2024-06-11,264.28,260.52,0.20385399438438423,0.0,0.16,0.005,0.263
2024-06-12,266.77,260.49,-0.5269790353992443,0.0,0.16,0.005,0.262
2024-06-13,266.89,263.68,0.6911826478787297,0.0,0.16,0.005,0.262
2024-06-14,266.69,263.45,1.436162020637588,0.0,0.159,0.005,0.261
2024-06-15,266.69,263.45,1.436162020637588,0.0,0.159,0.005,0.261
2024-06-16,266.69,263.45,1.436162020637588,0.0,0.159,0.005,0.261
2024-06-17,268.72,262.95,1.741149158444566,0.0,0.159,0.005,0.259
2024-06-18,269.4,263.83,1.3016433727538024,0.0,0.158,0.005,0.258
2024-06-19,269.4,263.83,1.3016433727538024,0.0,0.158,0.005,0.258
