,v,vw,o,c,h,l,t,n
0,3650,1648.8627,1646.8,1633.75,1669.17,1631.01,1667347200000,3650
1,3638,1629.4542,1632.8,1629.67,1640.76,1616.21,1667433600000,3638
2,3307,1654.9867,1629.89,1680.3,1681.57,1628.6,1667520000000,3307
3,128,1675.1948,1671.9,1672.59,1681.11,1671.7,1667692800000,128
4,3593,1674.8567,1672.78,1674.1,1681.64,1665.1,1667779200000,3593
5,3642,1685.4345,1674.08,1711.44,1716.79,1664.61,1667865600000,3642
6,3632,1708.9635,1711.05,1706.44,1721.12,1700.51,1667952000000,3632
7,3129,1727.7178,1706.33,1751.31,1756.98,1703.3,1668038400000,3129
8,3454,1759.4861,1752.1,1770.24,1772.15,1746.51,1668124800000,3454
9,131,1763.8577,1773.3,1763.34,1773.3,1761.25,1668297600000,131
10,3616,1764.4756,1762.4,1769.42,1774.87,1753.47,1668384000000,3616
11,3623,1773.908,1769.62,1780.66,1786.05,1766.5,1668470400000,3623
12,3622,1776.1225,1781.27,1773.84,1784.89,1769.6,1668556800000,3622
13,3628,1763.3587,1772.8,1759.85,1774.53,1753.99,1668643200000,3628
14,3468,1758.9806,1760.26,1750.78,1767.55,1746.5,1668729600000,3468
15,124,1751.4534,1751.72,1752.2,1752.38,1750.4,1668902400000,124
16,3667,1741.5316,1751.3,1738.41,1752.82,1732.11,1668988800000,3667
17,3646,1742.5462,1738.59,1741.09,1749.48,1735.38,1669075200000,3646
18,3624,1741.1928,1741.33,1752.07,1752.96,1729.8,1669161600000,3624
19,3230,1755.4325,1752.7,1755.35,1758.52,1751.2,1669248000000,3230
20,2959,1753.4495,1755.64,1753.6,1761.05,1745.2,1669334400000,2959
21,127,1751.1679,1754.47,1750.75,1757.39,1749.14,1669507200000,127
22,3560,1749.5677,1750.67,1741.19,1763.43,1738.51,1669593600000,3560
23,3550,1751.041,1740.86,1748.66,1758.84,1739.31,1669680000000,3550
24,3630,1757.4883,1748.62,1773.35,1773.35,1746.5,1669766400000,3630
25,2532,1790.9041,1773.71,1802.18,1804.32,1771.41,1669852800000,2532
26,3470,1796.379,1802.35,1797.72,1802.73,1778.65,1669939200000,3470
27,123,1797.069,1797.3,1798.98,1799.25,1794.1,1670112000000,123
28,3626,1789.7901,1797.6,1769.12,1809.84,1764.87,1670198400000,3626
29,3619,1772.583,1768.91,1770.99,1780.82,1766.1,1670284800000,3619
30,3609,1777.0527,1770.71,1787.06,1790.41,1767.91,1670371200000,3609
31,3622,1786.0301,1787.14,1789.1,1794.58,1780.3,1670457600000,3622
32,3461,1795.7385,1789.19,1797.06,1805.92,1787.58,1670544000000,3461
33,127,1795.8574,1798.9,1794.8,1798.9,1794.4,1670716800000,127
34,3643,1786.9851,1794.79,1781.92,1795.4,1776.91,1670803200000,3643
35,3628,1795.7854,1781.93,1809.58,1824.15,1780.2,1670889600000,3628
36,3648,1808.6645,1809.61,1807.6,1813.37,1796.65,1670976000000,3648
37,3590,1784.2136,1807.58,1776.43,1807.77,1773.42,1671062400000,3590
38,3431,1783.5366,1776.09,1792.88,1794.16,1774.0,1671148800000,3431
39,128,1792.095,1794.4,1790.99,1794.4,1790.99,1671321600000,128
40,3631,1791.682,1790.08,1787.2,1798.3,1783.41,1671408000000,3631
41,3625,1803.4494,1786.99,1817.15,1820.66,1784.1,1671494400000,3625
42,3623,1815.3724,1817.23,1814.79,1823.3,1810.97,1671580800000,3623
43,3632,1807.6745,1814.8,1792.31,1820.3,1784.3,1671667200000,3632
44,3478,1796.1211,1793.52,1798.19,1803.01,1790.0,1671753600000,3478
45,7,1805.2071,1806.4,1806.41,1806.41,1798.06,1671926400000,7
46,161,1801.4181,1806.41,1801.82,1806.41,1797.89,1672012800000,161
47,3663,1809.5405,1801.52,1812.36,1832.77,1799.48,1672099200000,3663
48,3647,1806.2593,1812.27,1805.69,1814.23,1796.74,1672185600000,3647
49,3657,1810.4932,1804.97,1814.01,1819.95,1803.37,1672272000000,3657
50,3639,1818.3373,1814.98,1823.38,1825.69,1812.81,1672358400000,3639
51,7,1826.0386,1823.58,1826.51,1826.51,1823.58,1672531200000,7
52,154,1827.0919,1825.69,1829.15,1829.5,1822.9,1672617600000,154
53,3637,1837.1805,1829.19,1836.47,1849.88,1825.86,1672704000000,3637
54,3585,1852.5424,1836.37,1854.83,1864.84,1836.21,1672790400000,3585
55,3455,1843.5903,1854.83,1832.66,1858.83,1825.26,1672876800000,3455
56,3442,1846.312,1832.57,1865.9,1869.65,1831.3,1672963200000,3442
57,131,1868.2071,1868.3,1869.52,1869.73,1864.5,1673136000000,131
58,3627,1874.0819,1869.4,1870.38,1881.07,1867.13,1673222400000,3627
59,3597,1874.2774,1870.16,1877.18,1880.45,1867.82,1673308800000,3597
60,3598,1878.0256,1877.17,1876.9,1886.46,1867.34,1673395200000,3598
61,3601,1887.6279,1876.87,1897.99,1901.41,1875.82,1673481600000,3601
62,3429,1905.1026,1897.89,1920.12,1921.81,1892.3,1673568000000,3429
63,130,1919.0461,1922.2,1917.19,1922.2,1917.1,1673740800000,130
64,1649,1915.1925,1917.48,1917.93,1919.26,1911.34,1673827200000,1649
65,3243,1909.4781,1915.3,1908.69,1916.51,1903.85,1673913600000,3243
66,3547,1908.3887,1908.76,1906.86,1925.67,1896.1,1674000000000,3547
67,3583,1914.9849,1906.93,1931.96,1934.97,1901.02,1674086400000,3583
68,2973,1927.759,1929.68,1925.78,1937.15,1920.6,1674172800000,2973
69,133,1926.1178,1925.95,1927.18,1928.99,1923.7,1674345600000,133
70,2482,1924.8513,1922.22,1931.28,1932.67,1911.61,1674432000000,2482
71,1829,1934.6426,1935.7,1937.01,1939.18,1917.66,1674518400000,1829
72,1568,1937.8338,1925.9,1948.31,1948.72,1920.06,1674604800000,1568
73,3487,1936.9476,1947.56,1930.33,1948.84,1919.19,1674691200000,3487
74,2965,1927.2547,1927.44,1927.72,1934.82,1917.6,1674777600000,2965
75,128,1927.5505,1927.2,1928.65,1928.67,1924.8,1674950400000,128
76,3113,1925.7878,1925.47,1922.09,1934.32,1920.73,1675036800000,3113
77,3609,1919.5124,1921.59,1927.31,1930.88,1900.77,1675123200000,3609
78,2715,1931.137,1928.03,1953.03,1955.95,1920.84,1675209600000,2715
79,3572,1940.0517,1952.5,1914.79,1959.59,1910.7,1675296000000,3572
80,3440,1897.649,1915.18,1865.39,1918.43,1861.5,1675382400000,3440
81,131,1866.2367,1870.1,1865.24,1870.1,1861.2,1675555200000,131
82,3593,1871.5017,1865.56,1868.45,1881.18,1863.36,1675641600000,3593
83,3608,1872.3933,1868.34,1872.94,1883.76,1865.06,1675728000000,3608
84,3614,1877.4146,1872.64,1874.97,1885.88,1869.11,1675814400000,3614
85,3611,1875.6879,1875.42,1862.23,1889.77,1858.6,1675900800000,3611
86,3434,1862.0019,1861.96,1865.28,1871.68,1852.76,1675987200000,3434
87,2790,1857.1884,1858.95,1854.34,1866.15,1850.2,1676246400000,2790
88,3592,1856.7154,1854.15,1854.94,1869.19,1843.57,1676332800000,3592
89,3574,1840.2225,1854.94,1836.51,1859.98,1830.72,1676419200000,3574
90,3609,1838.1532,1836.51,1834.22,1845.12,1827.82,1676505600000,3609
91,3460,1830.8701,1833.04,1842.34,1843.46,1819.0,1676592000000,3460
92,133,1839.9132,1846.1,1838.59,1846.1,1837.9,1676764800000,133
93,3249,1842.9362,1838.79,1841.65,1847.34,1836.5,1676851200000,3249
94,3624,1836.389,1840.82,1835.5,1843.66,1829.6,1676937600000,3624
95,3624,1834.1056,1835.59,1825.02,1845.59,1823.47,1677024000000,3624
96,3615,1825.4376,1825.01,1823.24,1833.41,1817.8,1677110400000,3615
97,3450,1818.7493,1823.16,1810.67,1827.65,1809.0,1677196800000,3450
98,136,1811.9666,1817.1,1811.8,1817.1,1810.72,1677369600000,136
99,3618,1813.2084,1811.72,1817.08,1820.0,1806.69,1677456000000,3618
100,3603,1818.1263,1817.13,1825.49,1830.86,1805.73,1677542400000,3603
101,3593,1834.4412,1825.07,1836.51,1844.03,1823.01,1677628800000,3593
102,3609,1834.333,1836.5,1837.66,1838.66,1830.02,1677715200000,3609
103,3463,1844.8313,1838.44,1855.18,1856.3,1837.1,1677801600000,3463
104,130,1853.4175,1858.3,1852.19,1858.31,1852.16,1677974400000,130
105,3627,1851.2558,1852.31,1846.29,1857.96,1844.8,1678060800000,3627
106,3606,1834.8176,1845.36,1813.82,1851.36,1812.5,1678147200000,3606
107,3623,1814.2284,1813.78,1815.12,1823.95,1809.2,1678233600000,3623
108,3619,1821.3698,1815.07,1831.37,1835.09,1811.9,1678320000000,3619
109,3437,1843.302,1831.48,1867.05,1869.82,1827.71,1678406400000,3437
110,259,1883.2722,1869.6,1877.59,1893.75,1866.99,1678579200000,259
111,3571,1893.9133,1876.65,1912.13,1914.4,1871.59,1678665600000,3571
112,3582,1905.7633,1911.76,1903.02,1913.93,1896.25,1678752000000,3582
113,3571,1911.2611,1902.45,1921.03,1937.02,1886.09,1678838400000,3571
114,3609,1919.045,1921.46,1921.3,1932.68,1907.66,1678924800000,3609
115,3289,1943.4141,1921.34,1987.46,1988.78,1918.48,1679011200000,3289
116,256,1979.7372,1988.78,1976.55,2009.79,1975.4,1679184000000,256
117,3598,1980.0438,1976.47,1976.52,2009.23,1966.12,1679270400000,3598
118,3578,1961.645,1977.26,1942.81,1984.78,1935.51,1679356800000,3578
119,3589,1947.7424,1943.12,1969.57,1977.88,1934.65,1679443200000,3589
120,3587,1981.9289,1969.94,1991.23,2003.22,1966.58,1679529600000,3587
121,3266,1989.2653,1991.37,1978.42,2002.82,1974.7,1679616000000,3266
122,260,1973.9026,1981.7,1975.72,1981.7,1969.54,1679788800000,260
123,3596,1961.8948,1975.63,1958.02,1978.3,1944.42,1679875200000,3596
124,3592,1962.9539,1958.2,1971.86,1975.09,1948.5,1679961600000,3592
125,3588,1965.6869,1972.27,1963.15,1972.73,1958.79,1680048000000,3588
126,3570,1970.1183,1963.1,1978.39,1983.9,1955.6,1680134400000,3570
127,3295,1977.7263,1978.21,1969.22,1986.75,1966.89,1680220800000,3295
128,255,1961.6407,1969.3,1957.65,1972.95,1957.54,1680393600000,255
129,3593,1971.4431,1957.54,1984.77,1990.39,1949.8,1680480000000,3593
130,3635,1996.7812,1984.6,2021.6,2024.8,1977.2,1680566400000,3635
131,3609,2022.6081,2021.48,2020.23,2031.9,2011.36,1680652800000,3609
132,3301,2013.0383,2020.34,2007.56,2020.87,2000.4,1680739200000,3301
133,2,2007.145,2007.05,2007.24,2007.24,2007.05,1680825600000,2
134,253,2003.8339,2020.3,2005.49,2020.3,1991.22,1680998400000,253
135,3474,1993.9433,2005.17,1992.37,2005.71,1981.92,1681084800000,3474
136,3610,2001.0704,1992.3,2004.63,2007.13,1988.4,1681171200000,3610
137,3624,2012.7375,2004.87,2018.09,2027.23,2001.2,1681257600000,3624
138,3596,2030.0372,2018.1,2039.89,2047.65,2015.3,1681344000000,3596
139,3292,2026.8111,2039.56,2004.11,2047.27,1992.31,1681430400000,3292
140,255,2002.5303,2004.03,2002.8,2022.75,1998.3,1681603200000,255
141,3618,2001.2488,2002.62,1993.9,2014.83,1981.46,1681689600000,3618
142,3612,2002.3907,1993.87,2005.48,2011.58,1991.37,1681776000000,3612
143,3612,1992.4685,2005.74,1993.6,2007.9,1969.4,1681862400000,3612
144,3638,2000.2554,1993.63,2004.97,2012.1,1990.59,1681948800000,3638
145,3315,1988.8958,2005.27,1982.91,2005.38,1972.01,1682035200000,3315
146,254,1983.6589,2001.9,1984.59,2001.9,1981.1,1682208000000,254
147,3613,1984.2279,1984.62,1995.35,1996.39,1974.76,1682294400000,3613
148,3598,1992.3738,1994.97,2000.07,2003.6,1975.91,1682380800000,3598
149,3604,1994.9998,2000.44,1991.62,2008.06,1983.51,1682467200000,3604
150,3610,1992.317,1991.52,1986.97,2003.07,1975.03,1682553600000,3610
151,3302,1986.7232,1987.17,1989.44,1994.59,1977.07,1682640000000,3302
152,254,1988.7557,1989.42,1986.72,2008.25,1986.2,1682812800000,254
153,3642,1984.1502,1986.95,1981.13,2005.35,1977.12,1682899200000,3642
154,3257,1996.6253,1981.63,2015.84,2018.94,1978.5,1682985600000,3257
155,3577,2021.8626,2015.1,2051.93,2071.32,2008.9,1683072000000,3577
156,3591,2044.354,2052.78,2049.8,2059.39,2030.77,1683158400000,3591
157,3307,2031.9741,2049.79,2016.58,2052.75,1999.63,1683244800000,3307
158,249,2015.8039,2016.67,2015.95,2050.25,2014.0,1683417600000,249
159,3620,2022.2737,2015.8,2021.22,2029.18,2015.23,1683504000000,3620
160,3634,2028.3678,2021.0,2036.27,2037.46,2019.0,1683590400000,3634
161,3610,2031.1301,2036.57,2031.36,2048.01,2021.61,1683676800000,3610
162,3627,2024.6407,2031.21,2016.24,2039.93,2011.07,1683763200000,3627
163,3315,2011.0144,2016.37,2010.86,2022.06,2000.91,1683849600000,3315
164,262,2010.4619,2010.6,2009.72,2026.59,2007.21,1684022400000,262
165,3614,2015.789,2009.53,2014.35,2021.82,2008.63,1684108800000,3614
166,3607,2004.2126,2014.35,1989.5,2018.21,1984.7,1684195200000,3607
167,3647,1986.1356,1988.8,1982.62,1992.87,1975.2,1684281600000,3647
168,3638,1969.5523,1982.62,1958.3,1985.76,1951.8,1684368000000,3638
169,3286,1966.5505,1958.38,1977.58,1983.42,1954.03,1684454400000,3286
170,254,1980.2087,1980.1,1980.73,1981.36,1977.51,1684627200000,254
171,3625,1975.3485,1981.07,1969.58,1982.32,1969.0,1684713600000,3625
172,3607,1965.9867,1969.94,1975.0,1977.35,1954.4,1684800000000,3607
173,3623,1970.5596,1975.19,1959.9,1984.92,1956.4,1684886400000,3623
174,3610,1952.1035,1960.03,1940.37,1964.62,1938.6,1684972800000,3610
175,1045,1944.6267,1948.96,1946.07,1951.22,1938.85,1685059200000,1045
176,259,1944.1185,1946.6,1943.85,1946.6,1941.1,1685232000000,259
177,3215,1944.9334,1944.04,1941.55,1949.6,1940.26,1685318400000,3215
178,3604,1950.8607,1941.54,1958.6,1963.42,1932.11,1685404800000,3604
179,3620,1961.75,1958.5,1966.31,1974.38,1953.6,1685491200000,3620
180,3617,1968.7771,1966.22,1976.87,1983.0,1952.7,1685577600000,3617
181,3316,1970.2885,1977.15,1948.0,1983.42,1947.4,1685664000000,3316
182,265,1948.9761,1950.6,1949.3,1950.6,1946.6,1685836800000,265
183,3615,1950.3735,1949.27,1961.24,1963.88,1938.21,1685923200000,3615
184,3616,1961.6256,1961.4,1963.2,1966.2,1954.43,1686009600000,3616
185,3626,1955.7838,1963.29,1944.39,1969.82,1939.0,1686096000000,3626
186,3632,1954.711,1944.36,1965.33,1969.81,1942.71,1686182400000,3632
187,3056,1963.3214,1965.2,1960.49,1971.94,1956.93,1686268800000,3056
188,258,1959.4972,1963.1,1959.83,1963.1,1957.5,1686441600000,258
189,3617,1958.7173,1960.09,1959.86,1966.78,1949.49,1686528000000,3617
190,3614,1954.8635,1959.98,1943.93,1969.47,1940.1,1686614400000,3614
191,3610,1949.1626,1944.19,1945.16,1959.7,1939.66,1686700800000,3610
192,3613,1943.8195,1944.8,1958.25,1960.13,1926.21,1686787200000,3613
193,3308,1959.4116,1958.23,1957.5,1967.8,1953.5,1686873600000,3308
194,326,1958.1873,1957.45,1956.94,1961.4,1955.9,1687046400000,326
195,3236,1953.2448,1957.0,1952.32,1958.49,1947.8,1687132800000,3236
196,3620,1944.5624,1952.39,1937.17,1956.39,1929.0,1687219200000,3620
197,3613,1934.0298,1935.9,1933.78,1939.08,1920.19,1687305600000,3613
198,3614,1923.761,1933.91,1914.43,1934.15,1912.4,1687392000000,3614
199,3290,1918.6472,1914.47,1920.79,1936.57,1910.2,1687478400000,3290
200,260,1924.0078,1927.3,1925.29,1927.3,1920.51,1687651200000,260
201,3616,1926.2672,1925.22,1922.37,1933.18,1920.4,1687737600000,3616
202,3464,1921.3434,1922.57,1915.42,1930.04,1910.6,1687824000000,3464
203,3606,1911.2018,1915.26,1909.64,1916.98,1903.46,1687910400000,3606
204,3593,1906.6532,1909.47,1908.76,1913.0,1893.16,1687996800000,3593
205,3276,1910.7441,1908.71,1919.2,1922.61,1900.57,1688083200000,3276
206,271,1918.5718,1920.3,1918.11,1920.3,1917.46,1688256000000,271
207,3599,1918.7166,1917.7,1921.17,1930.5,1910.11,1688342400000,3599
208,3225,1925.7124,1921.07,1926.23,1930.53,1919.5,1688428800000,3225
209,3025,1922.4625,1926.34,1916.69,1934.83,1914.1,1688515200000,3025
210,3128,1914.3474,1916.75,1911.58,1927.32,1902.85,1688601600000,3128
211,3288,1918.5665,1911.5,1925.53,1934.62,1909.4,1688688000000,3288
212,263,1925.4549,1925.43,1924.82,1927.99,1923.1,1688860800000,263
213,3627,1923.6345,1924.99,1924.76,1926.79,1912.72,1688947200000,3627
214,3626,1931.5498,1924.93,1933.19,1938.2,1923.9,1689033600000,3626
215,3607,1945.2566,1933.28,1957.68,1959.58,1932.9,1689120000000,3607
216,3626,1959.4897,1957.68,1959.88,1963.21,1952.92,1689206400000,3626
217,3300,1958.4087,1960.34,1955.43,1963.69,1951.1,1689292800000,3300
218,254,1953.0454,1957.9,1953.21,1957.9,1951.2,1689465600000,254
219,3608,1954.1086,1953.1,1955.39,1959.66,1945.93,1689552000000,3608
220,3609,1967.8572,1955.06,1977.43,1984.1,1954.66,1689638400000,3609
221,3614,1976.535,1977.59,1977.65,1980.79,1970.1,1689724800000,3614
222,3619,1976.8651,1977.55,1972.07,1987.32,1965.43,1689811200000,3619
223,3279,1965.7072,1972.14,1961.6,1973.68,1958.08,1689897600000,3279
224,256,1961.7035,1962.3,1961.11,1962.76,1960.1,1690070400000,256
225,3599,1960.3359,1961.19,1954.37,1967.68,1952.8,1690156800000,3599
226,3610,1961.4613,1954.29,1965.29,1966.13,1951.96,1690243200000,3610
227,3603,1969.1225,1965.37,1971.98,1977.72,1961.8,1690329600000,3603
228,3615,1963.1177,1971.97,1947.37,1981.93,1942.1,1690416000000,3615
229,3280,1954.6071,1947.32,1959.0,1963.46,1946.0,1690502400000,3280
230,256,1959.1873,1961.7,1957.96,1961.7,1956.9,1690675200000,256
231,3613,1961.3295,1957.94,1963.95,1972.23,1952.79,1690761600000,3613
232,3609,1952.687,1963.88,1952.15,1964.6,1941.29,1690848000000,3609
233,3598,1943.7974,1951.66,1935.98,1954.55,1933.44,1690934400000,3598
234,3595,1935.1544,1936.11,1935.65,1938.79,1929.75,1691020800000,3595
235,3284,1937.1791,1935.89,1942.51,1946.07,1930.41,1691107200000,3284
236,1,1942.51,1942.51,1942.51,1942.51,1942.51,1691280000000,1
237,3521,1936.9742,1944.78,1936.64,1944.78,1931.69,1691366400000,3521
238,3605,1929.7634,1936.82,1925.56,1937.1,1922.81,1691452800000,3605
239,3522,1923.4406,1925.49,1916.62,1932.23,1913.4,1691539200000,3522
240,3614,1917.7136,1916.56,1912.35,1929.52,1910.9,1691625600000,3614
241,3279,1915.5391,1912.34,1913.56,1920.83,1911.7,1691712000000,3279
242,250,1913.8184,1913.46,1913.69,1915.1,1911.6,1691884800000,250
243,3583,1910.8964,1913.67,1907.48,1915.97,1902.7,1691971200000,3583
244,3575,1904.5398,1907.53,1901.52,1911.34,1896.69,1692057600000,3575
245,3587,1901.493,1901.31,1893.27,1907.1,1891.2,1692144000000,3587
246,3613,1892.9977,1893.17,1891.35,1902.96,1884.7,1692230400000,3613
247,3286,1891.8787,1891.29,1889.28,1896.06,1886.8,1692316800000,3286
248,1,1889.28,1889.28,1889.28,1889.28,1889.28,1692489600000,1
249,2361,1898.2522,1900.07,1898.45,1904.25,1889.68,1692662400000,2361
250,3586,1908.486,1898.46,1917.92,1920.13,1897.7,1692748800000,3586
251,3612,1918.7186,1917.95,1915.7,1923.01,1912.04,1692835200000,3612
252,3288,1914.061,1915.69,1914.64,1922.25,1903.4,1692921600000,3288
253,257,1915.128,1914.1,1915.02,1915.97,1913.9,1693094400000,257
254,3588,1917.412,1915.12,1921.09,1925.79,1913.1,1693180800000,3588
255,3559,1927.4575,1921.21,1936.14,1938.02,1914.53,1693267200000,3559
256,3149,1940.5667,1936.2,1944.18,1948.7,1934.7,1693353600000,3149
257,3401,1943.4243,1944.15,1939.94,1947.63,1938.4,1693440000000,3401
258,3296,1941.4055,1939.79,1939.87,1952.29,1934.61,1693526400000,3296
259,1,1939.87,1939.87,1939.87,1939.87,1939.87,1693699200000,1
260,2552,1941.1185,1941.33,1937.58,1946.15,1936.8,1693785600000,2552
261,3510,1931.6834,1937.46,1926.54,1938.89,1924.7,1693872000000,3510
262,3102,1921.7949,1926.6,1917.03,1929.04,1915.34,1693958400000,3102
263,3006,1919.2993,1917.05,1920.05,1923.36,1915.7,1694044800000,3006
264,3057,1922.9661,1920.13,1918.95,1929.41,1917.52,1694131200000,3057
265,256,1918.5831,1920.4,1918.82,1920.41,1917.2,1694304000000,256
266,3556,1924.1398,1918.91,1921.55,1930.45,1918.4,1694390400000,3556
267,3571,1916.4747,1921.52,1912.86,1924.23,1907.87,1694476800000,3571
268,3558,1910.6225,1912.83,1909.17,1915.7,1906.36,1694563200000,3558
269,3618,1908.5279,1909.08,1909.76,1912.74,1900.5,1694649600000,3618
270,3291,1919.5863,1909.78,1923.56,1930.27,1909.1,1694736000000,3291
271,256,1923.3839,1925.2,1923.2,1925.2,1921.9,1694908800000,256
272,3610,1928.6011,1923.17,1934.02,1934.44,1922.2,1694995200000,3610
273,3580,1932.8051,1934.27,1931.33,1937.15,1929.5,1695081600000,3580
274,3605,1934.0792,1931.34,1929.33,1947.34,1927.7,1695168000000,3605
275,3599,1922.9364,1929.42,1921.3,1930.35,1913.9,1695254400000,3599
276,3243,1925.3232,1921.47,1925.2,1928.85,1920.6,1695340800000,3243
277,252,1925.398,1925.23,1924.68,1927.85,1923.7,1695513600000,252
278,3555,1920.8302,1924.74,1916.17,1926.95,1914.5,1695600000000,3555
279,3561,1908.5454,1916.1,1901.53,1916.37,1898.7,1695686400000,3561
280,3579,1889.296,1901.5,1877.56,1903.46,1871.8,1695772800000,3579
281,3589,1871.28,1877.46,1866.58,1879.31,1857.2,1695859200000,3589
282,3273,1863.4144,1866.56,1848.58,1879.23,1845.9,1695945600000,3273
283,257,1847.1051,1848.46,1848.31,1850.2,1845.4,1696118400000,257
284,3602,1836.4845,1848.38,1824.92,1848.81,1820.53,1696204800000,3602
285,3592,1823.7656,1824.72,1823.41,1832.91,1814.7,1696291200000,3592
286,3576,1821.8925,1822.97,1822.63,1829.64,1816.6,1696377600000,3576
287,3499,1821.8432,1822.58,1821.23,1829.04,1813.13,1696464000000,3499
288,3263,1824.3251,1821.45,1832.19,1834.44,1810.74,1696550400000,3263
289,260,1848.1286,1832.46,1848.04,1854.3,1827.8,1696723200000,260
290,3573,1852.2439,1847.88,1862.52,1863.39,1844.3,1696809600000,3573
291,3580,1859.4535,1862.82,1859.65,1865.22,1853.39,1696896000000,3580
292,3573,1868.4393,1859.83,1875.3,1876.87,1858.67,1696982400000,3573
293,3589,1875.7676,1875.37,1870.66,1884.34,1867.8,1697068800000,3589
294,3268,1897.0268,1870.59,1931.46,1932.65,1870.21,1697155200000,3268
295,257,1924.6839,1932.9,1925.81,1932.9,1921.07,1697328000000,257
296,3588,1918.3539,1925.4,1919.27,1925.94,1908.43,1697414400000,3588
297,3600,1921.0257,1919.46,1924.63,1931.12,1912.4,1697500800000,3600
298,3602,1943.739,1924.77,1950.69,1962.41,1923.86,1697587200000,3602
299,3612,1956.5545,1950.94,1976.65,1979.4,1944.9,1697673600000,3612
300,3288,1980.9939,1977.0,1981.2,1997.03,1971.4,1697760000000,3288
301,253,1975.8739,1972.35,1971.45,1978.28,1969.5,1697932800000,253
302,3592,1975.1369,1970.62,1973.52,1982.7,1964.52,1698019200000,3592
303,3599,1971.4222,1973.59,1972.79,1980.45,1953.9,1698105600000,3599
304,3615,1976.2399,1972.82,1982.91,1986.62,1963.41,1698192000000,3615
305,3598,1984.9989,1982.93,1984.33,1993.2,1972.1,1698278400000,3598
306,3305,1988.1534,1984.24,2005.92,2009.09,1976.69,1698364800000,3305
307,270,2002.2839,2008.1,2002.72,2008.11,1997.66,1698537600000,270
308,3617,1998.2374,2002.49,1995.41,2006.6,1990.91,1698624000000,3617
309,3607,1992.9994,1995.01,1983.63,2007.14,1979.94,1698710400000,3607
310,3615,1980.8653,1983.38,1985.02,1991.82,1970.08,1698796800000,3615
311,3622,1985.4641,1984.88,1984.93,1990.87,1978.9,1698883200000,3622
312,3286,1989.6104,1985.14,1992.34,2003.9,1982.5,1698969600000,3286
313,133,1989.3446,1993.0,1988.39,1993.0,1987.09,1699142400000,133
314,3605,1984.4611,1988.6,1976.66,1993.01,1975.0,1699228800000,3605
315,3637,1968.1749,1976.51,1968.84,1976.89,1956.61,1699315200000,3637
316,3607,1961.3582,1968.96,1950.77,1970.89,1946.8,1699401600000,3607
317,3617,1952.9192,1950.82,1959.08,1965.54,1944.6,1699488000000,3617
318,3470,1949.1162,1959.4,1937.43,1960.73,1933.0,1699574400000,3470
319,147,1939.5805,1938.03,1940.2,1942.99,1937.06,1699747200000,147
320,3631,1940.0071,1940.04,1946.34,1948.91,1932.29,1699833600000,3631
321,3603,1952.8156,1946.6,1962.46,1969.76,1943.1,1699920000000,3603
322,3602,1965.3663,1962.16,1960.27,1974.4,1955.81,1700006400000,3602
323,3625,1970.7981,1960.22,1982.32,1987.7,1956.4,1700092800000,3625
324,3431,1984.6992,1982.18,1980.55,1993.27,1978.0,1700179200000,3431
325,135,1977.8701,1981.0,1974.24,1981.0,1974.24,1700352000000,135
326,3613,1976.9739,1975.73,1981.27,1984.85,1965.55,1700438400000,3613
327,3610,1993.8784,1981.25,1999.26,2007.1,1980.3,1700524800000,3610
328,3608,1996.6314,1999.2,1990.18,2006.09,1986.95,1700611200000,3608
329,3244,1993.5582,1990.08,1993.98,1998.41,1989.3,1700697600000,3244
330,2938,1995.6555,1994.07,2001.97,2003.2,1991.1,1700784000000,2938
331,138,2001.7457,2002.8,2002.26,2011.1,2000.1,1700956800000,138
332,3607,2011.4622,2002.34,2015.33,2017.57,2001.85,1701043200000,3607
333,3601,2023.7085,2015.29,2044.48,2044.48,2011.79,1701129600000,3601
334,3593,2043.4769,2044.41,2044.51,2051.74,2035.88,1701216000000,3593
335,3599,2040.2509,2044.53,2040.04,2046.93,2032.24,1701302400000,3599
336,3438,2048.162,2040.04,2071.93,2074.95,2033.94,1701388800000,3438
337,98,2096.4194,2071.95,2116.24,2132.49,2069.7,1701561600000,98
338,3598,2059.7463,2120.04,2033.85,2120.04,2020.9,1701648000000,3598
339,3595,2026.7887,2033.79,2018.89,2040.92,2009.71,1701734400000,3595
340,3612,2025.4882,2018.2,2027.07,2035.26,2018.2,1701820800000,3612
341,3604,2029.5501,2026.98,2028.05,2039.66,2020.34,1701907200000,3604
342,3421,2020.1593,2028.3,2004.29,2033.91,1994.71,1701993600000,3421
343,130,2006.0064,2004.25,2007.08,2007.39,2003.6,1702166400000,130
344,3622,1991.462,2007.14,1982.86,2007.62,1975.4,1702252800000,3622
345,3597,1983.8455,1982.95,1982.46,1994.96,1977.16,1702339200000,3597
346,3597,1987.1753,1982.25,2032.97,2032.97,1973.01,1702425600000,3597
347,3591,2035.0538,2032.52,2035.65,2047.55,2028.05,1702512000000,3591
348,3426,2033.7942,2035.96,2019.45,2044.42,2015.96,1702598400000,3426
349,139,2018.2304,2019.59,2017.72,2021.19,2015.3,1702771200000,139
350,3618,2023.486,2017.66,2027.61,2033.49,2015.4,1702857600000,3618
351,3616,2031.3637,2027.48,2040.78,2046.82,2021.1,1702944000000,3616
352,3595,2036.7316,2040.8,2032.08,2043.29,2027.54,1703030400000,3595
353,3599,2038.6087,2032.01,2052.21,2054.79,2031.9,1703116800000,3599
354,3455,2054.3218,2052.98,2052.74,2070.2,2046.9,1703203200000,3455
355,1,2054.71,2054.71,2054.71,2054.71,2054.71,1703376000000,1
356,166,2054.7992,2053.41,2054.97,2057.6,2053.2,1703462400000,166
357,3650,2061.7418,2054.69,2066.05,2068.91,2052.9,1703548800000,3650
358,3618,2070.5732,2066.36,2079.26,2083.99,2061.65,1703635200000,3618
359,3608,2077.7037,2079.31,2066.9,2088.31,2064.6,1703721600000,3608
360,3460,2067.0132,2066.69,2062.66,2074.51,2058.22,1703808000000,3460
361,1,2065.21,2065.21,2065.21,2065.21,2065.21,1703980800000,1
