,ds,y,VTI_5_days_ago,pct_change_5d,TPM_var,TDES_var,IPC_var,BC_var
0,2022-12-01,204.18,201.39,,0.0,-0.095,0.002,0.388
1,2022-12-02,203.99,201.54,,0.0,-0.092,0.017,-0.037
2,2022-12-03,203.99,201.54,,0.0,-0.092,0.017,-0.037
3,2022-12-04,203.99,201.54,,0.0,-0.092,0.017,-0.037
4,2022-12-05,199.98,198.27,,0.0,-0.092,0.017,-0.037
5,2022-12-06,196.98,197.96,,0.0,-0.093,0.017,-0.037
6,2022-12-07,196.66,204.06,1.9433481540690467,0.0,-0.093,0.017,-0.037
7,2022-12-08,198.36,204.18,1.3853716669149474,0.0,-0.093,0.017,-0.037
8,2022-12-09,196.7,203.99,1.2156395752704219,0.0,-0.093,0.017,-0.037
9,2022-12-10,196.7,203.99,1.2156395752704219,0.0,-0.093,0.017,-0.037
10,2022-12-11,196.7,203.99,1.2156395752704219,0.0,-0.093,0.017,-0.037
11,2022-12-12,199.53,199.98,0.8624602814343962,0.0,-0.093,0.017,-0.037
12,2022-12-13,201.02,196.98,-0.4950495049505066,0.0,-0.093,0.017,-0.037
13,2022-12-14,199.9,196.66,-3.626384396746063,0.0,-0.093,0.017,-0.037
14,2022-12-15,194.92,198.36,-2.8504260946223936,13.055,-0.093,0.017,-0.037
15,2022-12-16,192.69,196.7,-3.5737045933624256,0.0,-0.093,0.017,-0.037
16,2022-12-17,192.69,196.7,-3.5737045933624256,0.0,-0.093,0.017,-0.037
17,2022-12-18,192.69,196.7,-3.5737045933624256,0.0,-0.093,0.017,-0.037
18,2022-12-19,190.75,199.53,-0.22502250225021614,0.0,-0.094,0.017,-0.037
19,2022-12-20,191.15,201.02,2.0509696415879963,0.0,-0.094,0.017,-0.037
20,2022-12-21,194.04,199.9,1.6475134750330467,0.0,-0.094,0.017,-0.037
21,2022-12-22,190.37,194.92,-1.734220608993764,0.0,-0.094,0.017,-0.037
22,2022-12-23,191.42,192.69,-2.0386375190645567,0.0,-0.094,0.017,-0.037
23,2022-12-24,191.42,192.69,-2.0386375190645567,0.0,-0.094,0.017,-0.037
24,2022-12-25,191.42,192.69,-2.0386375190645567,0.0,-0.094,0.017,-0.037
25,2022-12-26,191.42,192.69,-2.0386375190645567,0.0,-0.094,0.017,-0.037
26,2022-12-27,190.62,190.75,-4.400340800882074,0.0,-0.094,0.017,-0.037
27,2022-12-28,188.22,191.15,-4.909959208039005,0.0,-0.094,0.017,-0.037
28,2022-12-29,191.68,194.04,-2.931465732866445,0.0,-0.095,0.017,-0.037
29,2022-12-30,191.19,190.37,-2.334290991175858,0.0,-0.095,0.017,-0.037
30,2022-12-31,191.19,190.37,-2.334290991175858,0.0,-0.095,0.017,-0.037
31,2023-01-01,191.19,190.37,-2.334290991175858,0.0,-0.095,0.017,-0.037
32,2023-01-02,191.19,190.37,-2.334290991175858,0.0,-0.095,0.017,-0.037
33,2023-01-03,190.41,191.42,-0.6590897296175235,0.0,0.189,0.012,0.026
34,2023-01-04,192.1,190.62,-0.06815203145478232,0.0,0.189,0.012,0.026
35,2023-01-05,189.85,188.22,-1.5328276222861703,0.0,0.189,0.012,0.026
36,2023-01-06,194.04,191.68,-1.2162440733869184,0.0,0.188,0.012,0.026
37,2023-01-07,194.04,191.68,-1.2162440733869184,0.0,0.188,0.012,0.026
38,2023-01-08,194.04,191.68,-1.2162440733869184,0.0,0.188,0.012,0.026
39,2023-01-09,194.12,191.19,0.43074013762671726,0.0,0.187,0.012,0.026
40,2023-01-10,195.65,190.41,-0.5276355657716003,0.0,0.187,0.012,0.026
41,2023-01-11,198.23,192.1,0.7764138075752713,0.0,0.187,0.012,0.026
42,2023-01-12,199.19,189.85,0.8660078631388846,0.0,0.186,0.012,0.026
43,2023-01-13,200.04,194.04,1.2312186978297168,0.0,0.186,0.012,0.026
44,2023-01-14,200.04,194.04,1.2312186978297168,0.0,0.186,0.012,0.026
45,2023-01-15,200.04,194.04,1.2312186978297168,0.0,0.186,0.012,0.026
46,2023-01-16,200.04,194.04,1.2312186978297168,0.0,0.186,0.012,0.026
47,2023-01-17,199.77,194.12,1.5325069302787764,0.0,0.185,0.012,0.026
48,2023-01-18,196.62,195.65,2.751956304815928,0.0,0.184,0.012,0.026
49,2023-01-19,195.02,198.23,3.19104633003644,0.0,0.184,0.012,0.026
50,2023-01-20,198.76,199.19,4.919673426389259,0.0,0.183,0.012,0.026
51,2023-01-21,198.76,199.19,4.919673426389259,0.0,0.183,0.012,0.026
52,2023-01-22,198.76,199.19,4.919673426389259,0.0,0.183,0.012,0.026
53,2023-01-23,201.28,200.04,3.092145949288816,0.0,0.182,0.012,0.026
54,2023-01-24,200.95,199.77,2.910570780960242,0.0,0.182,0.012,0.026
55,2023-01-25,201.05,196.62,0.49578328648096637,0.0,0.182,0.012,0.026
56,2023-01-26,203.12,195.02,-1.619331080058506,0.0,0.181,0.012,0.026
57,2023-01-27,203.94,198.76,-0.21587429087805976,0.0,0.181,0.012,0.026
58,2023-01-28,203.94,198.76,-0.21587429087805976,0.0,0.181,0.012,0.026
59,2023-01-29,203.94,198.76,-0.21587429087805976,0.0,0.181,0.012,0.026
60,2023-01-30,201.21,201.28,0.6198760247950519,0.0,0.18,0.012,0.026
61,2023-01-31,204.43,200.95,0.5906792811733341,0.0,0.18,0.012,0.026
62,2023-02-01,206.92,201.05,2.2530770013223567,0.0,0.18,0.012,0.026
63,2023-02-02,210.01,203.12,4.15342016203466,5.774,-0.099,0.003,-0.517
64,2023-02-03,207.84,203.94,2.606158180720475,0.0,-0.099,0.003,-0.519
65,2023-02-04,207.84,203.94,2.606158180720475,0.0,-0.099,0.003,-0.519
66,2023-02-05,207.84,203.94,2.606158180720475,0.0,-0.099,0.003,-0.519
67,2023-02-06,206.28,201.21,-0.03477742448330101,0.0,-0.1,0.003,-0.527
68,2023-02-07,208.88,204.43,1.7317740731525255,0.0,-0.1,0.003,-0.53
69,2023-02-08,206.65,206.92,2.9196717234518665,0.0,-0.1,0.003,-0.5329999999999999
70,2023-02-09,204.64,210.01,3.392083497439935,-0.218,-0.1,0.003,-0.536
71,2023-02-10,205.01,207.84,1.9123271550456122,0.219,-0.1,0.003,-0.539
72,2023-02-11,205.01,207.84,1.9123271550456122,0.219,-0.1,0.003,-0.539
73,2023-02-12,205.01,207.84,1.9123271550456122,0.219,-0.1,0.003,-0.539
74,2023-02-13,207.45,206.28,2.5197554793499277,0.0,-0.1,0.003,-0.5479999999999999
75,2023-02-14,207.53,208.88,2.1767842293205497,0.0,-0.1,0.003,-0.551
76,2023-02-15,208.46,206.65,-0.13048521167600136,0.0,-0.101,0.003,-0.5539999999999999
77,2023-02-16,205.68,204.64,-2.5570210942336136,0.0,-0.101,0.003,-0.557
78,2023-02-17,205.08,205.01,-1.361624326404931,0.0,-0.101,0.003,-0.5599999999999999
79,2023-02-18,205.08,205.01,-1.361624326404931,0.0,-0.101,0.003,-0.5599999999999999
80,2023-02-19,205.08,205.01,-1.361624326404931,0.0,-0.101,0.003,-0.5599999999999999
81,2023-02-20,205.08,205.01,-1.361624326404931,0.0,-0.101,0.003,-0.5599999999999999
82,2023-02-21,200.83,207.45,0.5671902268760798,0.0,-0.101,0.003,-0.573
83,2023-02-22,200.66,207.53,-0.6463040980467238,0.0,-0.101,0.003,-0.5760000000000001
84,2023-02-23,201.73,208.46,0.8758770868618537,0.0,-0.101,0.003,-0.579
85,2023-02-24,199.48,205.68,0.5082095387021202,0.0,-0.101,0.003,-0.583
86,2023-02-25,199.48,205.68,0.5082095387021202,0.0,-0.101,0.003,-0.583
87,2023-02-26,199.48,205.68,0.5082095387021202,0.0,-0.101,0.003,-0.583
88,2023-02-27,200.19,205.08,0.03414467586948522,-0.218,-0.10200000000000001,0.003,-0.5930000000000001
89,2023-02-28,199.52,200.83,-3.1911303928657375,0.0,-0.10200000000000001,0.003,-0.597
90,2023-03-01,200.0,200.66,-3.310364766539775,0.219,-0.10200000000000001,0.003,-0.6
91,2023-03-02,200.31,201.73,-3.2284371102369813,-0.218,-0.092,0.013999999999999999,0.6649999999999999
92,2023-03-03,203.57,199.48,-3.0143912874368017,0.0,-0.092,0.013999999999999999,0.661
93,2023-03-04,203.57,199.48,-3.0143912874368017,0.0,-0.092,0.013999999999999999,0.661
94,2023-03-05,203.57,199.48,-3.0143912874368017,0.0,-0.092,0.013999999999999999,0.661
95,2023-03-06,203.3,200.19,-2.3844353423054465,0.0,-0.093,0.013999999999999999,0.6479999999999999
96,2023-03-07,200.27,199.52,-0.6522929841159208,0.0,-0.093,0.013999999999999999,0.644
97,2023-03-08,200.53,200.0,-0.32891458187979117,0.0,-0.093,0.013999999999999999,0.639
98,2023-03-09,196.57,200.31,-0.7039111683933896,0.0,-0.093,0.013999999999999999,0.635
99,2023-03-10,193.26,203.57,2.0503308602366266,0.0,-0.093,0.013999999999999999,0.631
100,2023-03-11,193.26,203.57,2.0503308602366266,0.0,-0.093,0.013999999999999999,0.631
101,2023-03-12,193.26,203.57,2.0503308602366266,0.0,-0.093,0.013999999999999999,0.631
102,2023-03-13,192.46,203.3,1.5535241520555632,0.219,-0.093,0.013999999999999999,0.62
103,2023-03-14,195.89,200.27,0.37590216519647335,0.0,-0.093,0.013999999999999999,0.616
104,2023-03-15,194.38,200.53,0.2650000000000041,0.0,-0.093,0.013999999999999999,0.612
105,2023-03-16,197.74,196.57,-1.8671059857221395,0.0,-0.093,0.013999999999999999,0.608
106,2023-03-17,195.19,193.26,-5.064596944539968,0.0,-0.093,0.013999999999999999,0.605
107,2023-03-18,195.19,193.26,-5.064596944539968,0.0,-0.093,0.013999999999999999,0.605
108,2023-03-19,195.19,193.26,-5.064596944539968,0.0,-0.093,0.013999999999999999,0.605
109,2023-03-20,196.89,192.46,-5.332021642892282,0.0,-0.094,0.013999999999999999,0.594
110,2023-03-21,199.7,195.89,-2.187047485894056,0.0,-0.094,0.013999999999999999,0.59
111,2023-03-22,196.13,194.38,-3.06687278711415,0.0,-0.094,0.013999999999999999,0.587
112,2023-03-23,195.7,197.74,0.595207814010279,5.459,-0.094,0.013999999999999999,0.584
113,2023-03-24,196.93,195.19,0.9986546621132186,0.0,-0.094,0.013999999999999999,0.58
114,2023-03-25,196.93,195.19,0.9986546621132186,0.0,-0.094,0.013999999999999999,0.58
115,2023-03-26,196.93,195.19,0.9986546621132186,0.0,-0.094,0.013999999999999999,0.58
116,2023-03-27,197.43,196.89,2.30177699262184,0.0,-0.094,0.013999999999999999,0.5700000000000001
117,2023-03-28,197.15,199.7,1.9449691153198279,0.0,-0.094,0.013999999999999999,0.567
118,2023-03-29,199.99,196.13,0.9002983846074786,0.0,-0.095,0.013999999999999999,0.5640000000000001
119,2023-03-30,201.07,195.7,-1.031657732375857,0.0,-0.095,0.013999999999999999,0.561
120,2023-03-31,204.1,196.93,0.8914391106101816,0.0,-0.095,0.013999999999999999,0.557
121,2023-04-01,204.1,196.93,0.8914391106101816,0.0,-0.095,0.013999999999999999,0.557
122,2023-04-02,204.1,196.93,0.8914391106101816,0.0,-0.095,0.013999999999999999,0.557
123,2023-04-03,204.64,197.43,0.27426481791863466,0.0,0.293,0.004,-0.307
124,2023-04-04,203.27,197.15,-1.276915373059584,0.0,0.292,0.004,-0.308
125,2023-04-05,202.53,199.99,1.968082394330306,0.0,0.292,0.004,-0.309
126,2023-04-06,203.2,201.07,2.7439959121103863,0.0,0.291,0.004,-0.31
127,2023-04-07,203.2,201.07,2.7439959121103863,0.0,0.291,0.004,-0.31
128,2023-04-08,203.2,201.07,2.7439959121103863,0.0,0.291,0.004,-0.31
129,2023-04-09,203.2,201.07,2.7439959121103863,0.0,0.291,0.004,-0.31
130,2023-04-10,203.66,204.1,3.64088762504442,0.0,0.28700000000000003,0.004,-0.314
131,2023-04-11,203.87,204.64,3.6519272653598556,0.0,0.28700000000000003,0.004,-0.315
132,2023-04-12,203.01,203.27,3.10423535379154,0.0,0.28600000000000003,0.004,-0.316
133,2023-04-13,205.65,202.53,1.2700635031751561,0.0,0.28500000000000003,0.004,-0.317
134,2023-04-14,205.08,203.2,1.0593325707465073,0.0,0.28400000000000003,0.004,-0.318
135,2023-04-15,205.08,203.2,1.0593325707465073,0.0,0.28400000000000003,0.004,-0.318
136,2023-04-16,205.08,203.2,1.0593325707465073,0.0,0.28400000000000003,0.004,-0.318
137,2023-04-17,205.9,203.66,-0.21558059774620109,0.0,0.28200000000000003,0.004,-0.321
138,2023-04-18,206.0,203.87,-0.37627052384674453,0.0,0.281,0.004,-0.322
139,2023-04-19,206.1,203.01,-0.12790869287155893,0.0,0.27999999999999997,0.004,-0.32299999999999995
140,2023-04-20,204.82,205.65,1.5405125166642053,0.0,0.27899999999999997,0.004,-0.32399999999999995
141,2023-04-21,205.0,205.08,0.9251968503937169,0.0,0.27899999999999997,0.004,-0.325
142,2023-04-22,205.0,205.08,0.9251968503937169,0.0,0.27899999999999997,0.004,-0.325
143,2023-04-23,205.0,205.08,0.9251968503937169,0.0,0.27899999999999997,0.004,-0.325
144,2023-04-24,205.08,205.9,1.0998723362466878,0.0,0.27599999999999997,0.004,-0.329
145,2023-04-25,201.66,206.0,1.0447834404277323,0.0,0.27499999999999997,0.004,-0.33
146,2023-04-26,200.75,206.1,1.5220925077582326,0.0,0.27499999999999997,0.004,-0.331
147,2023-04-27,204.52,204.82,-0.40359834670556927,0.0,0.27399999999999997,0.004,-0.332
148,2023-04-28,206.3,205.0,-0.03900916715429137,0.0,0.27299999999999996,0.004,-0.333
149,2023-04-29,206.3,205.0,-0.03900916715429137,0.0,0.27299999999999996,0.004,-0.333
150,2023-04-30,206.3,205.0,-0.03900916715429137,0.0,0.27299999999999996,0.004,-0.333
151,2023-05-01,206.2,205.08,-0.39825157843612624,0.0,0.271,0.004,-0.336
152,2023-05-02,203.68,201.66,-2.106796116504861,0.0,-0.087,0.006999999999999999,-0.062
153,2023-05-03,202.49,200.75,-2.595827268316353,0.0,-0.087,0.006999999999999999,-0.062
154,2023-05-04,200.98,204.52,-0.1464700712820899,5.176,-0.087,0.006999999999999999,-0.062
155,2023-05-05,204.69,206.3,0.6341463414634152,0.0,-0.087,0.006999999999999999,-0.062
156,2023-05-06,204.69,206.3,0.6341463414634152,0.0,-0.087,0.006999999999999999,-0.062
157,2023-05-07,204.69,206.3,0.6341463414634152,0.0,-0.087,0.006999999999999999,-0.062
158,2023-05-08,204.91,206.2,0.5461283401599237,0.0,-0.08800000000000001,0.006999999999999999,-0.062
159,2023-05-09,204.07,203.68,1.0016860061489608,0.0,-0.08800000000000001,0.006999999999999999,-0.062
160,2023-05-10,204.97,202.49,0.8667496886675119,0.0,-0.08800000000000001,0.006999999999999999,-0.062
161,2023-05-11,204.7,200.98,-1.7308820653236912,0.0,-0.08800000000000001,0.006999999999999999,-0.062
162,2023-05-12,204.22,204.69,-0.780416868637912,0.0,-0.08800000000000001,0.006999999999999999,-0.062
163,2023-05-13,204.22,204.69,-0.780416868637912,0.0,-0.08800000000000001,0.006999999999999999,-0.062
164,2023-05-14,204.22,204.69,-0.780416868637912,0.0,-0.08800000000000001,0.006999999999999999,-0.062
165,2023-05-15,205.09,204.91,-0.6256062075654656,0.0,-0.08800000000000001,0.006999999999999999,-0.062
166,2023-05-16,203.5,204.07,0.19147682639433228,0.0,-0.08800000000000001,0.006999999999999999,-0.062
167,2023-05-17,206.14,204.97,1.2247518395970047,0.0,-0.08800000000000001,0.006999999999999999,-0.062
168,2023-05-18,208.19,204.7,1.850930440839882,0.0,-0.08800000000000001,0.006999999999999999,-0.062
169,2023-05-19,207.69,204.22,-0.22961551614636422,0.0,-0.08800000000000001,0.006999999999999999,-0.062
170,2023-05-20,207.69,204.22,-0.22961551614636422,0.0,-0.08800000000000001,0.006999999999999999,-0.062
171,2023-05-21,207.69,204.22,-0.22961551614636422,0.0,-0.08800000000000001,0.006999999999999999,-0.062
172,2023-05-22,208.05,205.09,0.08784344346297601,0.0,-0.089,0.006999999999999999,-0.062
173,2023-05-23,205.85,203.5,-0.2793159210074947,0.0,-0.089,0.006999999999999999,-0.062
174,2023-05-24,204.26,206.14,0.5708152412548184,0.0,-0.089,0.006999999999999999,-0.062
175,2023-05-25,205.65,208.19,1.7049340498290322,0.0,-0.089,0.006999999999999999,-0.062
176,2023-05-26,208.36,207.69,1.699147977671145,0.0,-0.089,0.006999999999999999,-0.062
177,2023-05-27,208.36,207.69,1.699147977671145,0.0,-0.089,0.006999999999999999,-0.062
178,2023-05-28,208.36,207.69,1.699147977671145,0.0,-0.089,0.006999999999999999,-0.062
179,2023-05-29,208.36,207.69,1.699147977671145,0.0,-0.089,0.006999999999999999,-0.062
180,2023-05-30,208.43,208.05,1.4432688088156453,0.0,-0.089,0.006999999999999999,-0.063
181,2023-05-31,207.18,205.85,1.1547911547911571,0.0,-0.089,0.006999999999999999,-0.063
182,2023-06-01,209.25,204.26,-0.9120015523430669,0.0,-0.09,0.006999999999999999,-0.063
183,2023-06-02,212.71,205.65,-1.220039387098315,0.0,-0.093,0.006999999999999999,-0.01
184,2023-06-03,212.71,205.65,-1.220039387098315,0.0,-0.093,0.006999999999999999,-0.01
185,2023-06-04,212.71,205.65,-1.220039387098315,0.0,-0.093,0.006999999999999999,-0.01
186,2023-06-05,212.15,208.36,0.32259617699457177,0.0,-0.093,0.006999999999999999,-0.01
187,2023-06-06,213.12,208.43,0.18264840182649067,0.0,-0.093,0.006999999999999999,-0.01
188,2023-06-07,212.7,207.18,0.6461015302404727,0.0,-0.093,0.006999999999999999,-0.01
189,2023-06-08,213.7,209.25,2.4429648487222178,0.0,-0.093,0.006999999999999999,-0.01
190,2023-06-09,213.93,212.71,3.4330172623389332,0.0,-0.093,0.006999999999999999,-0.01
191,2023-06-10,213.93,212.71,3.4330172623389332,0.0,-0.093,0.006999999999999999,-0.01
192,2023-06-11,213.93,212.71,3.4330172623389332,0.0,-0.093,0.006999999999999999,-0.01
193,2023-06-12,215.85,212.15,1.8189671722019574,0.0,-0.093,0.006999999999999999,-0.01
194,2023-06-13,217.44,213.12,2.2501559276495664,0.0,-0.094,0.006999999999999999,-0.01
195,2023-06-14,217.44,212.7,2.6643498407182165,0.0,-0.094,0.006999999999999999,-0.01
196,2023-06-15,220.09,213.7,2.126642771804055,-0.197,-0.094,0.006999999999999999,-0.01
197,2023-06-16,219.26,213.93,0.5735508438719394,0.197,-0.094,0.006999999999999999,-0.01
198,2023-06-17,219.26,213.93,0.5735508438719394,0.197,-0.094,0.006999999999999999,-0.01
199,2023-06-18,219.26,213.93,0.5735508438719394,0.197,-0.094,0.006999999999999999,-0.01
200,2023-06-19,219.26,213.93,0.5735508438719394,0.197,-0.094,0.006999999999999999,-0.01
201,2023-06-20,218.18,215.85,1.744049021918448,-0.197,-0.094,0.006999999999999999,-0.01
202,2023-06-21,216.98,217.44,2.0270270270270174,0.0,-0.094,0.006999999999999999,-0.01
203,2023-06-22,217.56,217.44,2.22849083215797,0.0,-0.094,0.006999999999999999,-0.01
204,2023-06-23,214.94,220.09,2.990173139915786,0.0,-0.094,0.006999999999999999,-0.01
205,2023-06-24,214.94,220.09,2.990173139915786,0.0,-0.094,0.006999999999999999,-0.01
206,2023-06-25,214.94,220.09,2.990173139915786,0.0,-0.094,0.006999999999999999,-0.01
207,2023-06-26,214.19,219.26,2.4914691721591,0.0,-0.095,0.006999999999999999,-0.01
208,2023-06-27,216.8,218.18,1.0794533240676474,0.0,-0.095,0.006999999999999999,-0.01
209,2023-06-28,216.98,216.98,-0.21155261221487143,0.0,-0.095,0.006999999999999999,-0.01
210,2023-06-29,218.02,217.56,0.055187637969100756,0.0,-0.095,0.006999999999999999,-0.01
211,2023-06-30,220.28,214.94,-2.339951837884502,0.197,-0.095,0.006999999999999999,-0.01
212,2023-07-01,220.28,214.94,-2.339951837884502,0.197,-0.095,0.006999999999999999,-0.01
213,2023-07-02,220.28,214.94,-2.339951837884502,0.197,-0.095,0.006999999999999999,-0.01
214,2023-07-03,220.94,214.19,-2.3123232691781404,0.0,0.27599999999999997,0.017,-0.249
215,2023-07-04,220.94,214.19,-2.3123232691781404,0.0,0.27599999999999997,0.017,-0.249
216,2023-07-05,220.27,216.8,-0.6325052708772594,0.0,0.27399999999999997,0.017,-0.25
217,2023-07-06,218.31,216.98,0.0,0.0,0.27299999999999996,0.016,-0.251
218,2023-07-07,218.04,218.02,0.21143592572163694,0.0,0.27299999999999996,0.016,-0.252
219,2023-07-08,218.04,218.02,0.21143592572163694,0.0,0.27299999999999996,0.016,-0.252
220,2023-07-09,218.04,218.02,0.21143592572163694,0.0,0.27299999999999996,0.016,-0.252
221,2023-07-10,218.99,220.28,2.4844142551409654,-0.197,0.271,0.016,-0.253
222,2023-07-11,220.71,220.94,3.1514076287408432,0.197,0.27,0.016,-0.254
223,2023-07-12,222.4,220.27,1.6005535055350517,0.0,0.269,0.016,-0.255
224,2023-07-13,224.28,218.31,0.6129597197898518,0.0,0.268,0.016,-0.255
225,2023-07-14,223.95,218.04,0.009173470323808885,0.0,0.268,0.016,-0.256
226,2023-07-15,223.95,218.04,0.009173470323808885,0.0,0.268,0.016,-0.256
227,2023-07-16,223.95,218.04,0.009173470323808885,0.0,0.268,0.016,-0.256
228,2023-07-17,224.8,218.99,-0.5856183039767537,0.0,0.265,0.016,-0.258
229,2023-07-18,226.59,220.71,-0.10410066081288916,0.0,0.265,0.016,-0.259
230,2023-07-19,227.18,222.4,0.9669950515276637,0.0,0.264,0.016,-0.259
231,2023-07-20,225.54,224.28,2.734643397004266,0.0,0.263,0.016,-0.26
232,2023-07-21,225.52,223.95,2.7105118326912425,0.0,0.263,0.016,-0.261
233,2023-07-22,225.52,223.95,2.7105118326912425,0.0,0.263,0.016,-0.261
234,2023-07-23,225.52,223.95,2.7105118326912425,0.0,0.263,0.016,-0.261
235,2023-07-24,226.32,224.8,2.6530891821544333,0.0,0.261,0.016,-0.263
236,2023-07-25,226.89,226.59,2.6641294005708804,0.0,0.26,0.016,-0.264
237,2023-07-26,227.06,227.18,2.1492805755395583,0.0,0.259,0.016,-0.264
238,2023-07-27,225.31,225.54,0.561797752808979,4.920999999999999,0.259,0.016,-0.265
239,2023-07-28,227.66,225.52,0.7010493413708518,0.0,0.258,0.016,-0.266
240,2023-07-29,227.66,225.52,0.7010493413708518,0.0,0.258,0.016,-0.266
241,2023-07-30,227.66,225.52,0.7010493413708518,0.0,0.258,0.016,-0.266
242,2023-07-31,228.35,226.32,0.6761565836298944,0.0,0.256,0.016,-0.268
243,2023-08-01,227.73,226.89,0.13239772275916994,0.0,0.255,0.016,-0.268
244,2023-08-02,224.5,227.06,-0.05282155119289422,0.0,0.0,0.012,0.13999999999999999
245,2023-08-03,223.85,225.31,-0.101977476279147,0.0,0.0,0.012,0.13999999999999999
246,2023-08-04,222.9,227.66,0.9489180560482424,0.0,0.0,0.012,0.13999999999999999
247,2023-08-05,222.9,227.66,0.9489180560482424,0.0,0.0,0.012,0.13999999999999999
248,2023-08-06,222.9,227.66,0.9489180560482424,0.0,0.0,0.012,0.13999999999999999
249,2023-08-07,224.61,228.35,0.8969600565570834,0.0,0.0,0.012,0.13899999999999998
250,2023-08-08,223.57,227.73,0.3702234563004003,0.0,0.0,0.012,0.13899999999999998
251,2023-08-09,221.97,224.5,-1.1274552981590746,0.0,0.0,0.012,0.13899999999999998
252,2023-08-10,222.01,223.85,-0.6479960942701202,0.0,0.0,0.012,0.13899999999999998
253,2023-08-11,221.8,222.9,-2.0908372133883857,0.0,0.0,0.012,0.13799999999999998
254,2023-08-12,221.8,222.9,-2.0908372133883857,0.0,0.0,0.012,0.13799999999999998
255,2023-08-13,221.8,222.9,-2.0908372133883857,0.0,0.0,0.012,0.13799999999999998
256,2023-08-14,222.9,224.61,-1.6378366542588063,0.0,0.0,0.012,0.13799999999999998
257,2023-08-15,220.37,223.57,-1.8267246300443518,0.0,0.0,0.012,0.13799999999999998
258,2023-08-16,218.55,221.97,-1.1269487750556806,0.0,0.0,0.012,0.13699999999999998
259,2023-08-17,216.76,222.01,-0.8219790037971908,0.0,0.0,0.012,0.13699999999999998
260,2023-08-18,217.01,221.8,-0.4934948407357531,0.0,0.0,0.012,0.13699999999999998
261,2023-08-19,217.01,221.8,-0.4934948407357531,0.0,0.0,0.012,0.13699999999999998
262,2023-08-20,217.01,221.8,-0.4934948407357531,0.0,0.0,0.012,0.13699999999999998
263,2023-08-21,218.26,222.9,-0.7613196206758377,0.0,0.0,0.012,0.13699999999999998
264,2023-08-22,217.68,220.37,-1.4313190499619766,0.0,0.0,0.012,0.136
265,2023-08-23,220.06,218.55,-1.5407487498310557,0.0,0.0,0.012,0.136
266,2023-08-24,217.11,216.76,-2.3647583442187314,0.0,0.0,0.012,0.136
267,2023-08-25,218.59,217.01,-2.1596032461677295,0.0,0.0,0.012,0.136
268,2023-08-26,218.59,217.01,-2.1596032461677295,0.0,0.0,0.012,0.136
269,2023-08-27,218.59,217.01,-2.1596032461677295,0.0,0.0,0.012,0.136
270,2023-08-28,219.99,218.26,-2.0816509645581016,0.0,0.0,0.012,0.135
271,2023-08-29,223.19,217.68,-1.220674320461046,0.0,0.0,0.012,0.135
272,2023-08-30,224.18,220.06,0.6909174102036175,0.0,0.0,0.012,0.135
273,2023-08-31,223.94,217.11,0.16146890570216677,0.0,0.0,0.012,0.135
274,2023-09-01,224.68,218.59,0.728077047140685,0.0,0.0,0.012,0.135
275,2023-09-02,224.68,218.59,0.728077047140685,0.0,0.0,0.012,0.135
276,2023-09-03,224.68,218.59,0.728077047140685,0.0,0.0,0.012,0.135
277,2023-09-04,224.68,218.59,0.728077047140685,0.0,0.0,0.012,0.135
278,2023-09-05,223.34,219.99,0.7926326399706918,0.0,0.0,0.003,0.11299999999999999
279,2023-09-06,221.94,223.19,2.5312385152517436,0.0,0.0,0.003,0.11299999999999999
280,2023-09-07,221.18,224.18,1.8722166681814034,0.0,0.0,0.003,0.11199999999999999
281,2023-09-08,221.42,223.94,3.145870756759228,0.0,0.0,0.003,0.11199999999999999
282,2023-09-09,221.42,223.94,3.145870756759228,0.0,0.0,0.003,0.11199999999999999
283,2023-09-10,221.42,223.94,3.145870756759228,0.0,0.0,0.003,0.11199999999999999
284,2023-09-11,222.81,224.68,2.786037787638951,0.0,0.0,0.003,0.11199999999999999
285,2023-09-12,221.73,223.34,1.5227964907495783,0.0,0.0,0.003,0.11199999999999999
286,2023-09-13,221.76,221.94,-0.5600609346296914,0.0,0.0,0.003,0.11199999999999999
287,2023-09-14,223.66,221.18,-1.3382103666696454,0.0,0.0,0.003,0.11199999999999999
288,2023-09-15,221.03,221.42,-1.125301420023228,0.0,0.0,0.003,0.11100000000000002
289,2023-09-16,221.03,221.42,-1.125301420023228,0.0,0.0,0.003,0.11100000000000002
290,2023-09-17,221.03,221.42,-1.125301420023228,0.0,0.0,0.003,0.11100000000000002
291,2023-09-18,221.05,222.81,-0.8322948192985624,0.0,0.0,0.003,0.11100000000000002
292,2023-09-19,220.49,221.73,-0.720874003761085,0.0,0.0,0.003,0.11100000000000002
293,2023-09-20,218.54,221.76,-0.08110300081103361,0.0,0.0,0.003,0.11100000000000002
294,2023-09-21,214.09,223.66,1.1212587033185617,0.0,0.0,0.003,0.11100000000000002
295,2023-09-22,213.64,221.03,-0.17613585042001167,0.0,0.0,0.003,0.11100000000000002
296,2023-09-23,213.64,221.03,-0.17613585042001167,0.0,0.0,0.003,0.11100000000000002
297,2023-09-24,213.64,221.03,-0.17613585042001167,0.0,0.0,0.003,0.11100000000000002
298,2023-09-25,214.5,221.05,-0.789910686234907,0.0,0.0,0.003,0.11
299,2023-09-26,211.41,220.49,-0.5592387137509536,0.0,0.0,0.003,0.11
300,2023-09-27,211.63,218.54,-1.4520202020201989,0.0,0.0,0.003,0.11
301,2023-09-28,213.03,214.09,-4.278816060091206,0.0,0.0,0.003,0.11
302,2023-09-29,212.41,213.64,-3.343437542415062,0.0,0.0,0.003,0.11
303,2023-09-30,212.41,213.64,-3.343437542415062,0.0,0.0,0.003,0.11
304,2023-10-01,212.41,213.64,-3.343437542415062,0.0,0.0,0.003,0.11
305,2023-10-02,212.13,214.5,-2.9631305134585006,0.0,-0.08499999999999999,0.005,0.021
306,2023-10-03,209.05,211.41,-4.118100594131258,0.0,-0.08499999999999999,0.005,0.021
307,2023-10-04,210.56,211.63,-3.161892559714463,0.0,-0.08499999999999999,0.005,0.021
308,2023-10-05,210.45,213.03,-0.49511887523938647,0.0,-0.08499999999999999,0.005,0.021
309,2023-10-06,212.96,212.41,-0.5757348811084029,0.0,-0.08499999999999999,0.005,0.021
310,2023-10-07,212.96,212.41,-0.5757348811084029,0.0,-0.08499999999999999,0.005,0.021
311,2023-10-08,212.96,212.41,-0.5757348811084029,0.0,-0.08499999999999999,0.005,0.021
312,2023-10-09,214.3,212.13,-1.1048951048951094,0.0,-0.08499999999999999,0.005,0.021
313,2023-10-10,215.63,209.05,-1.1163142708481066,0.0,-0.08499999999999999,0.005,0.021
314,2023-10-11,216.48,210.56,-0.5055993951708193,0.0,-0.086,0.005,0.021
315,2023-10-12,214.74,210.45,-1.2110970285875267,0.0,-0.086,0.005,0.021
316,2023-10-13,213.53,212.96,0.2589331952356444,0.0,-0.086,0.005,0.021
317,2023-10-14,213.53,212.96,0.2589331952356444,0.0,-0.086,0.005,0.021
318,2023-10-15,213.53,212.96,0.2589331952356444,0.0,-0.086,0.005,0.021
319,2023-10-16,216.01,214.3,1.0229576203271584,0.0,-0.086,0.005,0.021
320,2023-10-17,216.29,215.63,3.14757235111216,0.0,-0.086,0.005,0.021
321,2023-10-18,213.09,216.48,2.8115501519756725,0.0,-0.086,0.005,0.021
322,2023-10-19,211.08,214.74,2.0384889522451877,0.0,-0.086,0.005,0.021
323,2023-10-20,208.47,213.53,0.26765589782118404,0.0,-0.086,0.005,0.021
324,2023-10-21,208.47,213.53,0.26765589782118404,0.0,-0.086,0.005,0.021
325,2023-10-22,208.47,213.53,0.26765589782118404,0.0,-0.086,0.005,0.021
326,2023-10-23,207.9,216.01,0.7979468035464121,0.0,-0.086,0.005,0.021
327,2023-10-24,209.47,216.29,0.30607985901776047,0.0,-0.087,0.005,0.021
328,2023-10-25,206.36,213.09,-1.5659645232815933,0.0,-0.087,0.005,0.021
329,2023-10-26,204.22,211.08,-1.7043867001955815,0.0,-0.087,0.005,0.021
330,2023-10-27,203.12,208.47,-2.3696904416241282,0.0,-0.087,0.005,0.021
331,2023-10-28,203.12,208.47,-2.3696904416241282,0.0,-0.087,0.005,0.021
332,2023-10-29,203.12,208.47,-2.3696904416241282,0.0,-0.087,0.005,0.021
333,2023-10-30,205.46,207.9,-3.7544558122309057,0.0,-0.087,0.005,0.021
334,2023-10-31,206.79,209.47,-3.153173979379531,0.0,-0.087,0.005,0.021
335,2023-11-01,208.86,206.36,-3.158289924445068,0.0,-0.087,0.005,0.021
336,2023-11-02,213.01,204.22,-3.2499526245973187,0.0,0.0,0.008,0.008
337,2023-11-03,215.41,203.12,-2.5663164963783736,0.0,0.0,0.008,0.008
338,2023-11-04,215.41,203.12,-2.5663164963783736,0.0,0.0,0.008,0.008
339,2023-11-05,215.41,203.12,-2.5663164963783736,0.0,0.0,0.008,0.008
340,2023-11-06,215.5,205.46,-1.1736411736411712,0.0,0.0,0.008,0.008
341,2023-11-07,216.14,206.79,-1.2794194872774223,0.0,0.0,0.008,0.008
342,2023-11-08,216.11,208.86,1.2114750920721118,0.0,0.0,0.008,0.008
343,2023-11-09,214.27,213.01,4.304181764763482,0.0,0.0,0.008,0.008
344,2023-11-10,217.46,215.41,6.0506104765655655,0.0,0.0,0.008,0.008
345,2023-11-11,217.46,215.41,6.0506104765655655,0.0,0.0,0.008,0.008
346,2023-11-12,217.46,215.41,6.0506104765655655,0.0,0.0,0.008,0.008
347,2023-11-13,217.33,215.5,4.886595931081472,0.0,0.0,0.008,0.008
348,2023-11-14,222.15,216.14,4.521495236713569,0.0,0.0,0.008,0.008
349,2023-11-15,222.7,216.11,3.4712247438475563,0.0,0.0,0.008,0.008
350,2023-11-16,222.55,214.27,0.5915215248110561,0.0,0.0,0.008,0.008
351,2023-11-17,223.11,217.46,0.9516735527598685,0.0,0.0,0.008,0.008
352,2023-11-18,223.11,217.46,0.9516735527598685,0.0,0.0,0.008,0.008
353,2023-11-19,223.11,217.46,0.9516735527598685,0.0,0.0,0.008,0.008
354,2023-11-20,224.79,217.33,0.8491879350348119,0.0,0.0,0.008,0.008
355,2023-11-21,224.18,222.15,2.7806051633200823,0.0,0.0,0.008,0.008
356,2023-11-22,225.14,222.7,3.0493730044884426,0.0,0.0,0.008,0.008
357,2023-11-23,225.14,222.7,3.0493730044884426,0.0,0.0,0.008,0.008
358,2023-11-24,225.38,222.55,3.8642833807812638,0.0,0.0,0.008,0.008
359,2023-11-25,225.38,222.55,3.8642833807812638,0.0,0.0,0.008,0.008
360,2023-11-26,225.38,222.55,3.8642833807812638,0.0,0.0,0.008,0.008
361,2023-11-27,225.09,223.11,2.5981789754437656,0.0,0.0,0.008,0.008
362,2023-11-28,225.23,224.79,3.4325679841715306,0.0,0.0,0.008,0.008
363,2023-11-29,225.33,224.18,0.9137969840198101,0.0,0.0,0.008,0.008
364,2023-11-30,226.26,225.14,1.0956443646160663,0.0,0.0,0.008,0.008
365,2023-12-01,228.17,225.38,1.2716243540777272,0.0,0.0,0.008,0.008
366,2023-12-02,228.17,225.38,1.2716243540777272,0.0,0.0,0.008,0.008
367,2023-12-03,228.17,225.38,1.2716243540777272,0.0,0.0,0.008,0.008
368,2023-12-04,227.35,225.09,0.8874546187978893,0.0,0.0,0.01,0.074
369,2023-12-05,226.91,225.23,0.19573824458383182,0.0,0.0,0.01,0.074
370,2023-12-06,225.95,225.33,0.5129806405566928,0.0,0.0,0.01,0.074
371,2023-12-07,227.76,226.26,0.49746824198277917,0.0,0.0,0.01,0.073
372,2023-12-08,228.85,228.17,1.2379093087230508,0.0,0.0,0.01,0.073
373,2023-12-09,228.85,228.17,1.2379093087230508,0.0,0.0,0.01,0.073
374,2023-12-10,228.85,228.17,1.2379093087230508,0.0,0.0,0.01,0.073
375,2023-12-11,229.79,227.35,1.0040428273135227,0.0,0.0,0.01,0.073
376,2023-12-12,230.66,226.91,0.7459041868312477,0.0,0.0,0.01,0.073
377,2023-12-13,234.24,225.95,0.2751519992899132,0.0,0.0,0.01,0.073
378,2023-12-14,235.63,227.76,0.6629541235746439,0.0,0.0,0.01,0.073
379,2023-12-15,235.31,228.85,0.2980234036025875,0.0,0.0,0.01,0.073
380,2023-12-16,235.31,228.85,0.2980234036025875,0.0,0.0,0.01,0.073
381,2023-12-17,235.31,228.85,0.2980234036025875,0.0,0.0,0.01,0.073
382,2023-12-18,236.33,229.79,1.0732351000659834,0.0,0.0,0.01,0.073
383,2023-12-19,238.06,230.66,1.6526376096249518,0.0,0.0,0.01,0.073
384,2023-12-20,234.51,234.24,3.6689533082540526,0.0,0.0,0.01,0.073
385,2023-12-21,236.09,235.63,3.4553916403231577,0.0,0.0,0.01,0.073
386,2023-12-22,236.63,235.31,2.822809700677298,0.0,0.0,0.01,0.073
387,2023-12-23,236.63,235.31,2.822809700677298,0.0,0.0,0.01,0.073
388,2023-12-24,236.63,235.31,2.822809700677298,0.0,0.0,0.01,0.073
389,2023-12-25,236.63,235.31,2.822809700677298,0.0,0.0,0.01,0.073
390,2023-12-26,237.8,236.33,2.846076852778623,0.0,0.0,0.01,0.07200000000000001
391,2023-12-27,238.25,238.06,3.208185207664971,0.0,0.0,0.01,0.07200000000000001
392,2023-12-28,238.13,234.51,0.11526639344261458,0.0,0.0,0.01,0.07200000000000001
393,2023-12-29,237.22,236.09,0.19522132156346572,0.0,0.0,0.01,0.07200000000000001
394,2023-12-30,237.22,236.09,0.19522132156346572,0.0,0.0,0.01,0.07200000000000001
395,2023-12-31,237.22,236.09,0.19522132156346572,0.0,0.0,0.01,0.07200000000000001
396,2024-01-01,237.22,236.09,0.19522132156346572,0.0,0.0,0.01,0.07200000000000001
397,2024-01-02,235.63,236.63,0.5609621350558758,0.0,0.174,0.013999999999999999,0.12
398,2024-01-03,233.37,237.8,0.6220115939576054,0.0,0.174,0.013999999999999999,0.12
399,2024-01-04,232.77,238.25,0.07981181214820054,0.0,0.174,0.013999999999999999,0.12
400,2024-01-05,233.12,238.13,1.5436441942774382,0.0,0.173,0.013999999999999999,0.12
401,2024-01-06,233.12,238.13,1.5436441942774382,0.0,0.173,0.013999999999999999,0.12
402,2024-01-07,233.12,238.13,1.5436441942774382,0.0,0.173,0.013999999999999999,0.12
403,2024-01-08,236.45,237.22,0.47863103053920053,0.0,0.173,0.013999999999999999,0.11900000000000001
404,2024-01-09,236.01,235.63,-0.42260068461310585,0.0,0.172,0.013999999999999999,0.11900000000000001
405,2024-01-10,237.23,233.37,-1.8629100084104344,0.0,0.172,0.013999999999999999,0.11900000000000001
406,2024-01-11,237.07,232.77,-2.3001049317943334,0.0,0.172,0.013999999999999999,0.11900000000000001
407,2024-01-12,237.11,233.12,-2.103892831646581,0.0,0.17099999999999999,0.013999999999999999,0.11900000000000001
408,2024-01-13,237.11,233.12,-2.103892831646581,0.0,0.17099999999999999,0.013999999999999999,0.11900000000000001
409,2024-01-14,237.11,233.12,-2.103892831646581,0.0,0.17099999999999999,0.013999999999999999,0.11900000000000001
410,2024-01-15,237.11,233.12,-2.103892831646581,0.0,0.17099999999999999,0.013999999999999999,0.11900000000000001
411,2024-01-16,236.01,236.45,-0.3245932046201827,0.0,0.16999999999999998,0.013999999999999999,0.11800000000000001
412,2024-01-17,234.59,236.01,0.16126978737851516,0.0,0.16999999999999998,0.013999999999999999,0.11800000000000001
413,2024-01-18,236.66,237.23,1.6540257959463345,0.0,0.16999999999999998,0.013999999999999999,0.11800000000000001
414,2024-01-19,239.54,237.07,1.8473170941272432,0.0,0.169,0.013999999999999999,0.11800000000000001
415,2024-01-20,239.54,237.07,1.8473170941272432,0.0,0.169,0.013999999999999999,0.11800000000000001
416,2024-01-21,239.54,237.07,1.8473170941272432,0.0,0.169,0.013999999999999999,0.11800000000000001
417,2024-01-22,240.58,237.11,1.71156485929993,0.0,0.168,0.013999999999999999,0.117
418,2024-01-23,241.02,236.01,-0.18608585324593196,0.0,0.168,0.013999999999999999,0.117
419,2024-01-24,240.98,234.59,-0.6016694207872542,0.0,0.168,0.013999999999999999,0.117
420,2024-01-25,242.32,236.66,-0.24027315263668303,0.0,0.168,0.013999999999999999,0.117
421,2024-01-26,242.12,239.54,1.0418863626776798,0.0,0.167,0.013999999999999999,0.117
422,2024-01-27,242.12,239.54,1.0418863626776798,0.0,0.167,0.013999999999999999,0.117
423,2024-01-28,242.12,239.54,1.0418863626776798,0.0,0.167,0.013999999999999999,0.117
424,2024-01-29,244.32,240.58,1.4634557800177195,0.0,0.167,0.013999999999999999,0.116
425,2024-01-30,243.98,241.02,2.122791407143776,0.0,0.166,0.013999999999999999,0.116
426,2024-01-31,239.87,240.98,2.7239012745641222,0.0,0.166,0.013999999999999999,0.116
427,2024-02-01,243.1,242.32,2.3916166652581783,0.0,0.166,0.013999999999999999,0.116
428,2024-02-02,245.18,242.12,1.0770643733823304,0.0,-0.08800000000000001,0.013,-0.045
429,2024-02-03,245.18,242.12,1.0770643733823304,0.0,-0.08800000000000001,0.013,-0.045
430,2024-02-04,245.18,242.12,1.0770643733823304,0.0,-0.08800000000000001,0.013,-0.045
431,2024-02-05,244.02,244.32,1.5545764402693507,0.0,-0.089,0.013,-0.045
432,2024-02-06,244.85,243.98,1.228113849473056,0.0,-0.089,0.013,-0.045
433,2024-02-07,246.78,239.87,-0.46061913851771497,0.0,-0.089,0.013,-0.045
434,2024-02-08,247.39,243.1,0.32188841201716833,0.0,-0.089,0.013,-0.045
435,2024-02-09,248.9,245.18,1.26383611432348,0.0,-0.089,0.013,-0.045
436,2024-02-10,248.9,245.18,1.26383611432348,0.0,-0.089,0.013,-0.045
437,2024-02-11,248.9,245.18,1.26383611432348,0.0,-0.089,0.013,-0.045
438,2024-02-12,249.14,244.02,-0.12278978388997608,0.0,-0.089,0.013,-0.045
439,2024-02-13,245.15,244.85,0.3565866054594746,0.0,-0.089,0.013,-0.045
440,2024-02-14,247.86,246.78,2.880727060491095,0.0,-0.089,0.013,-0.045
441,2024-02-15,249.77,247.39,1.764705882352935,0.0,-0.089,0.013,-0.045
442,2024-02-16,248.46,248.9,1.5172526307202894,0.0,-0.09,0.013,-0.045
443,2024-02-17,248.46,248.9,1.5172526307202894,0.0,-0.09,0.013,-0.045
444,2024-02-18,248.46,248.9,1.5172526307202894,0.0,-0.09,0.013,-0.045
445,2024-02-19,248.46,248.9,1.5172526307202894,0.0,-0.09,0.013,-0.045
446,2024-02-20,246.9,249.14,2.0981886730595756,0.0,-0.09,0.013,-0.045
447,2024-02-21,246.95,245.15,0.12252399428220873,0.0,-0.09,0.013,-0.045
448,2024-02-22,251.83,247.86,0.4376367614879806,0.0,-0.09,0.013,-0.045
449,2024-02-23,252.0,249.77,0.9620437366102186,0.0,-0.09,0.013,-0.045
450,2024-02-24,252.0,249.77,0.9620437366102186,0.0,-0.09,0.013,-0.045
451,2024-02-25,252.0,249.77,0.9620437366102186,0.0,-0.09,0.013,-0.045
452,2024-02-26,251.24,248.46,-0.17677782241863893,0.0,-0.09,0.013,-0.045
453,2024-02-27,251.94,246.9,-0.899092879505492,0.0,-0.09,0.013,-0.045
454,2024-02-28,251.52,246.95,0.7342443401998633,0.0,-0.09,0.013,-0.045
455,2024-02-29,252.58,251.83,1.60171064310497,0.0,-0.091,0.013,-0.046
456,2024-03-01,254.9,252.0,0.8928213956840292,0.0,-0.091,0.013,-0.046
457,2024-03-02,254.9,252.0,0.8928213956840292,0.0,-0.091,0.013,-0.046
458,2024-03-03,254.9,252.0,0.8928213956840292,0.0,-0.091,0.013,-0.046
459,2024-03-04,254.65,251.24,1.1188923770425907,0.0,0.08499999999999999,0.01,0.327
460,2024-03-05,251.95,251.94,2.0413122721749666,0.0,0.08499999999999999,0.01,0.326
461,2024-03-06,253.44,251.52,1.850577039886625,0.0,0.08499999999999999,0.01,0.325
462,2024-03-07,255.91,252.58,0.29781995790811866,0.0,0.08499999999999999,0.01,0.32399999999999995
463,2024-03-08,254.43,254.9,1.1507936507936467,0.0,0.084,0.01,0.32299999999999995
464,2024-03-09,254.43,254.9,1.1507936507936467,0.0,0.084,0.01,0.32299999999999995
465,2024-03-10,254.43,254.9,1.1507936507936467,0.0,0.084,0.01,0.32299999999999995
466,2024-03-11,254.02,254.65,1.3572679509632257,0.0,0.084,0.01,0.319
467,2024-03-12,256.53,251.95,0.003969199015640967,0.0,0.084,0.01,0.318
468,2024-03-13,256.21,253.44,0.7633587786259444,0.0,0.084,0.01,0.317
469,2024-03-14,255.22,255.91,1.3183941721434778,0.0,0.084,0.01,0.316
470,2024-03-15,253.71,254.43,-0.18438603373872597,0.0,0.084,0.01,0.315
471,2024-03-16,253.71,254.43,-0.18438603373872597,0.0,0.084,0.01,0.315
472,2024-03-17,253.71,254.43,-0.18438603373872597,0.0,0.084,0.01,0.315
473,2024-03-18,255.0,254.02,-0.2473983899469845,0.0,0.084,0.01,0.312
474,2024-03-19,256.47,256.53,1.8178209962294023,0.0,0.084,0.01,0.311
475,2024-03-20,259.07,256.21,1.0929608585858563,0.0,0.084,0.01,0.311
476,2024-03-21,260.14,255.22,-0.2696260404048245,0.0,0.084,0.01,0.31
477,2024-03-22,258.5,253.71,-0.2829854969932821,0.0,0.083,0.01,0.309
478,2024-03-23,258.5,253.71,-0.2829854969932821,0.0,0.083,0.01,0.309
479,2024-03-24,258.5,253.71,-0.2829854969932821,0.0,0.083,0.01,0.309
480,2024-03-25,257.92,255.0,0.38579639398472754,0.0,0.083,0.01,0.306
481,2024-03-26,257.46,256.47,-0.023389077300883798,0.0,0.083,0.01,0.305
482,2024-03-27,259.73,259.07,1.1162718082822654,0.0,0.083,0.01,0.304
483,2024-03-28,259.9,260.14,1.9277486090431672,0.0,0.083,0.01,0.303
484,2024-03-29,259.9,260.14,1.9277486090431672,0.0,0.083,0.01,0.303
485,2024-03-30,259.9,260.14,1.9277486090431672,0.0,0.083,0.01,0.303
486,2024-03-31,259.9,260.14,1.9277486090431672,0.0,0.083,0.01,0.303
487,2024-04-01,259.7,258.5,1.887982342044059,0.0,0.083,0.01,0.299
488,2024-04-02,257.3,257.92,1.1450980392156973,0.0,0.08499999999999999,0.0,0.018000000000000002
489,2024-04-03,257.7,257.46,0.38601005965608337,0.0,0.08499999999999999,0.0,0.018000000000000002
490,2024-04-04,254.61,259.73,0.25475740147451464,0.0,0.08499999999999999,0.0,0.018000000000000002
491,2024-04-05,257.18,259.9,-0.09225801491504759,0.0,0.08499999999999999,0.0,0.018000000000000002
492,2024-04-06,257.18,259.9,-0.09225801491504759,0.0,0.08499999999999999,0.0,0.018000000000000002
493,2024-04-07,257.18,259.9,-0.09225801491504759,0.0,0.08499999999999999,0.0,0.018000000000000002
494,2024-04-08,257.48,259.7,0.464216634429393,0.0,0.08499999999999999,0.0,0.018000000000000002
495,2024-04-09,257.85,257.3,-0.24038461538461453,0.0,0.08499999999999999,0.0,0.018000000000000002
496,2024-04-10,254.97,257.7,0.09321836401772199,0.0,0.08499999999999999,0.0,0.018000000000000002
497,2024-04-11,256.7,254.61,-1.9712778654756846,0.0,0.08499999999999999,0.0,0.018000000000000002
498,2024-04-12,253.0,257.18,-1.046556367833773,0.0,0.08499999999999999,0.0,0.018000000000000002
499,2024-04-13,253.0,257.18,-1.046556367833773,0.0,0.08499999999999999,0.0,0.018000000000000002
500,2024-04-14,253.0,257.18,-1.046556367833773,0.0,0.08499999999999999,0.0,0.018000000000000002
501,2024-04-15,249.89,257.48,-0.854832499037339,0.0,0.08499999999999999,0.0,0.018000000000000002
502,2024-04-16,249.14,257.85,0.21375825884182298,0.0,0.084,0.0,0.018000000000000002
503,2024-04-17,247.68,254.97,-1.0593713620488887,0.0,0.084,0.0,0.018000000000000002
504,2024-04-18,247.17,256.7,0.8208632810965621,0.0,0.084,0.0,0.018000000000000002
505,2024-04-19,245.23,253.0,-1.6253207869974418,0.0,0.084,0.0,0.018000000000000002
506,2024-04-20,245.23,253.0,-1.6253207869974418,0.0,0.084,0.0,0.018000000000000002
507,2024-04-21,245.23,253.0,-1.6253207869974418,0.0,0.084,0.0,0.018000000000000002
508,2024-04-22,247.64,249.89,-2.947801771011349,0.0,0.084,0.0,0.018000000000000002
509,2024-04-23,250.59,249.14,-3.377932906728731,0.0,0.084,0.0,0.018000000000000002
510,2024-04-24,250.65,247.68,-2.8591599011648428,0.0,0.084,0.0,0.018000000000000002
511,2024-04-25,249.46,247.17,-3.7125048694974683,0.0,0.084,0.0,0.018000000000000002
512,2024-04-26,251.78,245.23,-3.0711462450592975,0.0,0.084,0.0,0.018000000000000002
513,2024-04-27,251.78,245.23,-3.0711462450592975,0.0,0.084,0.0,0.018000000000000002
514,2024-04-28,251.78,245.23,-3.0711462450592975,0.0,0.084,0.0,0.018000000000000002
515,2024-04-29,252.77,247.64,-0.9003961743166977,0.0,0.084,0.0,0.018000000000000002
516,2024-04-30,248.61,250.59,0.5820020871799114,0.0,0.083,0.0,0.018000000000000002
517,2024-05-01,247.99,250.65,1.199127906976738,0.0,0.083,0.0,0.018000000000000002
518,2024-05-02,250.56,249.46,0.9264878423757006,0.0,0.08099999999999999,-0.002,-0.098
519,2024-05-03,253.53,251.78,2.670961954083917,0.0,0.08099999999999999,-0.002,-0.098
520,2024-05-04,253.53,251.78,2.670961954083917,0.0,0.08099999999999999,-0.002,-0.098
521,2024-05-05,253.53,251.78,2.670961954083917,0.0,0.08099999999999999,-0.002,-0.098
522,2024-05-06,256.25,252.77,2.0715554837667627,0.0,0.08,-0.002,-0.098
523,2024-05-07,256.48,248.61,-0.7901352807374584,0.0,0.08,-0.002,-0.099
524,2024-05-08,256.3,247.99,-1.0612407739876262,0.0,0.08,-0.002,-0.099
525,2024-05-09,257.81,250.56,0.440952457307775,0.0,0.08,-0.002,-0.099
526,2024-05-10,258.05,253.53,0.6950512352053462,0.0,0.08,-0.002,-0.099
527,2024-05-11,258.05,253.53,0.6950512352053462,0.0,0.08,-0.002,-0.099
528,2024-05-12,258.05,253.53,0.6950512352053462,0.0,0.08,-0.002,-0.099
529,2024-05-13,258.19,256.25,1.3767456581081472,0.0,0.08,-0.002,-0.099
530,2024-05-14,259.45,256.48,3.1656007401150488,0.0,0.08,-0.002,-0.099
531,2024-05-15,262.64,256.3,3.350941570224597,0.0,0.08,-0.002,-0.099
532,2024-05-16,261.93,257.81,2.893518518518512,0.0,0.08,-0.002,-0.099
533,2024-05-17,262.3,258.05,1.782826489961753,0.0,0.08,-0.002,-0.1
534,2024-05-18,262.3,258.05,1.782826489961753,0.0,0.08,-0.002,-0.1
535,2024-05-19,262.3,258.05,1.782826489961753,0.0,0.08,-0.002,-0.1
536,2024-05-20,262.57,258.19,0.7570731707317035,0.0,0.079,-0.002,-0.1
537,2024-05-21,263.11,259.45,1.1579850280723614,0.0,0.079,-0.002,-0.1
538,2024-05-22,262.22,262.64,2.4736636753803998,0.0,0.079,-0.002,-0.1
539,2024-05-23,259.99,261.93,1.5980761025561563,0.0,0.079,-0.002,-0.1
540,2024-05-24,261.87,262.3,1.646967641929864,0.0,0.079,-0.002,-0.1
541,2024-05-25,261.87,262.3,1.646967641929864,0.0,0.079,-0.002,-0.1
542,2024-05-26,261.87,262.3,1.646967641929864,0.0,0.079,-0.002,-0.1
543,2024-05-27,261.87,262.3,1.646967641929864,0.0,0.079,-0.002,-0.1
544,2024-05-28,261.87,262.57,1.6964251132886687,0.0,0.079,-0.002,-0.101
545,2024-05-29,259.72,263.11,1.4106764309115505,0.0,0.079,-0.002,-0.101
546,2024-05-30,258.45,262.22,-0.15991471215349717,0.0,0.079,-0.002,-0.101
547,2024-05-31,260.44,259.99,-0.7406559004314084,0.0,0.079,-0.002,-0.101
548,2024-06-01,260.44,259.99,-0.7406559004314084,0.0,0.079,-0.002,-0.101
549,2024-06-02,260.44,259.99,-0.7406559004314084,0.0,0.079,-0.002,-0.101
550,2024-06-03,260.52,261.87,-0.16393442622950616,0.0,0.16199999999999998,0.005,0.269
551,2024-06-04,260.49,261.87,-0.26659557451346183,0.0,0.16199999999999998,0.005,0.268
552,2024-06-05,263.68,259.72,-1.2884344950780946,0.0,0.16199999999999998,0.005,0.267
553,2024-06-06,263.45,258.45,-1.4377240485089038,0.0,0.16199999999999998,0.005,0.267
554,2024-06-07,262.95,260.44,0.17308358013770064,0.0,0.161,0.005,0.266
555,2024-06-08,262.95,260.44,0.17308358013770064,0.0,0.161,0.005,0.266
556,2024-06-09,262.95,260.44,0.17308358013770064,0.0,0.161,0.005,0.266
557,2024-06-10,263.83,260.52,-0.5155229694123076,0.0,0.161,0.005,0.264
558,2024-06-11,264.28,260.49,-0.5269790353992443,0.0,0.16,0.005,0.263
559,2024-06-12,266.77,263.68,1.524718928076374,0.0,0.16,0.005,0.262
560,2024-06-13,266.89,263.45,1.9346101760495227,0.0,0.16,0.005,0.262
561,2024-06-14,266.69,262.95,0.9637536476731601,0.0,0.159,0.005,0.261
562,2024-06-15,266.69,262.95,0.9637536476731601,0.0,0.159,0.005,0.261
563,2024-06-16,266.69,262.95,0.9637536476731601,0.0,0.159,0.005,0.261
564,2024-06-17,268.72,263.83,1.2705358513741771,0.0,0.159,0.005,0.259
565,2024-06-18,269.4,264.28,1.4549502859994456,0.0,0.158,0.005,0.258
566,2024-06-19,269.4,264.28,1.4549502859994456,0.0,0.158,0.005,0.258
567,2024-06-20,268.72,266.77,1.171875,0.0,0.158,0.005,0.257
568,2024-06-21,268.31,266.89,1.3057506168153266,0.0,0.158,0.005,0.256
569,2024-06-22,268.31,266.89,1.3057506168153266,0.0,0.158,0.005,0.256
570,2024-06-23,268.31,266.89,1.3057506168153266,0.0,0.158,0.005,0.256
571,2024-06-24,267.86,266.69,1.4223236356721847,0.0,0.157,0.005,0.254
572,2024-06-25,268.74,268.72,1.8534662472046604,0.0,0.157,0.005,0.254
573,2024-06-26,268.73,269.4,1.937339185712128,0.0,0.156,0.005,0.253
574,2024-06-27,269.38,268.72,0.7309667503842432,0.0,0.156,0.005,0.252
575,2024-06-28,267.51,268.31,0.5320544044362885,0.0,0.156,0.005,0.252
576,2024-06-29,267.51,268.31,0.5320544044362885,0.0,0.156,0.005,0.252
577,2024-06-30,267.51,268.31,0.5320544044362885,0.0,0.156,0.005,0.252
578,2024-07-01,268.05,267.86,0.4387116127338997,0.0,0.155,0.005,0.25
579,2024-07-02,269.6,268.74,0.007442691277148583,0.0,-0.075,0.006,-0.332
580,2024-07-03,270.71,268.73,-0.24870081662953236,0.0,-0.075,0.006,-0.333
581,2024-07-04,270.71,268.73,-0.24870081662953236,0.0,-0.075,0.006,-0.333
582,2024-07-05,272.12,269.38,0.24560881214645836,0.0,-0.075,0.006,-0.336
583,2024-07-06,272.12,269.38,0.24560881214645836,0.0,-0.075,0.006,-0.336
584,2024-07-07,272.12,269.38,0.24560881214645836,0.0,-0.075,0.006,-0.336
585,2024-07-08,272.49,267.51,-0.29816257314301264,0.0,-0.075,0.006,-0.33899999999999997
586,2024-07-09,272.42,268.05,0.07093257671917375,0.0,-0.075,0.006,-0.33999999999999997
587,2024-07-10,275.06,269.6,0.3200119074198149,0.0,-0.075,0.006,-0.34099999999999997
588,2024-07-11,273.83,270.71,0.7367990176012862,0.0,-0.076,0.006,-0.34299999999999997
589,2024-07-12,275.64,272.12,1.0171504937263487,0.0,-0.076,0.006,-0.344
590,2024-07-13,275.64,272.12,1.0171504937263487,0.0,-0.076,0.006,-0.344
591,2024-07-14,275.64,272.12,1.0171504937263487,0.0,-0.076,0.006,-0.344
592,2024-07-15,276.82,272.49,1.8616126499944041,0.0,-0.076,0.006,-0.347
593,2024-07-16,279.1,272.42,1.630292855810489,0.0,-0.076,0.006,-0.349
594,2024-07-17,275.16,275.06,2.0252225519287848,0.0,-0.076,0.006,-0.35000000000000003
595,2024-07-18,272.76,273.83,1.1525248420819256,0.0,-0.076,0.006,-0.35100000000000003
596,2024-07-19,271.06,275.64,1.2935469645744435,0.0,-0.076,0.006,-0.35200000000000004
597,2024-07-20,271.06,275.64,1.2935469645744435,0.0,-0.076,0.006,-0.35200000000000004
598,2024-07-21,271.06,275.64,1.2935469645744435,0.0,-0.076,0.006,-0.35200000000000004
599,2024-07-22,273.89,276.82,1.589049139417953,0.0,-0.076,0.006,-0.356
600,2024-07-23,273.69,279.1,2.4520960281917636,0.0,-0.076,0.006,-0.357
601,2024-07-24,267.53,275.16,0.03635570420998935,0.0,-0.076,0.006,-0.359
602,2024-07-25,266.5,272.76,-0.3907533871379987,0.0,-0.076,0.006,-0.36
603,2024-07-26,269.69,271.06,-1.6615875780002898,0.0,-0.076,0.006,-0.361
604,2024-07-27,269.69,271.06,-1.6615875780002898,0.0,-0.076,0.006,-0.361
605,2024-07-28,269.69,271.06,-1.6615875780002898,0.0,-0.076,0.006,-0.361
606,2024-07-29,269.71,273.89,-1.058449533993211,0.0,-0.077,0.006,-0.365
607,2024-07-30,268.59,273.69,-1.938373342887867,0.0,-0.077,0.006,-0.366
608,2024-07-31,272.57,267.53,-2.7729321122256345,0.0,-0.077,0.006,-0.368
609,2024-08-01,268.3,266.5,-2.29505792638216,0.0,-0.077,0.006,-0.369
610,2024-08-02,262.9,269.69,-0.5054231535453368,0.0,-0.077,0.006,0.618
611,2024-08-03,262.9,269.69,-0.5054231535453368,0.0,-0.077,0.006,0.618
612,2024-08-04,262.9,269.69,-0.5054231535453368,0.0,-0.077,0.006,0.618
613,2024-08-05,255.18,269.71,-1.526160137281396,0.0,-0.077,0.006,0.607
614,2024-08-06,257.77,268.59,-1.8634221199167023,0.0,-0.077,0.006,0.604
615,2024-08-07,255.8,272.57,1.8839008709303773,0.0,-0.077,0.006,0.6
616,2024-08-08,261.79,268.3,0.6754221388367787,0.0,-0.077,0.006,0.596
617,2024-08-09,262.92,262.9,-2.517705513738,0.0,-0.077,0.006,0.5930000000000001
618,2024-08-10,262.92,262.9,-2.517705513738,0.0,-0.077,0.006,0.5930000000000001
619,2024-08-11,262.92,262.9,-2.517705513738,0.0,-0.077,0.006,0.5930000000000001
620,2024-08-12,262.75,255.18,-5.387267806162166,0.0,-0.077,0.006,0.582
621,2024-08-13,267.12,257.77,-4.028444841580104,0.0,-0.077,0.006,0.579
622,2024-08-14,267.88,255.8,-6.152547969328969,0.0,-0.078,0.006,0.5760000000000001
623,2024-08-15,272.52,261.79,-2.42638837122624,0.0,-0.078,0.006,0.5720000000000001
624,2024-08-16,273.17,262.92,0.007607455306213318,0.0,-0.078,0.006,0.569
625,2024-08-17,273.17,262.92,0.007607455306213318,0.0,-0.078,0.006,0.569
626,2024-08-18,273.17,262.92,0.007607455306213318,0.0,-0.078,0.006,0.569
627,2024-08-19,275.75,262.75,2.966533427384599,0.0,-0.078,0.006,0.5599999999999999
628,2024-08-20,275.08,267.12,3.62726461574272,0.0,-0.078,0.006,0.557
629,2024-08-21,276.46,267.88,4.722439405785761,0.0,-0.078,0.006,0.553
630,2024-08-22,274.12,272.52,4.098705068948383,0.0,-0.078,0.006,0.5499999999999999
631,2024-08-23,277.59,273.17,3.8985242659363983,0.0,-0.078,0.006,0.547
632,2024-08-24,277.59,273.17,3.8985242659363983,0.0,-0.078,0.006,0.547
633,2024-08-25,277.59,273.17,3.8985242659363983,0.0,-0.078,0.006,0.547
634,2024-08-26,276.89,275.75,4.947668886774492,0.0,-0.078,0.006,0.539
635,2024-08-27,277.14,275.08,2.9799341120095857,0.0,-0.078,0.006,0.536
636,2024-08-28,275.45,276.46,3.2029266835896575,0.0,-0.078,0.006,0.5329999999999999
637,2024-08-29,275.72,274.12,0.5871128724497465,0.0,-0.078,0.006,0.53
638,2024-08-30,278.38,277.59,1.618040048321534,0.0,-0.078,0.006,0.527
639,2024-08-31,278.38,277.59,1.618040048321534,0.0,-0.078,0.006,0.527
640,2024-09-01,278.38,277.59,1.618040048321534,0.0,-0.078,0.006,0.527
641,2024-09-02,278.38,277.59,1.618040048321534,0.0,-0.078,0.006,0.527
642,2024-09-03,272.39,276.89,0.41341795104261614,0.0,0.0,0.006,0.522
643,2024-09-04,271.78,277.14,0.7488730551112432,0.0,0.0,0.006,0.522
644,2024-09-05,270.94,275.45,-0.3653331404181448,0.0,0.0,0.006,0.522
645,2024-09-06,266.44,275.72,0.5836859769444036,0.0,0.0,0.006,0.522
646,2024-09-07,266.44,275.72,0.5836859769444036,0.0,0.0,0.006,0.522
647,2024-09-08,266.44,275.72,0.5836859769444036,0.0,0.0,0.006,0.522
648,2024-09-09,269.29,278.38,0.28459238445188717,0.0,0.0,0.006,0.522
649,2024-09-10,270.34,272.39,-1.6251941204088238,0.0,0.0,0.006,0.522
650,2024-09-11,273.03,271.78,-1.9340405571191543,0.0,0.0,0.006,0.522
651,2024-09-12,275.3,270.94,-1.6373207478671215,0.0,0.0,0.006,0.522
652,2024-09-13,277.22,266.44,-3.3657333526766364,0.0,0.0,0.006,0.522
653,2024-09-14,277.22,266.44,-3.3657333526766364,0.0,0.0,0.006,0.522
654,2024-09-15,277.22,266.44,-3.3657333526766364,0.0,0.0,0.006,0.522
655,2024-09-16,277.77,269.29,-3.2653207845391052,0.0,0.0,0.006,0.522
656,2024-09-17,278.05,270.34,-0.7525973787584017,0.0,0.0,0.006,0.522
657,2024-09-18,277.35,273.03,0.4599308264036983,0.0,0.0,0.006,0.522
658,2024-09-19,282.05,275.3,1.6092123717428297,-9.381,0.0,0.006,0.522
659,2024-09-20,281.46,277.22,4.045939048190972,0.0,0.0,0.006,0.522
660,2024-09-21,281.46,277.22,4.045939048190972,0.0,0.0,0.006,0.522
661,2024-09-22,281.46,277.22,4.045939048190972,0.0,0.0,0.006,0.522
662,2024-09-23,282.16,277.77,3.1490215009840616,0.0,0.0,0.006,0.522
663,2024-09-24,282.87,278.05,2.8519641932381656,0.0,0.0,0.006,0.522
664,2024-09-25,281.94,277.35,1.5822437094825004,0.0,0.0,0.006,0.522
665,2024-09-26,283.2,282.05,2.451870686523794,0.0,0.0,0.006,0.522
666,2024-09-27,282.05,281.46,1.529471178125652,0.0,0.0,0.006,0.522
667,2024-09-28,282.05,281.46,1.529471178125652,0.0,0.0,0.006,0.522
668,2024-09-29,282.05,281.46,1.529471178125652,0.0,0.0,0.006,0.522
669,2024-09-30,283.16,282.16,1.5804442524390838,0.0,0.0,0.006,0.522
670,2024-10-01,280.58,282.87,1.733501168854512,0.0,0.0,0.006,0.522
671,2024-10-02,280.64,281.94,1.65494862087614,0.0,0.0,0.006,0.522
672,2024-10-03,280.04,283.2,0.4077291260414784,0.0,0.0,0.006,0.522
673,2024-10-04,282.75,282.05,0.20962126056989216,0.0,0.0,0.006,0.522
674,2024-10-05,282.75,282.05,0.20962126056989216,0.0,0.0,0.006,0.522
675,2024-10-06,282.75,282.05,0.20962126056989216,0.0,0.0,0.006,0.522
676,2024-10-07,280.17,283.16,0.35440884604480694,0.0,0.0,0.006,0.522
677,2024-10-08,282.53,280.58,-0.8095591614522668,0.0,0.0,0.006,0.522
678,2024-10-09,284.5,280.64,-0.461091012272119,0.0,0.0,0.006,0.522
679,2024-10-10,283.91,280.04,-1.115819209039537,0.0,0.0,0.006,0.522
680,2024-10-11,286.11,282.75,0.24818294628612403,0.0,0.0,0.006,0.522
681,2024-10-12,286.11,282.75,0.24818294628612403,0.0,0.0,0.006,0.522
682,2024-10-13,286.11,282.75,0.24818294628612403,0.0,0.0,0.006,0.522
683,2024-10-14,288.34,280.17,-1.0559401045345473,0.0,0.0,0.006,0.522
684,2024-10-15,286.36,282.53,0.6949889514576979,0.0,0.0,0.006,0.522
685,2024-10-16,287.82,284.5,1.3754275940706995,0.0,0.0,0.006,0.522
686,2024-10-17,287.76,283.91,1.3819454363662276,0.0,0.0,0.006,0.522
687,2024-10-18,288.89,286.11,1.1883289124668517,0.0,0.0,0.006,0.522
688,2024-10-19,288.89,286.11,1.1883289124668517,0.0,0.0,0.006,0.522
689,2024-10-20,288.89,286.11,1.1883289124668517,0.0,0.0,0.006,0.522
690,2024-10-21,287.98,288.34,2.9160866616696923,0.0,0.0,0.006,0.522
691,2024-10-22,287.65,286.36,1.3556082539907477,0.0,0.0,0.006,0.522
692,2024-10-23,285.05,287.82,1.1669595782073827,0.0,0.0,0.006,0.522
693,2024-10-24,285.81,287.76,1.356063541263075,0.0,0.0,0.006,0.522
694,2024-10-25,285.54,288.89,0.9716542588514843,0.0,0.0,0.006,0.522
695,2024-10-26,285.54,288.89,0.9716542588514843,0.0,0.0,0.006,0.522
696,2024-10-27,285.54,288.89,0.9716542588514843,0.0,0.0,0.006,0.522
697,2024-10-28,286.7,287.98,-0.12485260456404079,0.0,0.0,0.006,0.522
698,2024-10-29,287.08,287.65,0.4504819108813951,0.0,0.0,0.006,0.522
699,2024-10-30,286.37,285.05,-0.962407059968029,0.0,0.0,0.006,0.522
700,2024-10-31,281.03,285.81,-0.6776480400333518,0.0,0.0,0.006,0.522
701,2024-11-01,282.23,285.54,-1.159610924573351,0.0,0.0,0.006,0.522
702,2024-11-02,282.23,285.54,-1.159610924573351,0.0,0.0,0.006,0.522
703,2024-11-03,282.23,285.54,-1.159610924573351,0.0,0.0,0.006,0.522
704,2024-11-04,281.72,286.7,-0.44447531078548597,0.0,0.0,0.006,0.522
705,2024-11-05,285.3,287.08,-0.19815748305231917,0.0,0.0,0.006,0.522
706,2024-11-06,293.28,286.37,0.46307665321874136,0.0,0.0,0.006,0.522
707,2024-11-07,295.33,281.03,-1.6724397326895568,0.0,0.0,0.006,0.522
708,2024-11-08,296.71,282.23,-1.1592071163409656,0.0,0.0,0.006,0.522
