,realtime_start,realtime_end,observation_start,observation_end,units,output_type,file_type,order_by,sort_order,count,offset,limit,realtime_start,realtime_end,date,value
0,2021-01-01,2023-12-31,1600-01-01,9999-12-31,lin,1,json,observation_date,asc,512,0,100000,2021-01-01,2023-12-31,1939-01-01,.
1,2021-01-01,2023-12-31,1600-01-01,9999-12-31,lin,1,json,observation_date,asc,512,0,100000,2021-01-01,2023-12-31,1939-04-01,.
2,2021-01-01,2023-12-31,1600-01-01,9999-12-31,lin,1,json,observation_date,asc,512,0,100000,2021-01-01,2023-12-31,1939-07-01,.
3,2021-01-01,2023-12-31,1600-01-01,9999-12-31,lin,1,json,observation_date,asc,512,0,100000,2021-01-01,2023-12-31,1939-10-01,.
4,2021-01-01,2023-12-31,1600-01-01,9999-12-31,lin,1,json,observation_date,asc,512,0,100000,2021-01-01,2023-12-31,1940-01-01,.
5,2021-01-01,2023-12-31,1600-01-01,9999-12-31,lin,1,json,observation_date,asc,512,0,100000,2021-01-01,2023-12-31,1940-04-01,.
6,2021-01-01,2023-12-31,1600-01-01,9999-12-31,lin,1,json,observation_date,asc,512,0,100000,2021-01-01,2023-12-31,1940-07-01,.
7,2021-01-01,2023-12-31,1600-01-01,9999-12-31,lin,1,json,observation_date,asc,512,0,100000,2021-01-01,2023-12-31,1940-10-01,.
8,2021-01-01,2023-12-31,1600-01-01,9999-12-31,lin,1,json,observation_date,asc,512,0,100000,2021-01-01,2023-12-31,1941-01-01,.
9,2021-01-01,2023-12-31,1600-01-01,9999-12-31,lin,1,json,observation_date,asc,512,0,100000,2021-01-01,2023-12-31,1941-04-01,.
10,2021-01-01,2023-12-31,1600-01-01,9999-12-31,lin,1,json,observation_date,asc,512,0,100000,2021-01-01,2023-12-31,1941-07-01,.
11,2021-01-01,2023-12-31,1600-01-01,9999-12-31,lin,1,json,observation_date,asc,512,0,100000,2021-01-01,2023-12-31,1941-10-01,.
12,2021-01-01,2023-12-31,1600-01-01,9999-12-31,lin,1,json,observation_date,asc,512,0,100000,2021-01-01,2023-12-31,1942-01-01,.
13,2021-01-01,2023-12-31,1600-01-01,9999-12-31,lin,1,json,observation_date,asc,512,0,100000,2021-01-01,2023-12-31,1942-04-01,.
14,2021-01-01,2023-12-31,1600-01-01,9999-12-31,lin,1,json,observation_date,asc,512,0,100000,2021-01-01,2023-12-31,1942-07-01,.
15,2021-01-01,2023-12-31,1600-01-01,9999-12-31,lin,1,json,observation_date,asc,512,0,100000,2021-01-01,2023-12-31,1942-10-01,.
16,2021-01-01,2023-12-31,1600-01-01,9999-12-31,lin,1,json,observation_date,asc,512,0,100000,2021-01-01,2023-12-31,1943-01-01,.
17,2021-01-01,2023-12-31,1600-01-01,9999-12-31,lin,1,json,observation_date,asc,512,0,100000,2021-01-01,2023-12-31,1943-04-01,.
18,2021-01-01,2023-12-31,1600-01-01,9999-12-31,lin,1,json,observation_date,asc,512,0,100000,2021-01-01,2023-12-31,1943-07-01,.
19,2021-01-01,2023-12-31,1600-01-01,9999-12-31,lin,1,json,observation_date,asc,512,0,100000,2021-01-01,2023-12-31,1943-10-01,.
20,2021-01-01,2023-12-31,1600-01-01,9999-12-31,lin,1,json,observation_date,asc,512,0,100000,2021-01-01,2023-12-31,1944-01-01,.
21,2021-01-01,2023-12-31,1600-01-01,9999-12-31,lin,1,json,observation_date,asc,512,0,100000,2021-01-01,2023-12-31,1944-04-01,.
22,2021-01-01,2023-12-31,1600-01-01,9999-12-31,lin,1,json,observation_date,asc,512,0,100000,2021-01-01,2023-12-31,1944-07-01,.
23,2021-01-01,2023-12-31,1600-01-01,9999-12-31,lin,1,json,observation_date,asc,512,0,100000,2021-01-01,2023-12-31,1944-10-01,.
24,2021-01-01,2023-12-31,1600-01-01,9999-12-31,lin,1,json,observation_date,asc,512,0,100000,2021-01-01,2023-12-31,1945-01-01,.
25,2021-01-01,2023-12-31,1600-01-01,9999-12-31,lin,1,json,observation_date,asc,512,0,100000,2021-01-01,2023-12-31,1945-04-01,.
26,2021-01-01,2023-12-31,1600-01-01,9999-12-31,lin,1,json,observation_date,asc,512,0,100000,2021-01-01,2023-12-31,1945-07-01,.
27,2021-01-01,2023-12-31,1600-01-01,9999-12-31,lin,1,json,observation_date,asc,512,0,100000,2021-01-01,2023-12-31,1945-10-01,.
28,2021-01-01,2023-12-31,1600-01-01,9999-12-31,lin,1,json,observation_date,asc,512,0,100000,2021-01-01,2023-12-31,1946-01-01,.
29,2021-01-01,2023-12-31,1600-01-01,9999-12-31,lin,1,json,observation_date,asc,512,0,100000,2021-01-01,2023-12-31,1946-04-01,.
30,2021-01-01,2023-12-31,1600-01-01,9999-12-31,lin,1,json,observation_date,asc,512,0,100000,2021-01-01,2023-12-31,1946-07-01,.
31,2021-01-01,2023-12-31,1600-01-01,9999-12-31,lin,1,json,observation_date,asc,512,0,100000,2021-01-01,2023-12-31,1946-10-01,.
32,2021-01-01,2023-12-31,1600-01-01,9999-12-31,lin,1,json,observation_date,asc,512,0,100000,2021-01-01,2023-12-31,1947-01-01,244.142
33,2021-01-01,2023-12-31,1600-01-01,9999-12-31,lin,1,json,observation_date,asc,512,0,100000,2021-01-01,2023-12-31,1947-04-01,247.063
34,2021-01-01,2023-12-31,1600-01-01,9999-12-31,lin,1,json,observation_date,asc,512,0,100000,2021-01-01,2023-12-31,1947-07-01,250.716
35,2021-01-01,2023-12-31,1600-01-01,9999-12-31,lin,1,json,observation_date,asc,512,0,100000,2021-01-01,2023-12-31,1947-10-01,260.981
36,2021-01-01,2023-12-31,1600-01-01,9999-12-31,lin,1,json,observation_date,asc,512,0,100000,2021-01-01,2023-12-31,1948-01-01,267.133
37,2021-01-01,2023-12-31,1600-01-01,9999-12-31,lin,1,json,observation_date,asc,512,0,100000,2021-01-01,2023-12-31,1948-04-01,274.046
38,2021-01-01,2023-12-31,1600-01-01,9999-12-31,lin,1,json,observation_date,asc,512,0,100000,2021-01-01,2023-12-31,1948-07-01,280.679
39,2021-01-01,2023-12-31,1600-01-01,9999-12-31,lin,1,json,observation_date,asc,512,0,100000,2021-01-01,2023-12-31,1948-10-01,281.837
40,2021-01-01,2023-12-31,1600-01-01,9999-12-31,lin,1,json,observation_date,asc,512,0,100000,2021-01-01,2023-12-31,1949-01-01,276.42
41,2021-01-01,2023-12-31,1600-01-01,9999-12-31,lin,1,json,observation_date,asc,512,0,100000,2021-01-01,2023-12-31,1949-04-01,272.68
42,2021-01-01,2023-12-31,1600-01-01,9999-12-31,lin,1,json,observation_date,asc,512,0,100000,2021-01-01,2023-12-31,1949-07-01,274.162
43,2021-01-01,2023-12-31,1600-01-01,9999-12-31,lin,1,json,observation_date,asc,512,0,100000,2021-01-01,2023-12-31,1949-10-01,271.76
44,2021-01-01,2023-12-31,1600-01-01,9999-12-31,lin,1,json,observation_date,asc,512,0,100000,2021-01-01,2023-12-31,1950-01-01,282.056
45,2021-01-01,2023-12-31,1600-01-01,9999-12-31,lin,1,json,observation_date,asc,512,0,100000,2021-01-01,2023-12-31,1950-04-01,291.699
46,2021-01-01,2023-12-31,1600-01-01,9999-12-31,lin,1,json,observation_date,asc,512,0,100000,2021-01-01,2023-12-31,1950-07-01,309.76
47,2021-01-01,2023-12-31,1600-01-01,9999-12-31,lin,1,json,observation_date,asc,512,0,100000,2021-01-01,2023-12-31,1950-10-01,321.554
48,2021-01-01,2023-12-31,1600-01-01,9999-12-31,lin,1,json,observation_date,asc,512,0,100000,2021-01-01,2023-12-31,1951-01-01,337.537
49,2021-01-01,2023-12-31,1600-01-01,9999-12-31,lin,1,json,observation_date,asc,512,0,100000,2021-01-01,2023-12-31,1951-04-01,345.973
50,2021-01-01,2023-12-31,1600-01-01,9999-12-31,lin,1,json,observation_date,asc,512,0,100000,2021-01-01,2023-12-31,1951-07-01,353.381
51,2021-01-01,2023-12-31,1600-01-01,9999-12-31,lin,1,json,observation_date,asc,512,0,100000,2021-01-01,2023-12-31,1951-10-01,358.33
52,2021-01-01,2023-12-31,1600-01-01,9999-12-31,lin,1,json,observation_date,asc,512,0,100000,2021-01-01,2023-12-31,1952-01-01,361.821
53,2021-01-01,2023-12-31,1600-01-01,9999-12-31,lin,1,json,observation_date,asc,512,0,100000,2021-01-01,2023-12-31,1952-04-01,363.049
54,2021-01-01,2023-12-31,1600-01-01,9999-12-31,lin,1,json,observation_date,asc,512,0,100000,2021-01-01,2023-12-31,1952-07-01,369.683
55,2021-01-01,2023-12-31,1600-01-01,9999-12-31,lin,1,json,observation_date,asc,512,0,100000,2021-01-01,2023-12-31,1952-10-01,382.751
56,2021-01-01,2023-12-31,1600-01-01,9999-12-31,lin,1,json,observation_date,asc,512,0,100000,2021-01-01,2023-12-31,1953-01-01,389.888
57,2021-01-01,2023-12-31,1600-01-01,9999-12-31,lin,1,json,observation_date,asc,512,0,100000,2021-01-01,2023-12-31,1953-04-01,393.801
58,2021-01-01,2023-12-31,1600-01-01,9999-12-31,lin,1,json,observation_date,asc,512,0,100000,2021-01-01,2023-12-31,1953-07-01,392.98
59,2021-01-01,2023-12-31,1600-01-01,9999-12-31,lin,1,json,observation_date,asc,512,0,100000,2021-01-01,2023-12-31,1953-10-01,387.798
60,2021-01-01,2023-12-31,1600-01-01,9999-12-31,lin,1,json,observation_date,asc,512,0,100000,2021-01-01,2023-12-31,1954-01-01,387.345
61,2021-01-01,2023-12-31,1600-01-01,9999-12-31,lin,1,json,observation_date,asc,512,0,100000,2021-01-01,2023-12-31,1954-04-01,388.119
62,2021-01-01,2023-12-31,1600-01-01,9999-12-31,lin,1,json,observation_date,asc,512,0,100000,2021-01-01,2023-12-31,1954-07-01,393.034
63,2021-01-01,2023-12-31,1600-01-01,9999-12-31,lin,1,json,observation_date,asc,512,0,100000,2021-01-01,2023-12-31,1954-10-01,402.077
64,2021-01-01,2023-12-31,1600-01-01,9999-12-31,lin,1,json,observation_date,asc,512,0,100000,2021-01-01,2023-12-31,1955-01-01,415.496
65,2021-01-01,2023-12-31,1600-01-01,9999-12-31,lin,1,json,observation_date,asc,512,0,100000,2021-01-01,2023-12-31,1955-04-01,423.93
66,2021-01-01,2023-12-31,1600-01-01,9999-12-31,lin,1,json,observation_date,asc,512,0,100000,2021-01-01,2023-12-31,1955-07-01,432.668
67,2021-01-01,2023-12-31,1600-01-01,9999-12-31,lin,1,json,observation_date,asc,512,0,100000,2021-01-01,2023-12-31,1955-10-01,439.619
68,2021-01-01,2023-12-31,1600-01-01,9999-12-31,lin,1,json,observation_date,asc,512,0,100000,2021-01-01,2023-12-31,1956-01-01,442.597
69,2021-01-01,2023-12-31,1600-01-01,9999-12-31,lin,1,json,observation_date,asc,512,0,100000,2021-01-01,2023-12-31,1956-04-01,448.848
70,2021-01-01,2023-12-31,1600-01-01,9999-12-31,lin,1,json,observation_date,asc,512,0,100000,2021-01-01,2023-12-31,1956-07-01,454.125
71,2021-01-01,2023-12-31,1600-01-01,9999-12-31,lin,1,json,observation_date,asc,512,0,100000,2021-01-01,2023-12-31,1956-10-01,463.023
72,2021-01-01,2023-12-31,1600-01-01,9999-12-31,lin,1,json,observation_date,asc,512,0,100000,2021-01-01,2023-12-31,1957-01-01,472.864
73,2021-01-01,2023-12-31,1600-01-01,9999-12-31,lin,1,json,observation_date,asc,512,0,100000,2021-01-01,2023-12-31,1957-04-01,475.392
74,2021-01-01,2023-12-31,1600-01-01,9999-12-31,lin,1,json,observation_date,asc,512,0,100000,2021-01-01,2023-12-31,1957-07-01,482.723
75,2021-01-01,2023-12-31,1600-01-01,9999-12-31,lin,1,json,observation_date,asc,512,0,100000,2021-01-01,2023-12-31,1957-10-01,477.398
76,2021-01-01,2023-12-31,1600-01-01,9999-12-31,lin,1,json,observation_date,asc,512,0,100000,2021-01-01,2023-12-31,1958-01-01,470.17
77,2021-01-01,2023-12-31,1600-01-01,9999-12-31,lin,1,json,observation_date,asc,512,0,100000,2021-01-01,2023-12-31,1958-04-01,474.672
78,2021-01-01,2023-12-31,1600-01-01,9999-12-31,lin,1,json,observation_date,asc,512,0,100000,2021-01-01,2023-12-31,1958-07-01,488.446
79,2021-01-01,2023-12-31,1600-01-01,9999-12-31,lin,1,json,observation_date,asc,512,0,100000,2021-01-01,2023-12-31,1958-10-01,502.14
80,2021-01-01,2023-12-31,1600-01-01,9999-12-31,lin,1,json,observation_date,asc,512,0,100000,2021-01-01,2023-12-31,1959-01-01,512.913
81,2021-01-01,2023-12-31,1600-01-01,9999-12-31,lin,1,json,observation_date,asc,512,0,100000,2021-01-01,2023-12-31,1959-04-01,525.253
82,2021-01-01,2023-12-31,1600-01-01,9999-12-31,lin,1,json,observation_date,asc,512,0,100000,2021-01-01,2023-12-31,1959-07-01,527.864
83,2021-01-01,2023-12-31,1600-01-01,9999-12-31,lin,1,json,observation_date,asc,512,0,100000,2021-01-01,2023-12-31,1959-10-01,531.63
84,2021-01-01,2023-12-31,1600-01-01,9999-12-31,lin,1,json,observation_date,asc,512,0,100000,2021-01-01,2023-12-31,1960-01-01,545.575
85,2021-01-01,2023-12-31,1600-01-01,9999-12-31,lin,1,json,observation_date,asc,512,0,100000,2021-01-01,2023-12-31,1960-04-01,544.084
86,2021-01-01,2023-12-31,1600-01-01,9999-12-31,lin,1,json,observation_date,asc,512,0,100000,2021-01-01,2023-12-31,1960-07-01,548.768
87,2021-01-01,2023-12-31,1600-01-01,9999-12-31,lin,1,json,observation_date,asc,512,0,100000,2021-01-01,2023-12-31,1960-10-01,543.553
88,2021-01-01,2023-12-31,1600-01-01,9999-12-31,lin,1,json,observation_date,asc,512,0,100000,2021-01-01,2023-12-31,1961-01-01,548.594
89,2021-01-01,2023-12-31,1600-01-01,9999-12-31,lin,1,json,observation_date,asc,512,0,100000,2021-01-01,2023-12-31,1961-04-01,558.945
90,2021-01-01,2023-12-31,1600-01-01,9999-12-31,lin,1,json,observation_date,asc,512,0,100000,2021-01-01,2023-12-31,1961-07-01,571.166
91,2021-01-01,2023-12-31,1600-01-01,9999-12-31,lin,1,json,observation_date,asc,512,0,100000,2021-01-01,2023-12-31,1961-10-01,584.209
92,2021-01-01,2023-12-31,1600-01-01,9999-12-31,lin,1,json,observation_date,asc,512,0,100000,2021-01-01,2023-12-31,1962-01-01,597.614
93,2021-01-01,2023-12-31,1600-01-01,9999-12-31,lin,1,json,observation_date,asc,512,0,100000,2021-01-01,2023-12-31,1962-04-01,604.358
94,2021-01-01,2023-12-31,1600-01-01,9999-12-31,lin,1,json,observation_date,asc,512,0,100000,2021-01-01,2023-12-31,1962-07-01,613.078
95,2021-01-01,2023-12-31,1600-01-01,9999-12-31,lin,1,json,observation_date,asc,512,0,100000,2021-01-01,2023-12-31,1962-10-01,617.01
96,2021-01-01,2023-12-31,1600-01-01,9999-12-31,lin,1,json,observation_date,asc,512,0,100000,2021-01-01,2023-12-31,1963-01-01,626.179
97,2021-01-01,2023-12-31,1600-01-01,9999-12-31,lin,1,json,observation_date,asc,512,0,100000,2021-01-01,2023-12-31,1963-04-01,634.089
98,2021-01-01,2023-12-31,1600-01-01,9999-12-31,lin,1,json,observation_date,asc,512,0,100000,2021-01-01,2023-12-31,1963-07-01,648.882
99,2021-01-01,2023-12-31,1600-01-01,9999-12-31,lin,1,json,observation_date,asc,512,0,100000,2021-01-01,2023-12-31,1963-10-01,658.563
100,2021-01-01,2023-12-31,1600-01-01,9999-12-31,lin,1,json,observation_date,asc,512,0,100000,2021-01-01,2023-12-31,1964-01-01,674.88
101,2021-01-01,2023-12-31,1600-01-01,9999-12-31,lin,1,json,observation_date,asc,512,0,100000,2021-01-01,2023-12-31,1964-04-01,683.549
102,2021-01-01,2023-12-31,1600-01-01,9999-12-31,lin,1,json,observation_date,asc,512,0,100000,2021-01-01,2023-12-31,1964-07-01,697.079
103,2021-01-01,2023-12-31,1600-01-01,9999-12-31,lin,1,json,observation_date,asc,512,0,100000,2021-01-01,2023-12-31,1964-10-01,702.017
104,2021-01-01,2023-12-31,1600-01-01,9999-12-31,lin,1,json,observation_date,asc,512,0,100000,2021-01-01,2023-12-31,1965-01-01,723.225
105,2021-01-01,2023-12-31,1600-01-01,9999-12-31,lin,1,json,observation_date,asc,512,0,100000,2021-01-01,2023-12-31,1965-04-01,735.832
106,2021-01-01,2023-12-31,1600-01-01,9999-12-31,lin,1,json,observation_date,asc,512,0,100000,2021-01-01,2023-12-31,1965-07-01,754.576
107,2021-01-01,2023-12-31,1600-01-01,9999-12-31,lin,1,json,observation_date,asc,512,0,100000,2021-01-01,2023-12-31,1965-10-01,776.644
108,2021-01-01,2023-12-31,1600-01-01,9999-12-31,lin,1,json,observation_date,asc,512,0,100000,2021-01-01,2023-12-31,1966-01-01,800.732
109,2021-01-01,2023-12-31,1600-01-01,9999-12-31,lin,1,json,observation_date,asc,512,0,100000,2021-01-01,2023-12-31,1966-04-01,810.033
110,2021-01-01,2023-12-31,1600-01-01,9999-12-31,lin,1,json,observation_date,asc,512,0,100000,2021-01-01,2023-12-31,1966-07-01,824.605
111,2021-01-01,2023-12-31,1600-01-01,9999-12-31,lin,1,json,observation_date,asc,512,0,100000,2021-01-01,2023-12-31,1966-10-01,838.565
112,2021-01-01,2023-12-31,1600-01-01,9999-12-31,lin,1,json,observation_date,asc,512,0,100000,2021-01-01,2023-12-31,1967-01-01,849.391
113,2021-01-01,2023-12-31,1600-01-01,9999-12-31,lin,1,json,observation_date,asc,512,0,100000,2021-01-01,2023-12-31,1967-04-01,854.063
114,2021-01-01,2023-12-31,1600-01-01,9999-12-31,lin,1,json,observation_date,asc,512,0,100000,2021-01-01,2023-12-31,1967-07-01,870.922
115,2021-01-01,2023-12-31,1600-01-01,9999-12-31,lin,1,json,observation_date,asc,512,0,100000,2021-01-01,2023-12-31,1967-10-01,887.023
116,2021-01-01,2023-12-31,1600-01-01,9999-12-31,lin,1,json,observation_date,asc,512,0,100000,2021-01-01,2023-12-31,1968-01-01,915.204
117,2021-01-01,2023-12-31,1600-01-01,9999-12-31,lin,1,json,observation_date,asc,512,0,100000,2021-01-01,2023-12-31,1968-04-01,940.344
118,2021-01-01,2023-12-31,1600-01-01,9999-12-31,lin,1,json,observation_date,asc,512,0,100000,2021-01-01,2023-12-31,1968-07-01,957.077
119,2021-01-01,2023-12-31,1600-01-01,9999-12-31,lin,1,json,observation_date,asc,512,0,100000,2021-01-01,2023-12-31,1968-10-01,974.301
120,2021-01-01,2023-12-31,1600-01-01,9999-12-31,lin,1,json,observation_date,asc,512,0,100000,2021-01-01,2023-12-31,1969-01-01,999.671
121,2021-01-01,2023-12-31,1600-01-01,9999-12-31,lin,1,json,observation_date,asc,512,0,100000,2021-01-01,2023-12-31,1969-04-01,1015.181
122,2021-01-01,2023-12-31,1600-01-01,9999-12-31,lin,1,json,observation_date,asc,512,0,100000,2021-01-01,2023-12-31,1969-07-01,1035.904
123,2021-01-01,2023-12-31,1600-01-01,9999-12-31,lin,1,json,observation_date,asc,512,0,100000,2021-01-01,2023-12-31,1969-10-01,1044.164
124,2021-01-01,2023-12-31,1600-01-01,9999-12-31,lin,1,json,observation_date,asc,512,0,100000,2021-01-01,2023-12-31,1970-01-01,1057.487
125,2021-01-01,2023-12-31,1600-01-01,9999-12-31,lin,1,json,observation_date,asc,512,0,100000,2021-01-01,2023-12-31,1970-04-01,1074.012
126,2021-01-01,2023-12-31,1600-01-01,9999-12-31,lin,1,json,observation_date,asc,512,0,100000,2021-01-01,2023-12-31,1970-07-01,1092.643
127,2021-01-01,2023-12-31,1600-01-01,9999-12-31,lin,1,json,observation_date,asc,512,0,100000,2021-01-01,2023-12-31,1970-10-01,1094.672
128,2021-01-01,2023-12-31,1600-01-01,9999-12-31,lin,1,json,observation_date,asc,512,0,100000,2021-01-01,2023-12-31,1971-01-01,1142.57
129,2021-01-01,2023-12-31,1600-01-01,9999-12-31,lin,1,json,observation_date,asc,512,0,100000,2021-01-01,2023-12-31,1971-04-01,1164.246
130,2021-01-01,2023-12-31,1600-01-01,9999-12-31,lin,1,json,observation_date,asc,512,0,100000,2021-01-01,2023-12-31,1971-07-01,1184.935
131,2021-01-01,2023-12-31,1600-01-01,9999-12-31,lin,1,json,observation_date,asc,512,0,100000,2021-01-01,2023-12-31,1971-10-01,1198.025
132,2021-01-01,2023-12-31,1600-01-01,9999-12-31,lin,1,json,observation_date,asc,512,0,100000,2021-01-01,2023-12-31,1972-01-01,1238.784
133,2021-01-01,2023-12-31,1600-01-01,9999-12-31,lin,1,json,observation_date,asc,512,0,100000,2021-01-01,2023-12-31,1972-04-01,1274.485
134,2021-01-01,2023-12-31,1600-01-01,9999-12-31,lin,1,json,observation_date,asc,512,0,100000,2021-01-01,2023-12-31,1972-07-01,1299.485
135,2021-01-01,2023-12-31,1600-01-01,9999-12-31,lin,1,json,observation_date,asc,512,0,100000,2021-01-01,2023-12-31,1972-10-01,1337.927
136,2021-01-01,2023-12-31,1600-01-01,9999-12-31,lin,1,json,observation_date,asc,512,0,100000,2021-01-01,2023-12-31,1973-01-01,1388.16
137,2021-01-01,2023-12-31,1600-01-01,9999-12-31,lin,1,json,observation_date,asc,512,0,100000,2021-01-01,2023-12-31,1973-04-01,1425.513
138,2021-01-01,2023-12-31,1600-01-01,9999-12-31,lin,1,json,observation_date,asc,512,0,100000,2021-01-01,2023-12-31,1973-07-01,1447.715
139,2021-01-01,2023-12-31,1600-01-01,9999-12-31,lin,1,json,observation_date,asc,512,0,100000,2021-01-01,2023-12-31,1973-10-01,1490.591
140,2021-01-01,2023-12-31,1600-01-01,9999-12-31,lin,1,json,observation_date,asc,512,0,100000,2021-01-01,2023-12-31,1974-01-01,1508.276
141,2021-01-01,2023-12-31,1600-01-01,9999-12-31,lin,1,json,observation_date,asc,512,0,100000,2021-01-01,2023-12-31,1974-04-01,1546.453
142,2021-01-01,2023-12-31,1600-01-01,9999-12-31,lin,1,json,observation_date,asc,512,0,100000,2021-01-01,2023-12-31,1974-07-01,1575.303
143,2021-01-01,2023-12-31,1600-01-01,9999-12-31,lin,1,json,observation_date,asc,512,0,100000,2021-01-01,2023-12-31,1974-10-01,1613.018
144,2021-01-01,2023-12-31,1600-01-01,9999-12-31,lin,1,json,observation_date,asc,512,0,100000,2021-01-01,2023-12-31,1975-01-01,1627.512
145,2021-01-01,2023-12-31,1600-01-01,9999-12-31,lin,1,json,observation_date,asc,512,0,100000,2021-01-01,2023-12-31,1975-04-01,1663.509
146,2021-01-01,2023-12-31,1600-01-01,9999-12-31,lin,1,json,observation_date,asc,512,0,100000,2021-01-01,2023-12-31,1975-07-01,1722.818
147,2021-01-01,2023-12-31,1600-01-01,9999-12-31,lin,1,json,observation_date,asc,512,0,100000,2021-01-01,2023-12-31,1975-10-01,1777.797
148,2021-01-01,2023-12-31,1600-01-01,9999-12-31,lin,1,json,observation_date,asc,512,0,100000,2021-01-01,2023-12-31,1976-01-01,1836.233
149,2021-01-01,2023-12-31,1600-01-01,9999-12-31,lin,1,json,observation_date,asc,512,0,100000,2021-01-01,2023-12-31,1976-04-01,1868.977
150,2021-01-01,2023-12-31,1600-01-01,9999-12-31,lin,1,json,observation_date,asc,512,0,100000,2021-01-01,2023-12-31,1976-07-01,1903.677
151,2021-01-01,2023-12-31,1600-01-01,9999-12-31,lin,1,json,observation_date,asc,512,0,100000,2021-01-01,2023-12-31,1976-10-01,1952.15
152,2021-01-01,2023-12-31,1600-01-01,9999-12-31,lin,1,json,observation_date,asc,512,0,100000,2021-01-01,2023-12-31,1977-01-01,2009.413
153,2021-01-01,2023-12-31,1600-01-01,9999-12-31,lin,1,json,observation_date,asc,512,0,100000,2021-01-01,2023-12-31,1977-04-01,2076.658
154,2021-01-01,2023-12-31,1600-01-01,9999-12-31,lin,1,json,observation_date,asc,512,0,100000,2021-01-01,2023-12-31,1977-07-01,2139.358
155,2021-01-01,2023-12-31,1600-01-01,9999-12-31,lin,1,json,observation_date,asc,512,0,100000,2021-01-01,2023-12-31,1977-10-01,2183.039
156,2021-01-01,2023-12-31,1600-01-01,9999-12-31,lin,1,json,observation_date,asc,512,0,100000,2021-01-01,2023-12-31,1978-01-01,2224.853
157,2021-01-01,2023-12-31,1600-01-01,9999-12-31,lin,1,json,observation_date,asc,512,0,100000,2021-01-01,2023-12-31,1978-04-01,2350.382
158,2021-01-01,2023-12-31,1600-01-01,9999-12-31,lin,1,json,observation_date,asc,512,0,100000,2021-01-01,2023-12-31,1978-07-01,2415.943
159,2021-01-01,2023-12-31,1600-01-01,9999-12-31,lin,1,json,observation_date,asc,512,0,100000,2021-01-01,2023-12-31,1978-10-01,2501.54
160,2021-01-01,2023-12-31,1600-01-01,9999-12-31,lin,1,json,observation_date,asc,512,0,100000,2021-01-01,2023-12-31,1979-01-01,2552.29
161,2021-01-01,2023-12-31,1600-01-01,9999-12-31,lin,1,json,observation_date,asc,512,0,100000,2021-01-01,2023-12-31,1979-04-01,2620.698
162,2021-01-01,2023-12-31,1600-01-01,9999-12-31,lin,1,json,observation_date,asc,512,0,100000,2021-01-01,2023-12-31,1979-07-01,2703.659
163,2021-01-01,2023-12-31,1600-01-01,9999-12-31,lin,1,json,observation_date,asc,512,0,100000,2021-01-01,2023-12-31,1979-10-01,2760.381
164,2021-01-01,2023-12-31,1600-01-01,9999-12-31,lin,1,json,observation_date,asc,512,0,100000,2021-01-01,2023-12-31,1980-01-01,2827.831
165,2021-01-01,2023-12-31,1600-01-01,9999-12-31,lin,1,json,observation_date,asc,512,0,100000,2021-01-01,2023-12-31,1980-04-01,2833.163
166,2021-01-01,2023-12-31,1600-01-01,9999-12-31,lin,1,json,observation_date,asc,512,0,100000,2021-01-01,2023-12-31,1980-07-01,2890.897
167,2021-01-01,2023-12-31,1600-01-01,9999-12-31,lin,1,json,observation_date,asc,512,0,100000,2021-01-01,2023-12-31,1980-10-01,3014.083
168,2021-01-01,2023-12-31,1600-01-01,9999-12-31,lin,1,json,observation_date,asc,512,0,100000,2021-01-01,2023-12-31,1981-01-01,3155.609
169,2021-01-01,2023-12-31,1600-01-01,9999-12-31,lin,1,json,observation_date,asc,512,0,100000,2021-01-01,2023-12-31,1981-04-01,3192.545
170,2021-01-01,2023-12-31,1600-01-01,9999-12-31,lin,1,json,observation_date,asc,512,0,100000,2021-01-01,2023-12-31,1981-07-01,3293.303
171,2021-01-01,2023-12-31,1600-01-01,9999-12-31,lin,1,json,observation_date,asc,512,0,100000,2021-01-01,2023-12-31,1981-10-01,3318.447
172,2021-01-01,2023-12-31,1600-01-01,9999-12-31,lin,1,json,observation_date,asc,512,0,100000,2021-01-01,2023-12-31,1982-01-01,3310.294
173,2021-01-01,2023-12-31,1600-01-01,9999-12-31,lin,1,json,observation_date,asc,512,0,100000,2021-01-01,2023-12-31,1982-04-01,3372.9
174,2021-01-01,2023-12-31,1600-01-01,9999-12-31,lin,1,json,observation_date,asc,512,0,100000,2021-01-01,2023-12-31,1982-07-01,3401.349
175,2021-01-01,2023-12-31,1600-01-01,9999-12-31,lin,1,json,observation_date,asc,512,0,100000,2021-01-01,2023-12-31,1982-10-01,3436.654
176,2021-01-01,2023-12-31,1600-01-01,9999-12-31,lin,1,json,observation_date,asc,512,0,100000,2021-01-01,2023-12-31,1983-01-01,3507.464
177,2021-01-01,2023-12-31,1600-01-01,9999-12-31,lin,1,json,observation_date,asc,512,0,100000,2021-01-01,2023-12-31,1983-04-01,3615.589
178,2021-01-01,2023-12-31,1600-01-01,9999-12-31,lin,1,json,observation_date,asc,512,0,100000,2021-01-01,2023-12-31,1983-07-01,3727.046
179,2021-01-01,2023-12-31,1600-01-01,9999-12-31,lin,1,json,observation_date,asc,512,0,100000,2021-01-01,2023-12-31,1983-10-01,3834.386
180,2021-01-01,2023-12-31,1600-01-01,9999-12-31,lin,1,json,observation_date,asc,512,0,100000,2021-01-01,2023-12-31,1984-01-01,3945.094
181,2021-01-01,2023-12-31,1600-01-01,9999-12-31,lin,1,json,observation_date,asc,512,0,100000,2021-01-01,2023-12-31,1984-04-01,4047.14
182,2021-01-01,2023-12-31,1600-01-01,9999-12-31,lin,1,json,observation_date,asc,512,0,100000,2021-01-01,2023-12-31,1984-07-01,4121.606
183,2021-01-01,2023-12-31,1600-01-01,9999-12-31,lin,1,json,observation_date,asc,512,0,100000,2021-01-01,2023-12-31,1984-10-01,4181.775
184,2021-01-01,2023-12-31,1600-01-01,9999-12-31,lin,1,json,observation_date,asc,512,0,100000,2021-01-01,2023-12-31,1985-01-01,4255.859
185,2021-01-01,2023-12-31,1600-01-01,9999-12-31,lin,1,json,observation_date,asc,512,0,100000,2021-01-01,2023-12-31,1985-04-01,4322.557
186,2021-01-01,2023-12-31,1600-01-01,9999-12-31,lin,1,json,observation_date,asc,512,0,100000,2021-01-01,2023-12-31,1985-07-01,4409.267
187,2021-01-01,2023-12-31,1600-01-01,9999-12-31,lin,1,json,observation_date,asc,512,0,100000,2021-01-01,2023-12-31,1985-10-01,4469.698
188,2021-01-01,2023-12-31,1600-01-01,9999-12-31,lin,1,json,observation_date,asc,512,0,100000,2021-01-01,2023-12-31,1986-01-01,4530.053
189,2021-01-01,2023-12-31,1600-01-01,9999-12-31,lin,1,json,observation_date,asc,512,0,100000,2021-01-01,2023-12-31,1986-04-01,4560.834
190,2021-01-01,2023-12-31,1600-01-01,9999-12-31,lin,1,json,observation_date,asc,512,0,100000,2021-01-01,2023-12-31,1986-07-01,4625.847
191,2021-01-01,2023-12-31,1600-01-01,9999-12-31,lin,1,json,observation_date,asc,512,0,100000,2021-01-01,2023-12-31,1986-10-01,4669.623
192,2021-01-01,2023-12-31,1600-01-01,9999-12-31,lin,1,json,observation_date,asc,512,0,100000,2021-01-01,2023-12-31,1987-01-01,4736.524
193,2021-01-01,2023-12-31,1600-01-01,9999-12-31,lin,1,json,observation_date,asc,512,0,100000,2021-01-01,2023-12-31,1987-04-01,4824.292
194,2021-01-01,2023-12-31,1600-01-01,9999-12-31,lin,1,json,observation_date,asc,512,0,100000,2021-01-01,2023-12-31,1987-07-01,4902.321
195,2021-01-01,2023-12-31,1600-01-01,9999-12-31,lin,1,json,observation_date,asc,512,0,100000,2021-01-01,2023-12-31,1987-10-01,5027.678
196,2021-01-01,2023-12-31,1600-01-01,9999-12-31,lin,1,json,observation_date,asc,512,0,100000,2021-01-01,2023-12-31,1988-01-01,5098.36
197,2021-01-01,2023-12-31,1600-01-01,9999-12-31,lin,1,json,observation_date,asc,512,0,100000,2021-01-01,2023-12-31,1988-04-01,5212.852
198,2021-01-01,2023-12-31,1600-01-01,9999-12-31,lin,1,json,observation_date,asc,512,0,100000,2021-01-01,2023-12-31,1988-07-01,5302.996
199,2021-01-01,2023-12-31,1600-01-01,9999-12-31,lin,1,json,observation_date,asc,512,0,100000,2021-01-01,2023-12-31,1988-10-01,5422.172
200,2021-01-01,2023-12-31,1600-01-01,9999-12-31,lin,1,json,observation_date,asc,512,0,100000,2021-01-01,2023-12-31,1989-01-01,5533.649
201,2021-01-01,2023-12-31,1600-01-01,9999-12-31,lin,1,json,observation_date,asc,512,0,100000,2021-01-01,2023-12-31,1989-04-01,5634.129
202,2021-01-01,2023-12-31,1600-01-01,9999-12-31,lin,1,json,observation_date,asc,512,0,100000,2021-01-01,2023-12-31,1989-07-01,5719.661
203,2021-01-01,2023-12-31,1600-01-01,9999-12-31,lin,1,json,observation_date,asc,512,0,100000,2021-01-01,2023-12-31,1989-10-01,5778.036
204,2021-01-01,2023-12-31,1600-01-01,9999-12-31,lin,1,json,observation_date,asc,512,0,100000,2021-01-01,2023-12-31,1990-01-01,5902.22
205,2021-01-01,2023-12-31,1600-01-01,9999-12-31,lin,1,json,observation_date,asc,512,0,100000,2021-01-01,2023-12-31,1990-04-01,5991.651
206,2021-01-01,2023-12-31,1600-01-01,9999-12-31,lin,1,json,observation_date,asc,512,0,100000,2021-01-01,2023-12-31,1990-07-01,6042.253
207,2021-01-01,2023-12-31,1600-01-01,9999-12-31,lin,1,json,observation_date,asc,512,0,100000,2021-01-01,2023-12-31,1990-10-01,6055.22
208,2021-01-01,2023-12-31,1600-01-01,9999-12-31,lin,1,json,observation_date,asc,512,0,100000,2021-01-01,2023-12-31,1991-01-01,6074.636
209,2021-01-01,2023-12-31,1600-01-01,9999-12-31,lin,1,json,observation_date,asc,512,0,100000,2021-01-01,2023-12-31,1991-04-01,6155.42
210,2021-01-01,2023-12-31,1600-01-01,9999-12-31,lin,1,json,observation_date,asc,512,0,100000,2021-01-01,2023-12-31,1991-07-01,6231.047
211,2021-01-01,2023-12-31,1600-01-01,9999-12-31,lin,1,json,observation_date,asc,512,0,100000,2021-01-01,2023-12-31,1991-10-01,6297.761
212,2021-01-01,2023-12-31,1600-01-01,9999-12-31,lin,1,json,observation_date,asc,512,0,100000,2021-01-01,2023-12-31,1992-01-01,6395.836
213,2021-01-01,2023-12-31,1600-01-01,9999-12-31,lin,1,json,observation_date,asc,512,0,100000,2021-01-01,2023-12-31,1992-04-01,6502.819
214,2021-01-01,2023-12-31,1600-01-01,9999-12-31,lin,1,json,observation_date,asc,512,0,100000,2021-01-01,2023-12-31,1992-07-01,6595.851
215,2021-01-01,2023-12-31,1600-01-01,9999-12-31,lin,1,json,observation_date,asc,512,0,100000,2021-01-01,2023-12-31,1992-10-01,6711.112
216,2021-01-01,2023-12-31,1600-01-01,9999-12-31,lin,1,json,observation_date,asc,512,0,100000,2021-01-01,2023-12-31,1993-01-01,6766.665
217,2021-01-01,2023-12-31,1600-01-01,9999-12-31,lin,1,json,observation_date,asc,512,0,100000,2021-01-01,2023-12-31,1993-04-01,6839.59
218,2021-01-01,2023-12-31,1600-01-01,9999-12-31,lin,1,json,observation_date,asc,512,0,100000,2021-01-01,2023-12-31,1993-07-01,6918.254
219,2021-01-01,2023-12-31,1600-01-01,9999-12-31,lin,1,json,observation_date,asc,512,0,100000,2021-01-01,2023-12-31,1993-10-01,7034.356
220,2021-01-01,2023-12-31,1600-01-01,9999-12-31,lin,1,json,observation_date,asc,512,0,100000,2021-01-01,2023-12-31,1994-01-01,7143.011
221,2021-01-01,2023-12-31,1600-01-01,9999-12-31,lin,1,json,observation_date,asc,512,0,100000,2021-01-01,2023-12-31,1994-04-01,7269.779
222,2021-01-01,2023-12-31,1600-01-01,9999-12-31,lin,1,json,observation_date,asc,512,0,100000,2021-01-01,2023-12-31,1994-07-01,7352.37
223,2021-01-01,2023-12-31,1600-01-01,9999-12-31,lin,1,json,observation_date,asc,512,0,100000,2021-01-01,2023-12-31,1994-10-01,7475.65
224,2021-01-01,2023-12-31,1600-01-01,9999-12-31,lin,1,json,observation_date,asc,512,0,100000,2021-01-01,2023-12-31,1995-01-01,7552.116
225,2021-01-01,2023-12-31,1600-01-01,9999-12-31,lin,1,json,observation_date,asc,512,0,100000,2021-01-01,2023-12-31,1995-04-01,7613.638
226,2021-01-01,2023-12-31,1600-01-01,9999-12-31,lin,1,json,observation_date,asc,512,0,100000,2021-01-01,2023-12-31,1995-07-01,7701.977
227,2021-01-01,2023-12-31,1600-01-01,9999-12-31,lin,1,json,observation_date,asc,512,0,100000,2021-01-01,2023-12-31,1995-10-01,7803.073
228,2021-01-01,2023-12-31,1600-01-01,9999-12-31,lin,1,json,observation_date,asc,512,0,100000,2021-01-01,2023-12-31,1996-01-01,7905.735
229,2021-01-01,2023-12-31,1600-01-01,9999-12-31,lin,1,json,observation_date,asc,512,0,100000,2021-01-01,2023-12-31,1996-04-01,8061.846
230,2021-01-01,2023-12-31,1600-01-01,9999-12-31,lin,1,json,observation_date,asc,512,0,100000,2021-01-01,2023-12-31,1996-07-01,8157.22
231,2021-01-01,2023-12-31,1600-01-01,9999-12-31,lin,1,json,observation_date,asc,512,0,100000,2021-01-01,2023-12-31,1996-10-01,8291.163
232,2021-01-01,2023-12-31,1600-01-01,9999-12-31,lin,1,json,observation_date,asc,512,0,100000,2021-01-01,2023-12-31,1997-01-01,8385.773
233,2021-01-01,2023-12-31,1600-01-01,9999-12-31,lin,1,json,observation_date,asc,512,0,100000,2021-01-01,2023-12-31,1997-04-01,8549.503
234,2021-01-01,2023-12-31,1600-01-01,9999-12-31,lin,1,json,observation_date,asc,512,0,100000,2021-01-01,2023-12-31,1997-07-01,8685.903
235,2021-01-01,2023-12-31,1600-01-01,9999-12-31,lin,1,json,observation_date,asc,512,0,100000,2021-01-01,2023-12-31,1997-10-01,8782.231
236,2021-01-01,2023-12-31,1600-01-01,9999-12-31,lin,1,json,observation_date,asc,512,0,100000,2021-01-01,2023-12-31,1998-01-01,8891.834
237,2021-01-01,2023-12-31,1600-01-01,9999-12-31,lin,1,json,observation_date,asc,512,0,100000,2021-01-01,2023-12-31,1998-04-01,8992.195
238,2021-01-01,2023-12-31,1600-01-01,9999-12-31,lin,1,json,observation_date,asc,512,0,100000,2021-01-01,2023-12-31,1998-07-01,9130.667
239,2021-01-01,2023-12-31,1600-01-01,9999-12-31,lin,1,json,observation_date,asc,512,0,100000,2021-01-01,2023-12-31,1998-10-01,9306.215
240,2021-01-01,2023-12-31,1600-01-01,9999-12-31,lin,1,json,observation_date,asc,512,0,100000,2021-01-01,2021-07-28,1999-01-01,9438.205
241,2021-01-01,2023-12-31,1600-01-01,9999-12-31,lin,1,json,observation_date,asc,512,0,100000,2021-07-29,2023-12-31,1999-01-01,9437.614
242,2021-01-01,2023-12-31,1600-01-01,9999-12-31,lin,1,json,observation_date,asc,512,0,100000,2021-01-01,2021-07-28,1999-04-01,9550.036
243,2021-01-01,2023-12-31,1600-01-01,9999-12-31,lin,1,json,observation_date,asc,512,0,100000,2021-07-29,2023-12-31,1999-04-01,9557.13
244,2021-01-01,2023-12-31,1600-01-01,9999-12-31,lin,1,json,observation_date,asc,512,0,100000,2021-01-01,2021-07-28,1999-07-01,9704.595
245,2021-01-01,2023-12-31,1600-01-01,9999-12-31,lin,1,json,observation_date,asc,512,0,100000,2021-07-29,2023-12-31,1999-07-01,9715.248
246,2021-01-01,2023-12-31,1600-01-01,9999-12-31,lin,1,json,observation_date,asc,512,0,100000,2021-01-01,2021-07-28,1999-10-01,9931.958
247,2021-01-01,2023-12-31,1600-01-01,9999-12-31,lin,1,json,observation_date,asc,512,0,100000,2021-07-29,2023-12-31,1999-10-01,9938.31
248,2021-01-01,2023-12-31,1600-01-01,9999-12-31,lin,1,json,observation_date,asc,512,0,100000,2021-01-01,2021-07-28,2000-01-01,10031.808
249,2021-01-01,2023-12-31,1600-01-01,9999-12-31,lin,1,json,observation_date,asc,512,0,100000,2021-07-29,2023-12-31,2000-01-01,10035.263
250,2021-01-01,2023-12-31,1600-01-01,9999-12-31,lin,1,json,observation_date,asc,512,0,100000,2021-01-01,2021-07-28,2000-04-01,10279.56
251,2021-01-01,2023-12-31,1600-01-01,9999-12-31,lin,1,json,observation_date,asc,512,0,100000,2021-07-29,2023-12-31,2000-04-01,10283.391
252,2021-01-01,2023-12-31,1600-01-01,9999-12-31,lin,1,json,observation_date,asc,512,0,100000,2021-01-01,2021-07-28,2000-07-01,10347.082
253,2021-01-01,2023-12-31,1600-01-01,9999-12-31,lin,1,json,observation_date,asc,512,0,100000,2021-07-29,2023-12-31,2000-07-01,10348.645
254,2021-01-01,2023-12-31,1600-01-01,9999-12-31,lin,1,json,observation_date,asc,512,0,100000,2021-01-01,2021-07-28,2000-10-01,10491.035
255,2021-01-01,2023-12-31,1600-01-01,9999-12-31,lin,1,json,observation_date,asc,512,0,100000,2021-07-29,2023-12-31,2000-10-01,10490.43
256,2021-01-01,2023-12-31,1600-01-01,9999-12-31,lin,1,json,observation_date,asc,512,0,100000,2021-01-01,2021-07-28,2001-01-01,10510.594
257,2021-01-01,2023-12-31,1600-01-01,9999-12-31,lin,1,json,observation_date,asc,512,0,100000,2021-07-29,2023-12-31,2001-01-01,10510.297
258,2021-01-01,2023-12-31,1600-01-01,9999-12-31,lin,1,json,observation_date,asc,512,0,100000,2021-01-01,2021-07-28,2001-04-01,10644.451
259,2021-01-01,2023-12-31,1600-01-01,9999-12-31,lin,1,json,observation_date,asc,512,0,100000,2021-07-29,2023-12-31,2001-04-01,10647.427
260,2021-01-01,2023-12-31,1600-01-01,9999-12-31,lin,1,json,observation_date,asc,512,0,100000,2021-01-01,2021-07-28,2001-07-01,10619.9
261,2021-01-01,2023-12-31,1600-01-01,9999-12-31,lin,1,json,observation_date,asc,512,0,100000,2021-07-29,2023-12-31,2001-07-01,10623.039
262,2021-01-01,2023-12-31,1600-01-01,9999-12-31,lin,1,json,observation_date,asc,512,0,100000,2021-01-01,2021-07-28,2001-10-01,10747.342
263,2021-01-01,2023-12-31,1600-01-01,9999-12-31,lin,1,json,observation_date,asc,512,0,100000,2021-07-29,2023-12-31,2001-10-01,10748.408
264,2021-01-01,2023-12-31,1600-01-01,9999-12-31,lin,1,json,observation_date,asc,512,0,100000,2021-01-01,2021-07-28,2002-01-01,10837.73
265,2021-01-01,2023-12-31,1600-01-01,9999-12-31,lin,1,json,observation_date,asc,512,0,100000,2021-07-29,2023-12-31,2002-01-01,10833.143
266,2021-01-01,2023-12-31,1600-01-01,9999-12-31,lin,1,json,observation_date,asc,512,0,100000,2021-01-01,2021-07-28,2002-04-01,10923.146
267,2021-01-01,2023-12-31,1600-01-01,9999-12-31,lin,1,json,observation_date,asc,512,0,100000,2021-07-29,2023-12-31,2002-04-01,10918.384
268,2021-01-01,2023-12-31,1600-01-01,9999-12-31,lin,1,json,observation_date,asc,512,0,100000,2021-01-01,2021-07-28,2002-07-01,11035.492
269,2021-01-01,2023-12-31,1600-01-01,9999-12-31,lin,1,json,observation_date,asc,512,0,100000,2021-07-29,2023-12-31,2002-07-01,11027.515
270,2021-01-01,2023-12-31,1600-01-01,9999-12-31,lin,1,json,observation_date,asc,512,0,100000,2021-01-01,2021-07-28,2002-10-01,11130.278
271,2021-01-01,2023-12-31,1600-01-01,9999-12-31,lin,1,json,observation_date,asc,512,0,100000,2021-07-29,2023-12-31,2002-10-01,11120.565
272,2021-01-01,2023-12-31,1600-01-01,9999-12-31,lin,1,json,observation_date,asc,512,0,100000,2021-01-01,2021-07-28,2003-01-01,11226.655
273,2021-01-01,2023-12-31,1600-01-01,9999-12-31,lin,1,json,observation_date,asc,512,0,100000,2021-07-29,2023-12-31,2003-01-01,11217.689
274,2021-01-01,2023-12-31,1600-01-01,9999-12-31,lin,1,json,observation_date,asc,512,0,100000,2021-01-01,2021-07-28,2003-04-01,11368.273
275,2021-01-01,2023-12-31,1600-01-01,9999-12-31,lin,1,json,observation_date,asc,512,0,100000,2021-07-29,2023-12-31,2003-04-01,11369.131
276,2021-01-01,2023-12-31,1600-01-01,9999-12-31,lin,1,json,observation_date,asc,512,0,100000,2021-01-01,2021-07-28,2003-07-01,11621.763
277,2021-01-01,2023-12-31,1600-01-01,9999-12-31,lin,1,json,observation_date,asc,512,0,100000,2021-07-29,2023-12-31,2003-07-01,11621.172
278,2021-01-01,2023-12-31,1600-01-01,9999-12-31,lin,1,json,observation_date,asc,512,0,100000,2021-01-01,2021-07-28,2003-10-01,11849.731
279,2021-01-01,2023-12-31,1600-01-01,9999-12-31,lin,1,json,observation_date,asc,512,0,100000,2021-07-29,2023-12-31,2003-10-01,11851.792
280,2021-01-01,2023-12-31,1600-01-01,9999-12-31,lin,1,json,observation_date,asc,512,0,100000,2021-01-01,2021-07-28,2004-01-01,12018.97
281,2021-01-01,2023-12-31,1600-01-01,9999-12-31,lin,1,json,observation_date,asc,512,0,100000,2021-07-29,2023-12-31,2004-01-01,12021.455
282,2021-01-01,2023-12-31,1600-01-01,9999-12-31,lin,1,json,observation_date,asc,512,0,100000,2021-01-01,2021-07-28,2004-04-01,12182.398
283,2021-01-01,2023-12-31,1600-01-01,9999-12-31,lin,1,json,observation_date,asc,512,0,100000,2021-07-29,2023-12-31,2004-04-01,12185.61
284,2021-01-01,2023-12-31,1600-01-01,9999-12-31,lin,1,json,observation_date,asc,512,0,100000,2021-01-01,2021-07-28,2004-07-01,12386.854
285,2021-01-01,2023-12-31,1600-01-01,9999-12-31,lin,1,json,observation_date,asc,512,0,100000,2021-07-29,2023-12-31,2004-07-01,12386.919
286,2021-01-01,2023-12-31,1600-01-01,9999-12-31,lin,1,json,observation_date,asc,512,0,100000,2021-01-01,2021-07-28,2004-10-01,12579.436
287,2021-01-01,2023-12-31,1600-01-01,9999-12-31,lin,1,json,observation_date,asc,512,0,100000,2021-07-29,2023-12-31,2004-10-01,12581.653
288,2021-01-01,2023-12-31,1600-01-01,9999-12-31,lin,1,json,observation_date,asc,512,0,100000,2021-01-01,2021-07-28,2005-01-01,12851.097
289,2021-01-01,2023-12-31,1600-01-01,9999-12-31,lin,1,json,observation_date,asc,512,0,100000,2021-07-29,2023-12-31,2005-01-01,12854.364
290,2021-01-01,2023-12-31,1600-01-01,9999-12-31,lin,1,json,observation_date,asc,512,0,100000,2021-01-01,2021-07-28,2005-04-01,12987.61
291,2021-01-01,2023-12-31,1600-01-01,9999-12-31,lin,1,json,observation_date,asc,512,0,100000,2021-07-29,2023-12-31,2005-04-01,12996.998
292,2021-01-01,2023-12-31,1600-01-01,9999-12-31,lin,1,json,observation_date,asc,512,0,100000,2021-01-01,2021-07-28,2005-07-01,13230.073
293,2021-01-01,2023-12-31,1600-01-01,9999-12-31,lin,1,json,observation_date,asc,512,0,100000,2021-07-29,2023-12-31,2005-07-01,13225.668
294,2021-01-01,2023-12-31,1600-01-01,9999-12-31,lin,1,json,observation_date,asc,512,0,100000,2021-01-01,2021-07-28,2005-10-01,13389.59
295,2021-01-01,2023-12-31,1600-01-01,9999-12-31,lin,1,json,observation_date,asc,512,0,100000,2021-07-29,2023-12-31,2005-10-01,13378.959
296,2021-01-01,2023-12-31,1600-01-01,9999-12-31,lin,1,json,observation_date,asc,512,0,100000,2021-01-01,2021-07-28,2006-01-01,13662.717
297,2021-01-01,2023-12-31,1600-01-01,9999-12-31,lin,1,json,observation_date,asc,512,0,100000,2021-07-29,2023-12-31,2006-01-01,13654.952
298,2021-01-01,2023-12-31,1600-01-01,9999-12-31,lin,1,json,observation_date,asc,512,0,100000,2021-01-01,2021-07-28,2006-04-01,13802.956
299,2021-01-01,2023-12-31,1600-01-01,9999-12-31,lin,1,json,observation_date,asc,512,0,100000,2021-07-29,2023-12-31,2006-04-01,13802.877
300,2021-01-01,2023-12-31,1600-01-01,9999-12-31,lin,1,json,observation_date,asc,512,0,100000,2021-01-01,2021-07-28,2006-07-01,13907.106
301,2021-01-01,2023-12-31,1600-01-01,9999-12-31,lin,1,json,observation_date,asc,512,0,100000,2021-07-29,2023-12-31,2006-07-01,13906.646
302,2021-01-01,2023-12-31,1600-01-01,9999-12-31,lin,1,json,observation_date,asc,512,0,100000,2021-01-01,2021-07-28,2006-10-01,14087.456
303,2021-01-01,2023-12-31,1600-01-01,9999-12-31,lin,1,json,observation_date,asc,512,0,100000,2021-07-29,2023-12-31,2006-10-01,14083.697
304,2021-01-01,2023-12-31,1600-01-01,9999-12-31,lin,1,json,observation_date,asc,512,0,100000,2021-01-01,2021-07-28,2007-01-01,14260.827
305,2021-01-01,2023-12-31,1600-01-01,9999-12-31,lin,1,json,observation_date,asc,512,0,100000,2021-07-29,2023-12-31,2007-01-01,14258.594
306,2021-01-01,2023-12-31,1600-01-01,9999-12-31,lin,1,json,observation_date,asc,512,0,100000,2021-01-01,2021-07-28,2007-04-01,14456.794
307,2021-01-01,2023-12-31,1600-01-01,9999-12-31,lin,1,json,observation_date,asc,512,0,100000,2021-07-29,2023-12-31,2007-04-01,14463.277
308,2021-01-01,2023-12-31,1600-01-01,9999-12-31,lin,1,json,observation_date,asc,512,0,100000,2021-01-01,2021-07-28,2007-07-01,14666.605
309,2021-01-01,2023-12-31,1600-01-01,9999-12-31,lin,1,json,observation_date,asc,512,0,100000,2021-07-29,2023-12-31,2007-07-01,14681.751
310,2021-01-01,2023-12-31,1600-01-01,9999-12-31,lin,1,json,observation_date,asc,512,0,100000,2021-01-01,2021-07-28,2007-10-01,14859.307
311,2021-01-01,2023-12-31,1600-01-01,9999-12-31,lin,1,json,observation_date,asc,512,0,100000,2021-07-29,2023-12-31,2007-10-01,14875.943
312,2021-01-01,2023-12-31,1600-01-01,9999-12-31,lin,1,json,observation_date,asc,512,0,100000,2021-01-01,2021-07-28,2008-01-01,14812.719
313,2021-01-01,2023-12-31,1600-01-01,9999-12-31,lin,1,json,observation_date,asc,512,0,100000,2021-07-29,2023-12-31,2008-01-01,14857.342
314,2021-01-01,2023-12-31,1600-01-01,9999-12-31,lin,1,json,observation_date,asc,512,0,100000,2021-01-01,2021-07-28,2008-04-01,14971.515
315,2021-01-01,2023-12-31,1600-01-01,9999-12-31,lin,1,json,observation_date,asc,512,0,100000,2021-07-29,2023-12-31,2008-04-01,15023.21
316,2021-01-01,2023-12-31,1600-01-01,9999-12-31,lin,1,json,observation_date,asc,512,0,100000,2021-01-01,2021-07-28,2008-07-01,15020.055
317,2021-01-01,2023-12-31,1600-01-01,9999-12-31,lin,1,json,observation_date,asc,512,0,100000,2021-07-29,2023-12-31,2008-07-01,15075.73
318,2021-01-01,2023-12-31,1600-01-01,9999-12-31,lin,1,json,observation_date,asc,512,0,100000,2021-01-01,2021-07-28,2008-10-01,14665.524
319,2021-01-01,2023-12-31,1600-01-01,9999-12-31,lin,1,json,observation_date,asc,512,0,100000,2021-07-29,2023-12-31,2008-10-01,14704.022
320,2021-01-01,2023-12-31,1600-01-01,9999-12-31,lin,1,json,observation_date,asc,512,0,100000,2021-01-01,2021-07-28,2009-01-01,14511.592
321,2021-01-01,2023-12-31,1600-01-01,9999-12-31,lin,1,json,observation_date,asc,512,0,100000,2021-07-29,2023-12-31,2009-01-01,14551.583
322,2021-01-01,2023-12-31,1600-01-01,9999-12-31,lin,1,json,observation_date,asc,512,0,100000,2021-01-01,2021-07-28,2009-04-01,14468.341
323,2021-01-01,2023-12-31,1600-01-01,9999-12-31,lin,1,json,observation_date,asc,512,0,100000,2021-07-29,2023-09-27,2009-04-01,14504.001
324,2021-01-01,2023-12-31,1600-01-01,9999-12-31,lin,1,json,observation_date,asc,512,0,100000,2023-09-28,2023-12-31,2009-04-01,14504.002
325,2021-01-01,2023-12-31,1600-01-01,9999-12-31,lin,1,json,observation_date,asc,512,0,100000,2021-01-01,2021-07-28,2009-07-01,14591.831
326,2021-01-01,2023-12-31,1600-01-01,9999-12-31,lin,1,json,observation_date,asc,512,0,100000,2021-07-29,2023-09-27,2009-07-01,14631.307
327,2021-01-01,2023-12-31,1600-01-01,9999-12-31,lin,1,json,observation_date,asc,512,0,100000,2023-09-28,2023-12-31,2009-07-01,14631.308
328,2021-01-01,2023-12-31,1600-01-01,9999-12-31,lin,1,json,observation_date,asc,512,0,100000,2021-01-01,2021-07-28,2009-10-01,14791.715
329,2021-01-01,2023-12-31,1600-01-01,9999-12-31,lin,1,json,observation_date,asc,512,0,100000,2021-07-29,2023-12-31,2009-10-01,14826.345
330,2021-01-01,2023-12-31,1600-01-01,9999-12-31,lin,1,json,observation_date,asc,512,0,100000,2021-01-01,2021-07-28,2010-01-01,14915.441
331,2021-01-01,2023-12-31,1600-01-01,9999-12-31,lin,1,json,observation_date,asc,512,0,100000,2021-07-29,2023-09-27,2010-01-01,14968.896
332,2021-01-01,2023-12-31,1600-01-01,9999-12-31,lin,1,json,observation_date,asc,512,0,100000,2023-09-28,2023-12-31,2010-01-01,14968.895
333,2021-01-01,2023-12-31,1600-01-01,9999-12-31,lin,1,json,observation_date,asc,512,0,100000,2021-01-01,2021-07-28,2010-04-01,15121.332
334,2021-01-01,2023-12-31,1600-01-01,9999-12-31,lin,1,json,observation_date,asc,512,0,100000,2021-07-29,2023-12-31,2010-04-01,15187.024
335,2021-01-01,2023-12-31,1600-01-01,9999-12-31,lin,1,json,observation_date,asc,512,0,100000,2021-01-01,2021-07-28,2010-07-01,15269.06
336,2021-01-01,2023-12-31,1600-01-01,9999-12-31,lin,1,json,observation_date,asc,512,0,100000,2021-07-29,2023-09-27,2010-07-01,15339.711
337,2021-01-01,2023-12-31,1600-01-01,9999-12-31,lin,1,json,observation_date,asc,512,0,100000,2023-09-28,2023-12-31,2010-07-01,15339.713
338,2021-01-01,2023-12-31,1600-01-01,9999-12-31,lin,1,json,observation_date,asc,512,0,100000,2021-01-01,2021-07-28,2010-10-01,15445.256
339,2021-01-01,2023-12-31,1600-01-01,9999-12-31,lin,1,json,observation_date,asc,512,0,100000,2021-07-29,2023-09-27,2010-10-01,15522.781
340,2021-01-01,2023-12-31,1600-01-01,9999-12-31,lin,1,json,observation_date,asc,512,0,100000,2023-09-28,2023-12-31,2010-10-01,15522.784
341,2021-01-01,2023-12-31,1600-01-01,9999-12-31,lin,1,json,observation_date,asc,512,0,100000,2021-01-01,2021-07-28,2011-01-01,15502.925
342,2021-01-01,2023-12-31,1600-01-01,9999-12-31,lin,1,json,observation_date,asc,512,0,100000,2021-07-29,2023-09-27,2011-01-01,15574.331
343,2021-01-01,2023-12-31,1600-01-01,9999-12-31,lin,1,json,observation_date,asc,512,0,100000,2023-09-28,2023-12-31,2011-01-01,15574.336
344,2021-01-01,2023-12-31,1600-01-01,9999-12-31,lin,1,json,observation_date,asc,512,0,100000,2021-01-01,2021-07-28,2011-04-01,15716.572
345,2021-01-01,2023-12-31,1600-01-01,9999-12-31,lin,1,json,observation_date,asc,512,0,100000,2021-07-29,2023-09-27,2011-04-01,15780.006
346,2021-01-01,2023-12-31,1600-01-01,9999-12-31,lin,1,json,observation_date,asc,512,0,100000,2023-09-28,2023-12-31,2011-04-01,15780.01
347,2021-01-01,2023-12-31,1600-01-01,9999-12-31,lin,1,json,observation_date,asc,512,0,100000,2021-01-01,2021-07-28,2011-07-01,15837.248
348,2021-01-01,2023-12-31,1600-01-01,9999-12-31,lin,1,json,observation_date,asc,512,0,100000,2021-07-29,2023-09-27,2011-07-01,15893.499
349,2021-01-01,2023-12-31,1600-01-01,9999-12-31,lin,1,json,observation_date,asc,512,0,100000,2023-09-28,2023-12-31,2011-07-01,15893.498
350,2021-01-01,2023-12-31,1600-01-01,9999-12-31,lin,1,json,observation_date,asc,512,0,100000,2021-01-01,2021-07-28,2011-10-01,16059.096
351,2021-01-01,2023-12-31,1600-01-01,9999-12-31,lin,1,json,observation_date,asc,512,0,100000,2021-07-29,2023-09-27,2011-10-01,16102.819
352,2021-01-01,2023-12-31,1600-01-01,9999-12-31,lin,1,json,observation_date,asc,512,0,100000,2023-09-28,2023-12-31,2011-10-01,16102.811
353,2021-01-01,2023-12-31,1600-01-01,9999-12-31,lin,1,json,observation_date,asc,512,0,100000,2021-01-01,2021-07-28,2012-01-01,16268.022
354,2021-01-01,2023-12-31,1600-01-01,9999-12-31,lin,1,json,observation_date,asc,512,0,100000,2021-07-29,2023-09-27,2012-01-01,16315.076
355,2021-01-01,2023-12-31,1600-01-01,9999-12-31,lin,1,json,observation_date,asc,512,0,100000,2023-09-28,2023-12-31,2012-01-01,16314.993
356,2021-01-01,2023-12-31,1600-01-01,9999-12-31,lin,1,json,observation_date,asc,512,0,100000,2021-01-01,2021-07-28,2012-04-01,16380.378
357,2021-01-01,2023-12-31,1600-01-01,9999-12-31,lin,1,json,observation_date,asc,512,0,100000,2021-07-29,2023-09-27,2012-04-01,16435.293
358,2021-01-01,2023-12-31,1600-01-01,9999-12-31,lin,1,json,observation_date,asc,512,0,100000,2023-09-28,2023-12-31,2012-04-01,16435.211
359,2021-01-01,2023-12-31,1600-01-01,9999-12-31,lin,1,json,observation_date,asc,512,0,100000,2021-01-01,2021-07-28,2012-07-01,16485.807
360,2021-01-01,2023-12-31,1600-01-01,9999-12-31,lin,1,json,observation_date,asc,512,0,100000,2021-07-29,2023-09-27,2012-07-01,16548.815
361,2021-01-01,2023-12-31,1600-01-01,9999-12-31,lin,1,json,observation_date,asc,512,0,100000,2023-09-28,2023-12-31,2012-07-01,16548.753
362,2021-01-01,2023-12-31,1600-01-01,9999-12-31,lin,1,json,observation_date,asc,512,0,100000,2021-01-01,2021-07-28,2012-10-01,16583.025
363,2021-01-01,2023-12-31,1600-01-01,9999-12-31,lin,1,json,observation_date,asc,512,0,100000,2021-07-29,2023-09-27,2012-10-01,16647.723
364,2021-01-01,2023-12-31,1600-01-01,9999-12-31,lin,1,json,observation_date,asc,512,0,100000,2023-09-28,2023-12-31,2012-10-01,16647.685
365,2021-01-01,2023-12-31,1600-01-01,9999-12-31,lin,1,json,observation_date,asc,512,0,100000,2021-01-01,2021-07-28,2013-01-01,16783.69
366,2021-01-01,2023-12-31,1600-01-01,9999-12-31,lin,1,json,observation_date,asc,512,0,100000,2021-07-29,2023-09-27,2013-01-01,16845.017
367,2021-01-01,2023-12-31,1600-01-01,9999-12-31,lin,1,json,observation_date,asc,512,0,100000,2023-09-28,2023-12-31,2013-01-01,16864.086
368,2021-01-01,2023-12-31,1600-01-01,9999-12-31,lin,1,json,observation_date,asc,512,0,100000,2021-01-01,2021-07-28,2013-04-01,16866.179
369,2021-01-01,2023-12-31,1600-01-01,9999-12-31,lin,1,json,observation_date,asc,512,0,100000,2021-07-29,2023-09-27,2013-04-01,16928.625
370,2021-01-01,2023-12-31,1600-01-01,9999-12-31,lin,1,json,observation_date,asc,512,0,100000,2023-09-28,2023-12-31,2013-04-01,16957.701
371,2021-01-01,2023-12-31,1600-01-01,9999-12-31,lin,1,json,observation_date,asc,512,0,100000,2021-01-01,2021-07-28,2013-07-01,17090.464
372,2021-01-01,2023-12-31,1600-01-01,9999-12-31,lin,1,json,observation_date,asc,512,0,100000,2021-07-29,2023-09-27,2013-07-01,17151.537
373,2021-01-01,2023-12-31,1600-01-01,9999-12-31,lin,1,json,observation_date,asc,512,0,100000,2023-09-28,2023-12-31,2013-07-01,17194.256
374,2021-01-01,2023-12-31,1600-01-01,9999-12-31,lin,1,json,observation_date,asc,512,0,100000,2021-01-01,2021-07-28,2013-10-01,17321.999
375,2021-01-01,2023-12-31,1600-01-01,9999-12-31,lin,1,json,observation_date,asc,512,0,100000,2021-07-29,2023-09-27,2013-10-01,17368.794
376,2021-01-01,2023-12-31,1600-01-01,9999-12-31,lin,1,json,observation_date,asc,512,0,100000,2023-09-28,2023-12-31,2013-10-01,17427.64
377,2021-01-01,2023-12-31,1600-01-01,9999-12-31,lin,1,json,observation_date,asc,512,0,100000,2021-01-01,2021-07-28,2014-01-01,17347.936
378,2021-01-01,2023-12-31,1600-01-01,9999-12-31,lin,1,json,observation_date,asc,512,0,100000,2021-07-29,2023-09-27,2014-01-01,17381.812
379,2021-01-01,2023-12-31,1600-01-01,9999-12-31,lin,1,json,observation_date,asc,512,0,100000,2023-09-28,2023-12-31,2014-01-01,17435.205
380,2021-01-01,2023-12-31,1600-01-01,9999-12-31,lin,1,json,observation_date,asc,512,0,100000,2021-01-01,2021-07-28,2014-04-01,17668.435
381,2021-01-01,2023-12-31,1600-01-01,9999-12-31,lin,1,json,observation_date,asc,512,0,100000,2021-07-29,2023-09-27,2014-04-01,17691.165
382,2021-01-01,2023-12-31,1600-01-01,9999-12-31,lin,1,json,observation_date,asc,512,0,100000,2023-09-28,2023-12-31,2014-04-01,17746.905
383,2021-01-01,2023-12-31,1600-01-01,9999-12-31,lin,1,json,observation_date,asc,512,0,100000,2021-01-01,2021-07-28,2014-07-01,17980.646
384,2021-01-01,2023-12-31,1600-01-01,9999-12-31,lin,1,json,observation_date,asc,512,0,100000,2021-07-29,2023-09-27,2014-07-01,17995.3
385,2021-01-01,2023-12-31,1600-01-01,9999-12-31,lin,1,json,observation_date,asc,512,0,100000,2023-09-28,2023-12-31,2014-07-01,18056.23
386,2021-01-01,2023-12-31,1600-01-01,9999-12-31,lin,1,json,observation_date,asc,512,0,100000,2021-01-01,2021-07-28,2014-10-01,18076.267
387,2021-01-01,2023-12-31,1600-01-01,9999-12-31,lin,1,json,observation_date,asc,512,0,100000,2021-07-29,2023-09-27,2014-10-01,18075.379
388,2021-01-01,2023-12-31,1600-01-01,9999-12-31,lin,1,json,observation_date,asc,512,0,100000,2023-09-28,2023-12-31,2014-10-01,18134.846
389,2021-01-01,2023-12-31,1600-01-01,9999-12-31,lin,1,json,observation_date,asc,512,0,100000,2021-01-01,2021-07-28,2015-01-01,18226.27
390,2021-01-01,2023-12-31,1600-01-01,9999-12-31,lin,1,json,observation_date,asc,512,0,100000,2021-07-29,2023-09-27,2015-01-01,18214.218
391,2021-01-01,2023-12-31,1600-01-01,9999-12-31,lin,1,json,observation_date,asc,512,0,100000,2023-09-28,2023-12-31,2015-01-01,18286.27
392,2021-01-01,2023-12-31,1600-01-01,9999-12-31,lin,1,json,observation_date,asc,512,0,100000,2021-01-01,2021-07-28,2015-04-01,18435.732
393,2021-01-01,2023-12-31,1600-01-01,9999-12-31,lin,1,json,observation_date,asc,512,0,100000,2021-07-29,2023-09-27,2015-04-01,18405.862
394,2021-01-01,2023-12-31,1600-01-01,9999-12-31,lin,1,json,observation_date,asc,512,0,100000,2023-09-28,2023-12-31,2015-04-01,18491.766
395,2021-01-01,2023-12-31,1600-01-01,9999-12-31,lin,1,json,observation_date,asc,512,0,100000,2021-01-01,2021-07-28,2015-07-01,18560.868
396,2021-01-01,2023-12-31,1600-01-01,9999-12-31,lin,1,json,observation_date,asc,512,0,100000,2021-07-29,2023-09-27,2015-07-01,18520.403
397,2021-01-01,2023-12-31,1600-01-01,9999-12-31,lin,1,json,observation_date,asc,512,0,100000,2023-09-28,2023-12-31,2015-07-01,18614.786
398,2021-01-01,2023-12-31,1600-01-01,9999-12-31,lin,1,json,observation_date,asc,512,0,100000,2021-01-01,2021-07-28,2015-10-01,18611.869
399,2021-01-01,2023-12-31,1600-01-01,9999-12-31,lin,1,json,observation_date,asc,512,0,100000,2021-07-29,2023-09-27,2015-10-01,18565.145
400,2021-01-01,2023-12-31,1600-01-01,9999-12-31,lin,1,json,observation_date,asc,512,0,100000,2023-09-28,2023-12-31,2015-10-01,18667.767
401,2021-01-01,2023-12-31,1600-01-01,9999-12-31,lin,1,json,observation_date,asc,512,0,100000,2021-01-01,2021-07-28,2016-01-01,18684.316
402,2021-01-01,2023-12-31,1600-01-01,9999-12-31,lin,1,json,observation_date,asc,512,0,100000,2021-07-29,2023-09-27,2016-01-01,18640.558
403,2021-01-01,2023-12-31,1600-01-01,9999-12-31,lin,1,json,observation_date,asc,512,0,100000,2023-09-28,2023-12-31,2016-01-01,18740.558
404,2021-01-01,2023-12-31,1600-01-01,9999-12-31,lin,1,json,observation_date,asc,512,0,100000,2021-01-01,2021-07-28,2016-04-01,18874.494
405,2021-01-01,2023-12-31,1600-01-01,9999-12-31,lin,1,json,observation_date,asc,512,0,100000,2021-07-29,2023-09-27,2016-04-01,18827.942
406,2021-01-01,2023-12-31,1600-01-01,9999-12-31,lin,1,json,observation_date,asc,512,0,100000,2023-09-28,2023-12-31,2016-04-01,18927.449
407,2021-01-01,2023-12-31,1600-01-01,9999-12-31,lin,1,json,observation_date,asc,512,0,100000,2021-01-01,2021-07-28,2016-07-01,19043.655
408,2021-01-01,2023-12-31,1600-01-01,9999-12-31,lin,1,json,observation_date,asc,512,0,100000,2021-07-29,2023-09-27,2016-07-01,18995.777
409,2021-01-01,2023-12-31,1600-01-01,9999-12-31,lin,1,json,observation_date,asc,512,0,100000,2023-09-28,2023-12-31,2016-07-01,19112.464
410,2021-01-01,2023-12-31,1600-01-01,9999-12-31,lin,1,json,observation_date,asc,512,0,100000,2021-01-01,2021-07-28,2016-10-01,19306.048
411,2021-01-01,2023-12-31,1600-01-01,9999-12-31,lin,1,json,observation_date,asc,512,0,100000,2021-07-29,2023-09-27,2016-10-01,19243.922
412,2021-01-01,2023-12-31,1600-01-01,9999-12-31,lin,1,json,observation_date,asc,512,0,100000,2023-09-28,2023-12-31,2016-10-01,19364.643
413,2021-01-01,2023-12-31,1600-01-01,9999-12-31,lin,1,json,observation_date,asc,512,0,100000,2021-01-01,2021-07-28,2017-01-01,19514.131
414,2021-01-01,2023-12-31,1600-01-01,9999-12-31,lin,1,json,observation_date,asc,512,0,100000,2021-07-29,2022-09-28,2017-01-01,19427.462
415,2021-01-01,2023-12-31,1600-01-01,9999-12-31,lin,1,json,observation_date,asc,512,0,100000,2022-09-29,2023-09-27,2017-01-01,19420.467
416,2021-01-01,2023-12-31,1600-01-01,9999-12-31,lin,1,json,observation_date,asc,512,0,100000,2023-09-28,2023-12-31,2017-01-01,19552.357
417,2021-01-01,2023-12-31,1600-01-01,9999-12-31,lin,1,json,observation_date,asc,512,0,100000,2021-01-01,2021-07-28,2017-04-01,19646.842
418,2021-01-01,2023-12-31,1600-01-01,9999-12-31,lin,1,json,observation_date,asc,512,0,100000,2021-07-29,2022-09-28,2017-04-01,19585.223
419,2021-01-01,2023-12-31,1600-01-01,9999-12-31,lin,1,json,observation_date,asc,512,0,100000,2022-09-29,2023-09-27,2017-04-01,19568.667
420,2021-01-01,2023-12-31,1600-01-01,9999-12-31,lin,1,json,observation_date,asc,512,0,100000,2023-09-28,2023-12-31,2017-04-01,19702.804
421,2021-01-01,2023-12-31,1600-01-01,9999-12-31,lin,1,json,observation_date,asc,512,0,100000,2021-01-01,2021-07-28,2017-07-01,19918.646
422,2021-01-01,2023-12-31,1600-01-01,9999-12-31,lin,1,json,observation_date,asc,512,0,100000,2021-07-29,2022-09-28,2017-07-01,19864.059
423,2021-01-01,2023-12-31,1600-01-01,9999-12-31,lin,1,json,observation_date,asc,512,0,100000,2022-09-29,2023-09-27,2017-07-01,19870.351
424,2021-01-01,2023-12-31,1600-01-01,9999-12-31,lin,1,json,observation_date,asc,512,0,100000,2023-09-28,2023-12-31,2017-07-01,20001.049
425,2021-01-01,2023-12-31,1600-01-01,9999-12-31,lin,1,json,observation_date,asc,512,0,100000,2021-01-01,2021-07-28,2017-10-01,20261.505
426,2021-01-01,2023-12-31,1600-01-01,9999-12-31,lin,1,json,observation_date,asc,512,0,100000,2021-07-29,2022-09-28,2017-10-01,20219.956
427,2021-01-01,2023-12-31,1600-01-01,9999-12-31,lin,1,json,observation_date,asc,512,0,100000,2022-09-29,2023-09-27,2017-10-01,20221.66
428,2021-01-01,2023-12-31,1600-01-01,9999-12-31,lin,1,json,observation_date,asc,512,0,100000,2023-09-28,2023-12-31,2017-10-01,20363.997
429,2021-01-01,2023-12-31,1600-01-01,9999-12-31,lin,1,json,observation_date,asc,512,0,100000,2021-01-01,2021-07-28,2018-01-01,20556.782
430,2021-01-01,2023-12-31,1600-01-01,9999-12-31,lin,1,json,observation_date,asc,512,0,100000,2021-07-29,2022-09-28,2018-01-01,20460.314
431,2021-01-01,2023-12-31,1600-01-01,9999-12-31,lin,1,json,observation_date,asc,512,0,100000,2022-09-29,2023-09-27,2018-01-01,20467.925
432,2021-01-01,2023-12-31,1600-01-01,9999-12-31,lin,1,json,observation_date,asc,512,0,100000,2023-09-28,2023-12-31,2018-01-01,20643.376
433,2021-01-01,2023-12-31,1600-01-01,9999-12-31,lin,1,json,observation_date,asc,512,0,100000,2021-01-01,2021-07-28,2018-04-01,20844.207
434,2021-01-01,2023-12-31,1600-01-01,9999-12-31,lin,1,json,observation_date,asc,512,0,100000,2021-07-29,2022-09-28,2018-04-01,20793.247
435,2021-01-01,2023-12-31,1600-01-01,9999-12-31,lin,1,json,observation_date,asc,512,0,100000,2022-09-29,2023-09-27,2018-04-01,20772.518
436,2021-01-01,2023-12-31,1600-01-01,9999-12-31,lin,1,json,observation_date,asc,512,0,100000,2023-09-28,2023-12-31,2018-04-01,20884.383
437,2021-01-01,2023-12-31,1600-01-01,9999-12-31,lin,1,json,observation_date,asc,512,0,100000,2021-01-01,2021-07-28,2018-07-01,21002.69
438,2021-01-01,2023-12-31,1600-01-01,9999-12-31,lin,1,json,observation_date,asc,512,0,100000,2021-07-29,2022-09-28,2018-07-01,20930.65
439,2021-01-01,2023-12-31,1600-01-01,9999-12-31,lin,1,json,observation_date,asc,512,0,100000,2022-09-29,2023-09-27,2018-07-01,20958.32
440,2021-01-01,2023-12-31,1600-01-01,9999-12-31,lin,1,json,observation_date,asc,512,0,100000,2023-09-28,2023-12-31,2018-07-01,21066.974
441,2021-01-01,2023-12-31,1600-01-01,9999-12-31,lin,1,json,observation_date,asc,512,0,100000,2021-01-01,2021-07-28,2018-10-01,21182.604
442,2021-01-01,2023-12-31,1600-01-01,9999-12-31,lin,1,json,observation_date,asc,512,0,100000,2021-07-29,2022-09-28,2018-10-01,21101.077
443,2021-01-01,2023-12-31,1600-01-01,9999-12-31,lin,1,json,observation_date,asc,512,0,100000,2022-09-29,2023-09-27,2018-10-01,21094.695
444,2021-01-01,2023-12-31,1600-01-01,9999-12-31,lin,1,json,observation_date,asc,512,0,100000,2023-09-28,2023-12-31,2018-10-01,21192.559
445,2021-01-01,2023-12-31,1600-01-01,9999-12-31,lin,1,json,observation_date,asc,512,0,100000,2021-01-01,2021-07-28,2019-01-01,21361.815
446,2021-01-01,2023-12-31,1600-01-01,9999-12-31,lin,1,json,observation_date,asc,512,0,100000,2021-07-29,2022-09-28,2019-01-01,21254.334
447,2021-01-01,2023-12-31,1600-01-01,9999-12-31,lin,1,json,observation_date,asc,512,0,100000,2022-09-29,2023-09-27,2019-01-01,21299.154
448,2021-01-01,2023-12-31,1600-01-01,9999-12-31,lin,1,json,observation_date,asc,512,0,100000,2023-09-28,2023-12-31,2019-01-01,21396.103
449,2021-01-01,2023-12-31,1600-01-01,9999-12-31,lin,1,json,observation_date,asc,512,0,100000,2021-01-01,2021-07-28,2019-04-01,21601.036
450,2021-01-01,2023-12-31,1600-01-01,9999-12-31,lin,1,json,observation_date,asc,512,0,100000,2021-07-29,2022-09-28,2019-04-01,21564.924
451,2021-01-01,2023-12-31,1600-01-01,9999-12-31,lin,1,json,observation_date,asc,512,0,100000,2022-09-29,2023-09-27,2019-04-01,21562.375
452,2021-01-01,2023-12-31,1600-01-01,9999-12-31,lin,1,json,observation_date,asc,512,0,100000,2023-09-28,2023-12-31,2019-04-01,21676.652
453,2021-01-01,2023-12-31,1600-01-01,9999-12-31,lin,1,json,observation_date,asc,512,0,100000,2021-01-01,2021-07-28,2019-07-01,21820.08
454,2021-01-01,2023-12-31,1600-01-01,9999-12-31,lin,1,json,observation_date,asc,512,0,100000,2021-07-29,2022-09-28,2019-07-01,21780.753
455,2021-01-01,2023-12-31,1600-01-01,9999-12-31,lin,1,json,observation_date,asc,512,0,100000,2022-09-29,2023-09-27,2019-07-01,21813.003
456,2021-01-01,2023-12-31,1600-01-01,9999-12-31,lin,1,json,observation_date,asc,512,0,100000,2023-09-28,2023-12-31,2019-07-01,21974.233
457,2021-01-01,2023-12-31,1600-01-01,9999-12-31,lin,1,json,observation_date,asc,512,0,100000,2021-01-01,2021-07-28,2019-10-01,22028.479
458,2021-01-01,2023-12-31,1600-01-01,9999-12-31,lin,1,json,observation_date,asc,512,0,100000,2021-07-29,2022-09-28,2019-10-01,21955.98
459,2021-01-01,2023-12-31,1600-01-01,9999-12-31,lin,1,json,observation_date,asc,512,0,100000,2022-09-29,2023-09-27,2019-10-01,21961.573
460,2021-01-01,2023-12-31,1600-01-01,9999-12-31,lin,1,json,observation_date,asc,512,0,100000,2023-09-28,2023-12-31,2019-10-01,22166.173
461,2021-01-01,2023-12-31,1600-01-01,9999-12-31,lin,1,json,observation_date,asc,512,0,100000,2021-01-01,2021-07-28,2020-01-01,21804.322
462,2021-01-01,2023-12-31,1600-01-01,9999-12-31,lin,1,json,observation_date,asc,512,0,100000,2021-07-29,2022-09-28,2020-01-01,21721.267
463,2021-01-01,2023-12-31,1600-01-01,9999-12-31,lin,1,json,observation_date,asc,512,0,100000,2022-09-29,2023-09-27,2020-01-01,21794.019
464,2021-01-01,2023-12-31,1600-01-01,9999-12-31,lin,1,json,observation_date,asc,512,0,100000,2023-09-28,2023-12-31,2020-01-01,21978.747
465,2021-01-01,2023-12-31,1600-01-01,9999-12-31,lin,1,json,observation_date,asc,512,0,100000,2021-01-01,2021-07-28,2020-04-01,19671.986
466,2021-01-01,2023-12-31,1600-01-01,9999-12-31,lin,1,json,observation_date,asc,512,0,100000,2021-07-29,2022-09-28,2020-04-01,19649.442
467,2021-01-01,2023-12-31,1600-01-01,9999-12-31,lin,1,json,observation_date,asc,512,0,100000,2022-09-29,2023-09-27,2020-04-01,19805.951
468,2021-01-01,2023-12-31,1600-01-01,9999-12-31,lin,1,json,observation_date,asc,512,0,100000,2023-09-28,2023-12-31,2020-04-01,20093.221
469,2021-01-01,2023-12-31,1600-01-01,9999-12-31,lin,1,json,observation_date,asc,512,0,100000,2021-01-01,2021-07-28,2020-07-01,21381.6
470,2021-01-01,2023-12-31,1600-01-01,9999-12-31,lin,1,json,observation_date,asc,512,0,100000,2021-07-29,2022-09-28,2020-07-01,21365.412
471,2021-01-01,2023-12-31,1600-01-01,9999-12-31,lin,1,json,observation_date,asc,512,0,100000,2022-09-29,2023-09-27,2020-07-01,21562.441
472,2021-01-01,2023-12-31,1600-01-01,9999-12-31,lin,1,json,observation_date,asc,512,0,100000,2023-09-28,2023-12-31,2020-07-01,21863.495
473,2021-01-01,2023-12-31,1600-01-01,9999-12-31,lin,1,json,observation_date,asc,512,0,100000,2021-03-25,2021-07-28,2020-10-01,21704.628
474,2021-01-01,2023-12-31,1600-01-01,9999-12-31,lin,1,json,observation_date,asc,512,0,100000,2021-07-29,2022-09-28,2020-10-01,21728.223
475,2021-01-01,2023-12-31,1600-01-01,9999-12-31,lin,1,json,observation_date,asc,512,0,100000,2022-09-29,2023-09-27,2020-10-01,21867.367
476,2021-01-01,2023-12-31,1600-01-01,9999-12-31,lin,1,json,observation_date,asc,512,0,100000,2023-09-28,2023-12-31,2020-10-01,22215.73
477,2021-01-01,2023-12-31,1600-01-01,9999-12-31,lin,1,json,observation_date,asc,512,0,100000,2021-05-27,2021-06-23,2021-01-01,22250.537
478,2021-01-01,2023-12-31,1600-01-01,9999-12-31,lin,1,json,observation_date,asc,512,0,100000,2021-06-24,2021-07-28,2021-01-01,22255.652
479,2021-01-01,2023-12-31,1600-01-01,9999-12-31,lin,1,json,observation_date,asc,512,0,100000,2021-07-29,2022-09-28,2021-01-01,22273.06
480,2021-01-01,2023-12-31,1600-01-01,9999-12-31,lin,1,json,observation_date,asc,512,0,100000,2022-09-29,2023-09-27,2021-01-01,22511.17
481,2021-01-01,2023-12-31,1600-01-01,9999-12-31,lin,1,json,observation_date,asc,512,0,100000,2023-09-28,2023-12-31,2021-01-01,22830.68
482,2021-01-01,2023-12-31,1600-01-01,9999-12-31,lin,1,json,observation_date,asc,512,0,100000,2021-08-26,2021-09-29,2021-04-01,22976.811
483,2021-01-01,2023-12-31,1600-01-01,9999-12-31,lin,1,json,observation_date,asc,512,0,100000,2021-09-30,2022-09-28,2021-04-01,22971.357
484,2021-01-01,2023-12-31,1600-01-01,9999-12-31,lin,1,json,observation_date,asc,512,0,100000,2022-09-29,2023-09-27,2021-04-01,23192.674
485,2021-01-01,2023-12-31,1600-01-01,9999-12-31,lin,1,json,observation_date,asc,512,0,100000,2023-09-28,2023-12-31,2021-04-01,23462.829
486,2021-01-01,2023-12-31,1600-01-01,9999-12-31,lin,1,json,observation_date,asc,512,0,100000,2021-11-24,2021-12-21,2021-07-01,23435.304
487,2021-01-01,2023-12-31,1600-01-01,9999-12-31,lin,1,json,observation_date,asc,512,0,100000,2021-12-22,2022-09-28,2021-07-01,23470.015
488,2021-01-01,2023-12-31,1600-01-01,9999-12-31,lin,1,json,observation_date,asc,512,0,100000,2022-09-29,2023-09-27,2021-07-01,23718.255
489,2021-01-01,2023-12-31,1600-01-01,9999-12-31,lin,1,json,observation_date,asc,512,0,100000,2023-09-28,2023-12-31,2021-07-01,23990.066
490,2021-01-01,2023-12-31,1600-01-01,9999-12-31,lin,1,json,observation_date,asc,512,0,100000,2022-03-30,2022-09-28,2021-10-01,24279.715
491,2021-01-01,2023-12-31,1600-01-01,9999-12-31,lin,1,json,observation_date,asc,512,0,100000,2022-09-29,2023-09-27,2021-10-01,24530.587
492,2021-01-01,2023-12-31,1600-01-01,9999-12-31,lin,1,json,observation_date,asc,512,0,100000,2023-09-28,2023-12-31,2021-10-01,24826.655
493,2021-01-01,2023-12-31,1600-01-01,9999-12-31,lin,1,json,observation_date,asc,512,0,100000,2022-05-26,2022-06-28,2022-01-01,24629.607
494,2021-01-01,2023-12-31,1600-01-01,9999-12-31,lin,1,json,observation_date,asc,512,0,100000,2022-06-29,2022-09-28,2022-01-01,24649.182
495,2021-01-01,2023-12-31,1600-01-01,9999-12-31,lin,1,json,observation_date,asc,512,0,100000,2022-09-29,2023-09-27,2022-01-01,24929.184
496,2021-01-01,2023-12-31,1600-01-01,9999-12-31,lin,1,json,observation_date,asc,512,0,100000,2023-09-28,2023-12-31,2022-01-01,25177.759
497,2021-01-01,2023-12-31,1600-01-01,9999-12-31,lin,1,json,observation_date,asc,512,0,100000,2022-08-25,2022-09-28,2022-04-01,25165.541
498,2021-01-01,2023-12-31,1600-01-01,9999-12-31,lin,1,json,observation_date,asc,512,0,100000,2022-09-29,2023-09-27,2022-04-01,25456.409
499,2021-01-01,2023-12-31,1600-01-01,9999-12-31,lin,1,json,observation_date,asc,512,0,100000,2023-09-28,2023-12-31,2022-04-01,25746.281
500,2021-01-01,2023-12-31,1600-01-01,9999-12-31,lin,1,json,observation_date,asc,512,0,100000,2022-11-30,2022-12-21,2022-07-01,25868.488
501,2021-01-01,2023-12-31,1600-01-01,9999-12-31,lin,1,json,observation_date,asc,512,0,100000,2022-12-22,2023-09-27,2022-07-01,25885.432
502,2021-01-01,2023-12-31,1600-01-01,9999-12-31,lin,1,json,observation_date,asc,512,0,100000,2023-09-28,2023-12-31,2022-07-01,26185.893
503,2021-01-01,2023-12-31,1600-01-01,9999-12-31,lin,1,json,observation_date,asc,512,0,100000,2023-03-30,2023-09-27,2022-10-01,26289.489
504,2021-01-01,2023-12-31,1600-01-01,9999-12-31,lin,1,json,observation_date,asc,512,0,100000,2023-09-28,2023-12-31,2022-10-01,26593.998
505,2021-01-01,2023-12-31,1600-01-01,9999-12-31,lin,1,json,observation_date,asc,512,0,100000,2023-05-25,2023-06-28,2023-01-01,26592.668
506,2021-01-01,2023-12-31,1600-01-01,9999-12-31,lin,1,json,observation_date,asc,512,0,100000,2023-06-29,2023-09-27,2023-01-01,26654.007
507,2021-01-01,2023-12-31,1600-01-01,9999-12-31,lin,1,json,observation_date,asc,512,0,100000,2023-09-28,2023-12-31,2023-01-01,26972.528
508,2021-01-01,2023-12-31,1600-01-01,9999-12-31,lin,1,json,observation_date,asc,512,0,100000,2023-08-30,2023-09-27,2023-04-01,26937.582
509,2021-01-01,2023-12-31,1600-01-01,9999-12-31,lin,1,json,observation_date,asc,512,0,100000,2023-09-28,2023-12-31,2023-04-01,27236.1
510,2021-01-01,2023-12-31,1600-01-01,9999-12-31,lin,1,json,observation_date,asc,512,0,100000,2023-11-29,2023-12-20,2023-07-01,27812.417
511,2021-01-01,2023-12-31,1600-01-01,9999-12-31,lin,1,json,observation_date,asc,512,0,100000,2023-12-21,2023-12-31,2023-07-01,27774.189
